"","Ro2020s021","Ro2020s035","Ro2020s001","Ro2020s003","Ro2020s022","Ro2020s028","Ro2020s012","Ro2020s002","Ro2020s008","Ro2020s026","Ro2020s024","Ro2020s037","Ro2020s016","Ro2020s004","Ro2020s019","Ro2020s029","Ro2020s031","Ro2020s027","Ro2020s009","Ro2020s039","Ro2020s010","Ro2020s030","Ro2020s013","Ro2020s020","Ro2020s007","Ro2020s017","Ro2020s014","Ro2020s023","Ro2020s015","Ro2020s033","Ro2020s025","Ro2020s038","Ro2020s011","Ro2020s018","Ro2020s006","Ro2020s005","Ro2020s036","Ro2020s032","Ro2020s034","taxonomy"
"05328cb3a4c2a447beb7a4910814e630",0,0,0,0,0,0,0,0,0,0,1,1,0,0,0,0,0,0,0,0,0,0,0,0,0,0,0,0,0,6,1,0,0,0,0,2,0,0,0,"D_0__Bacteria; D_1__Firmicutes; D_2__Clostridia; D_3__Clostridiales; D_4__Peptococcaceae; D_5__uncultured; D_6__uncultured bacterium"
"b773a450060d0eb6d4229ef9e475bee2",0,0,0,0,0,0,0,0,13,0,0,0,0,0,0,0,0,1,10,2,4,1,5,0,4,4,1,0,11,0,0,0,7,0,0,0,0,0,0,"D_0__Bacteria; D_1__Cloacimonetes; D_2__Cloacimonadia; D_3__Cloacimonadales"
"7da987f6971a0b613c81a7d3c2dc94c4",0,0,2,0,0,0,0,0,0,3,0,0,2,2,0,2,0,5,2,0,0,0,2,2,0,0,0,0,0,0,0,0,0,0,0,2,0,0,0,"D_0__Bacteria; D_1__Lentisphaerae; D_2__Oligosphaeria; D_3__Oligosphaerales; D_4__Lenti-02; D_5__uncultured bacterium; D_6__uncultured bacterium"
"d5f63f20fd155751b4dacf52e68c0726",16,0,3,0,0,2,0,0,0,0,0,0,3,0,0,10,0,10,0,0,0,0,0,14,0,0,0,0,0,2,0,3,0,0,0,0,0,0,0,"D_0__Bacteria; D_1__Planctomycetes; D_2__Phycisphaerae; D_3__MSBL9; D_4__4572-13; D_5__uncultured organism; D_6__uncultured organism"
"2c5f134b775dabd9ef729f0b21e718db",16,0,0,0,0,0,0,0,0,0,0,0,2,0,0,0,0,0,0,0,0,0,0,0,0,0,0,0,0,0,1,0,0,0,0,0,0,0,0,"D_0__Bacteria; D_1__Firmicutes; D_2__Clostridia; D_3__Clostridiales; D_4__Peptococcaceae; D_5__uncultured; D_6__uncultured bacterium"
"d1ea0379253cd45b416d99d019dddc12",0,0,1,3,2,7,2,4,32,2,0,0,0,0,0,9,23,0,23,9,7,21,7,2,21,4,11,0,27,28,0,12,13,0,0,0,0,31,0,"D_0__Bacteria; D_1__Synergistetes; D_2__Synergistia; D_3__Synergistales; D_4__Synergistaceae; D_5__Thermovirga"
"8da3e3f754451053fd62cc15b104a1c1",6,0,0,0,0,0,0,0,0,0,0,0,0,0,0,0,0,0,0,0,0,0,0,7,0,0,0,0,0,0,0,0,0,0,0,3,0,0,0,"D_0__Bacteria; D_1__Firmicutes; D_2__Clostridia; D_3__Clostridiales; D_4__Christensenellaceae; D_5__uncultured"
"241139aef330f1dddb8a6612d9711f39",3,0,3,0,0,0,0,0,0,0,0,0,0,0,2,0,0,0,0,0,0,0,0,0,0,0,0,2,0,0,0,0,0,0,0,7,0,0,0,"D_0__Bacteria; D_1__Planctomycetes; D_2__Phycisphaerae; D_3__Phycisphaerales; D_4__AKAU3564 sediment group; D_5__uncultured organism; D_6__uncultured organism"
"8f8fb193c72db2aa3ec4a726636ec58c",501,0,0,2,154,488,27,0,22,371,499,0,160,0,164,674,0,165,65,0,49,0,74,639,21,37,24,113,53,0,433,2,34,170,31,75,2,0,2,"D_0__Bacteria; D_1__Bacteroidetes; D_2__Bacteroidia; D_3__Bacteroidales; D_4__Prolixibacteraceae; D_5__uncultured; D_6__benzene mineralizing consortium clone SB-1"
"5d869983a8e556f8b9fa7ffc1b7fb74e",1,0,0,0,0,0,0,0,0,3,0,0,0,0,0,0,0,2,3,0,0,0,0,10,0,0,0,0,3,0,0,0,0,0,0,0,0,0,0,"D_0__Bacteria; D_1__Firmicutes; D_2__Clostridia; D_3__Clostridiales; D_4__Ruminococcaceae"
"3fe444c3d27008ac446b2de07cfce3d9",0,0,0,0,0,0,0,0,0,0,0,0,0,0,5,6,0,0,0,0,0,0,0,0,0,0,0,0,0,0,0,0,0,0,0,0,0,0,0,"D_0__Bacteria; D_1__Firmicutes; D_2__Clostridia; D_3__Clostridiales; D_4__Clostridiaceae 1; D_5__Clostridium sensu stricto 13"
"5016846aa43da9d0550c1942077b7091",3,0,0,0,0,0,0,0,0,0,0,0,2,0,2,0,0,0,0,0,0,0,0,2,0,0,0,0,0,0,0,0,0,2,0,0,0,0,0,"D_0__Bacteria; D_1__Planctomycetes; D_2__Phycisphaerae; D_3__Pla1 lineage; D_4__uncultured bacterium; D_5__uncultured bacterium; D_6__uncultured bacterium"
"1500bee3caa31f0bbfa0518919123b94",0,0,0,0,0,2,0,0,0,0,6,0,4,0,2,2,0,0,0,0,0,0,0,0,0,0,0,0,0,0,0,0,0,0,0,0,0,0,0,"D_0__Bacteria; D_1__Firmicutes; D_2__Clostridia; D_3__Clostridiales; D_4__Peptococcaceae; D_5__Dehalobacterium; D_6__uncultured bacterium"
"68ec6891d61326e23ce6e107f6b60a52",0,0,10,0,0,0,0,0,0,2,0,0,0,7,0,0,0,0,0,0,0,0,0,0,0,0,0,0,0,0,0,0,0,0,2,2,0,0,0,"D_0__Bacteria; D_1__Planctomycetes; D_2__Phycisphaerae; D_3__Phycisphaerales; D_4__AKAU3564 sediment group; D_5__uncultured bacterium; D_6__uncultured bacterium"
"2c0d685588a97dbee56b3eaebe0c3717",30,0,0,0,36,30,4,0,0,15,17,0,34,0,25,24,2,30,4,2,3,0,4,36,0,0,0,14,0,0,5,0,2,24,18,22,0,0,0,"D_0__Bacteria; D_1__Planctomycetes; D_2__Phycisphaerae; D_3__MSBL9; D_4__4572-13; D_5__uncultured organism; D_6__uncultured organism"
"edd82c95d094a88d1b1ac58ad90ea86b",3,0,2,0,0,0,20,0,7,2,0,0,4,0,2,13,0,10,22,0,21,0,19,0,7,11,14,1,15,0,0,0,23,2,0,1,0,0,0,"D_0__Bacteria; D_1__Bacteroidetes; D_2__Bacteroidia; D_3__Bacteroidales; D_4__Prolixibacteraceae; D_5__uncultured; D_6__uncultured bacterium"
"dafece401ef0fe7ff5a5b67e60962df4",0,0,0,0,0,0,3,0,3,0,0,0,0,0,0,0,0,0,7,0,4,0,3,0,0,2,0,0,0,0,0,0,2,0,0,2,0,0,0,"D_0__Bacteria; D_1__Firmicutes; D_2__Erysipelotrichia; D_3__Erysipelotrichales; D_4__Erysipelotrichaceae; D_5__Erysipelothrix; D_6__uncultured bacterium"
"4e7bdafc4d756e983259d206fb27259c",0,0,0,0,0,0,0,0,0,0,1,0,0,0,2,7,0,0,0,0,0,0,0,0,0,0,0,0,0,0,0,0,0,0,0,0,0,0,0,"D_0__Bacteria; D_1__Firmicutes; D_2__Clostridia; D_3__Clostridiales; D_4__Peptococcaceae; D_5__Desulfotomaculum; D_6__Desulfotomaculum intricatum"
"d83d10e7b3bf6e3c4aa5e2fce5a39965",0,0,0,0,0,0,0,0,0,0,0,0,0,0,0,0,3,0,0,0,0,7,0,0,0,0,0,0,0,9,0,0,0,0,0,0,0,4,0,"D_0__Bacteria; D_1__Firmicutes; D_2__Clostridia; D_3__Clostridiales; D_4__Peptococcaceae; D_5__uncultured"
"2b67d3d351e6191a2b1b5cee00786133",0,0,0,0,20,25,0,2,2,21,3,0,1,1,0,42,0,0,3,0,3,0,0,0,0,0,0,12,2,0,8,3,6,0,0,0,0,0,0,"D_0__Bacteria; D_1__Planctomycetes; D_2__Phycisphaerae; D_3__MSBL9; D_4__SG8-4; D_5__bacterium enrichment culture clone AOM-SR-B13; D_6__bacterium enrichment culture clone AOM-SR-B13"
"6067e813229716c37a61cb0e795a82e3",6,0,0,0,0,73,2,0,0,48,2,0,2,0,0,26,0,2,0,0,2,0,4,6,3,2,0,0,8,0,2,0,0,5,3,4,0,0,0,"D_0__Bacteria; D_1__Bacteroidetes; D_2__Bacteroidia; D_3__Bacteroidales; D_4__Marinilabiliaceae; D_5__Marinilabilia; D_6__Marinilabilia nitratireducens"
"307b05b92c96e69f43846c5eb66abec3",8,0,0,0,0,0,15,0,2,0,0,0,0,0,0,13,0,11,15,2,16,0,20,5,0,16,2,0,14,0,0,2,16,0,7,10,0,0,0,"D_0__Bacteria; D_1__Bacteroidetes; D_2__Bacteroidia; D_3__Bacteroidales; D_4__Prolixibacteraceae; D_5__uncultured; D_6__benzene mineralizing consortium clone SB-1"
"805ad4e6b26e10c70fd65786a67b688a",0,0,0,0,0,0,0,0,7,0,0,0,0,0,0,1,0,0,2,0,0,0,0,0,1,0,0,2,2,0,0,0,2,0,0,2,0,0,0,"D_0__Bacteria; D_1__Firmicutes; D_2__Clostridia; D_3__Clostridiales; D_4__Ruminococcaceae; D_5__Ercella; D_6__uncultured bacterium SHA-33"
"1a3a2e681b2d8d7856d2e7d13d33fddf",0,0,0,0,0,0,0,0,0,4,3,0,0,0,0,0,0,0,0,0,0,0,0,0,0,0,0,4,0,2,0,0,0,0,0,0,0,0,0,"D_0__Bacteria; D_1__Firmicutes; D_2__Clostridia; D_3__Clostridiales; D_4__Family XII"
"a3c346159acddce86bee33e0ef9c7cad",0,0,0,0,0,0,0,0,0,0,4,0,0,0,0,0,0,0,0,0,0,0,0,4,0,0,0,3,0,0,0,0,0,0,0,0,0,0,0,"D_0__Bacteria; D_1__Bacteroidetes; D_2__Bacteroidia; D_3__Bacteroidales; D_4__Prolixibacteraceae; D_5__uncultured; D_6__benzene mineralizing consortium clone SB-1"
"c55724e95990a10d08b6e756353758ff",2,0,0,0,0,33,5,0,2,22,0,0,15,0,18,26,0,12,5,27,3,0,4,5,2,2,0,0,0,0,0,39,2,18,6,2,0,0,0,"D_0__Bacteria; D_1__Proteobacteria; D_2__Deltaproteobacteria; D_3__Desulfuromonadales; D_4__Desulfuromonadaceae; D_5__Desulfuromusa"
"fbc44c3388e3ff29e0b0b1eda42ce827",2,0,5,5,5,6,9,2,26,3,0,2,6,0,0,6,85,3,12,3,3,92,16,7,15,6,3,0,5,104,0,5,10,2,0,0,4,72,0,"D_0__Bacteria; D_1__Synergistetes; D_2__Synergistia; D_3__Synergistales; D_4__Synergistaceae; D_5__Thermovirga; D_6__uncultured bacterium"
"70f9e7401f68b2ae207c79a7ee33e269",3,0,0,3,0,0,0,2,2,0,5,0,8,2,4,0,0,4,0,0,7,0,0,4,0,0,0,0,0,0,5,0,0,3,10,6,0,0,0,"D_0__Bacteria; D_1__Armatimonadetes; D_2__uncultured"
"45096c099428e363e96bbea0462e05ee",6,0,0,0,0,4,23,0,0,7,0,0,6,0,2,22,0,7,21,0,19,0,34,5,5,26,14,4,18,0,0,3,38,13,8,13,0,0,0,"D_0__Bacteria; D_1__Bacteroidetes; D_2__Bacteroidia; D_3__Bacteroidales; D_4__Prolixibacteraceae; D_5__uncultured"
"6ec00b1258d734ebaef480189b01ffcf",0,0,1,3,3,0,0,1,0,0,0,0,0,0,0,0,1,0,0,0,0,0,0,2,0,0,0,0,0,0,0,0,0,0,0,2,0,0,0,"D_0__Bacteria; D_1__Chloroflexi; D_2__Anaerolineae; D_3__SBR1031; D_4__uncultured bacterium; D_5__uncultured bacterium; D_6__uncultured bacterium"
"516272113e183ef823ea2cc6549e4ae3",0,0,8,0,5,0,0,0,0,0,0,0,0,0,0,0,0,0,0,0,0,0,0,0,0,0,0,0,0,0,0,0,0,0,0,0,0,0,1,"D_0__Bacteria; D_1__Proteobacteria; D_2__Deltaproteobacteria; D_3__SAR324 clade(Marine group B); D_4__uncultured bacterium zdt-33i5; D_5__uncultured bacterium zdt-33i5; D_6__uncultured bacterium zdt-33i5"
"87d3232fe51bfbc8d4fded7a33a471c8",0,0,5,0,2,6,2,0,0,0,0,0,3,0,0,0,0,0,12,0,6,0,4,0,0,5,0,0,5,0,0,0,6,0,0,0,0,0,0,"D_0__Bacteria; D_1__Kiritimatiellaeota; D_2__Kiritimatiellae; D_3__WCHB1-41; D_4__uncultured organism; D_5__uncultured organism; D_6__uncultured organism"
"d45bacf3a88ba9125211f6eb3fd17160",0,0,0,0,0,0,0,0,0,0,0,0,0,0,4,0,0,0,0,0,2,0,2,0,2,0,0,0,2,0,0,0,2,0,0,0,0,0,0,"D_0__Bacteria; D_1__Bacteroidetes; D_2__Bacteroidia; D_3__Bacteroidales; D_4__SB-5; D_5__uncultured organism; D_6__uncultured organism"
"ad1e992196d7aa1572afcfc997e44d19",8,0,0,0,0,4,0,0,0,1,3,0,2,0,0,12,0,5,0,0,0,0,0,14,0,0,0,0,0,2,3,0,0,0,0,0,0,0,0,"D_0__Bacteria; D_1__Firmicutes; D_2__Clostridia; D_3__Clostridiales; D_4__Peptococcaceae; D_5__uncultured; D_6__uncultured bacterium"
"449ba5463f4f6c68a2d4ba6d882febfd",0,0,0,0,7,0,0,0,0,0,0,0,0,0,0,6,0,0,0,0,0,0,0,0,0,0,0,0,0,0,0,0,0,0,0,0,0,0,0,"D_0__Bacteria; D_1__Actinobacteria; D_2__Actinobacteria; D_3__Micrococcales; D_4__Micrococcaceae; D_5__Micrococcus"
"c41239c465fb102580caefcc5e7c7595",16,0,0,0,0,0,0,0,0,0,0,0,1,0,0,0,0,0,0,0,0,0,0,11,0,0,0,0,0,0,0,0,0,0,0,0,0,0,0,"D_0__Bacteria; D_1__Bacteroidetes; D_2__Bacteroidia; D_3__Bacteroidales; D_4__Prolixibacteraceae; D_5__uncultured; D_6__benzene mineralizing consortium clone SB-1"
"d44279660a96f257489bc45a7e75aebb",1,0,0,0,0,0,0,0,0,0,0,0,6,0,0,0,0,2,0,0,2,0,0,1,3,2,0,0,2,0,0,0,0,0,0,0,0,0,0,"D_0__Bacteria; D_1__Firmicutes; D_2__Clostridia; D_3__Clostridiales; D_4__Ruminococcaceae; D_5__Ercella; D_6__uncultured bacterium"
"96fd9ff4bc3f120e888e0f07905db3f0",0,0,0,0,0,0,2,0,0,0,0,0,0,0,0,0,0,5,2,0,0,0,0,0,7,0,0,0,5,6,0,0,0,0,3,0,0,0,0,"D_0__Bacteria; D_1__Chloroflexi; D_2__Anaerolineae; D_3__Anaerolineales; D_4__Anaerolineaceae; D_5__uncultured; D_6__uncultured Chloroflexi bacterium"
"17a347b7df46e50c7fa47df108115025",2,0,0,0,0,0,0,0,0,0,0,0,2,0,2,0,0,1,0,0,0,0,0,0,0,0,0,0,0,0,0,0,0,3,0,0,0,0,0,"D_0__Bacteria; D_1__Spirochaetes; D_2__Spirochaetia; D_3__Spirochaetales; D_4__Spirochaetaceae; D_5__Alkalispirochaeta; D_6__uncultured organism"
"fd3216a80358980e430e89aae5e7c801",0,0,0,0,0,1,2,0,0,0,0,0,0,0,0,0,0,0,0,0,0,0,0,0,0,5,1,0,2,0,0,0,0,0,0,0,0,0,0,"D_0__Bacteria; D_1__Atribacteria; D_2__JS1; D_3__uncultured bacterium; D_4__uncultured bacterium; D_5__uncultured bacterium; D_6__uncultured bacterium"
"5e466727a19d63b17b200ff7497e8f1d",0,0,0,0,0,5,0,0,0,0,0,0,3,0,0,4,0,4,0,0,0,0,0,0,0,0,0,0,0,2,3,0,0,9,2,2,0,2,0,"D_0__Bacteria; D_1__Actinobacteria; D_2__WCHB1-81; Ambiguous_taxa; Ambiguous_taxa; Ambiguous_taxa; Ambiguous_taxa"
"5503114bccc7bc6b94096e089ad88d8f",0,0,0,0,0,0,0,0,0,0,9,0,0,0,0,2,0,3,0,0,0,0,0,0,0,0,0,0,0,0,7,0,0,0,0,0,0,0,0,"D_0__Bacteria; D_1__Firmicutes; D_2__Limnochordia; D_3__Limnochordales; D_4__uncultured; D_5__uncultured bacterium; D_6__uncultured bacterium"
"220da84ece8e82623e61613dc77dfdb3",0,0,2,0,0,0,2,0,2,2,0,0,4,0,0,0,0,4,4,0,5,0,6,3,3,0,0,0,5,0,0,0,4,0,0,0,0,0,0,"D_0__Bacteria; D_1__Spirochaetes; D_2__Spirochaetia; D_3__Spirochaetales; D_4__Spirochaetaceae; D_5__Sediminispirochaeta"
"6f919d827d43c05b6d9fe72c36219fed",0,0,2,0,0,7,21,0,58,7,0,0,3,0,2,8,0,5,20,40,35,0,46,0,37,16,16,0,41,0,2,52,43,6,6,0,0,0,0,"D_0__Bacteria; D_1__Proteobacteria; D_2__Deltaproteobacteria; D_3__Desulfobacterales; D_4__Desulfobacteraceae; D_5__Desulfococcus"
"52702f00e2df05cd3ea1a6926effb98e",73,3,31,9,1189,146,10,12,3,84,403,0,58,11,80,72,16,40,10,0,2,17,7,107,4,6,0,711,6,28,406,0,6,85,51,62,10,35,12,"D_0__Bacteria; D_1__Firmicutes; D_2__Clostridia; D_3__Clostridiales; D_4__Clostridiaceae 3; D_5__Brassicibacter; D_6__uncultured Firmicutes bacterium"
"ff4da3218b64954568234f633a645fdf",76,0,14,18,5,16,16,5,12,0,44,0,36,31,63,33,0,8,34,0,24,0,12,71,10,10,2,0,25,2,49,0,12,54,12,33,0,3,0,"D_0__Bacteria; D_1__Firmicutes; D_2__Clostridia; D_3__Clostridiales; D_4__Clostridiaceae 1; D_5__Proteiniclasticum; Ambiguous_taxa"
"9387debc0181feaf736b034c6f649a6b",15,0,2,0,0,6,0,0,0,3,2,0,7,2,14,0,0,3,0,0,0,0,0,9,0,0,0,0,0,0,0,0,0,27,7,8,0,0,0,"D_0__Bacteria; D_1__Planctomycetes; D_2__Phycisphaerae; D_3__MSBL9; D_4__SM23-30; D_5__uncultured bacterium; D_6__uncultured bacterium"
"81ca475020b15a4a912f5be633cd2e65",0,0,0,0,0,0,0,0,0,0,0,0,0,0,0,0,0,0,0,6,0,0,0,0,0,0,0,0,0,0,0,15,0,0,0,0,0,0,0,"D_0__Bacteria; D_1__Proteobacteria"
"b3ac93c0af919caa63c37aaabc0d50b7",0,0,0,0,7,5,0,0,0,2,3,0,3,0,2,0,0,5,0,0,0,0,0,0,0,0,0,0,0,0,0,0,0,0,0,0,0,0,0,"D_0__Bacteria; D_1__Bacteroidetes; D_2__Bacteroidia; D_3__Bacteroidales; D_4__Marinilabiliaceae"
"d06f026f67fd7148a352f83a56fd9279",20,0,0,0,2,0,0,0,1,0,1,0,2,3,0,0,0,14,0,0,0,0,0,21,0,0,0,0,0,0,2,0,2,16,0,0,0,0,0,"D_0__Bacteria; D_1__Firmicutes; D_2__Clostridia; D_3__Clostridiales; D_4__Defluviitaleaceae; D_5__Defluviitaleaceae UCG-011"
"b86a75df482f0fc6da75c20d1c434a62",0,0,25,7,0,0,0,3,5,0,0,0,0,16,0,0,479,0,4,3,5,694,0,0,5,2,0,0,2,1106,0,0,0,0,3,0,0,783,0,"D_0__Bacteria; D_1__Chloroflexi; D_2__Anaerolineae; D_3__Anaerolineales; D_4__Anaerolineaceae; D_5__Pelolinea; D_6__bacterium enrichment culture clone E33"
"bc0efbdf78e9cd0b2ce7ce4179f3a62d",51,0,49,28,53,44,11,13,11,19,11,2,94,40,124,42,14,87,9,0,14,21,12,71,19,7,2,18,12,32,15,0,19,115,47,83,0,52,3,"D_0__Bacteria; D_1__Firmicutes; D_2__Clostridia; D_3__Clostridiales; D_4__Eubacteriaceae; D_5__Alkalibacter; Ambiguous_taxa"
"47a37c93741c4411e46de741901ef775",9,0,0,0,0,0,0,0,0,0,0,0,0,0,0,0,0,0,0,0,0,0,0,1,0,0,0,0,0,0,0,0,0,0,0,0,0,0,0,"D_0__Bacteria; D_1__Firmicutes; D_2__Clostridia; D_3__Clostridiales; D_4__Peptococcaceae; D_5__uncultured; D_6__uncultured bacterium"
"92f603093fa8a5d3f2f06d96e2114e74",2,0,0,0,0,2,0,0,0,0,1,0,0,0,0,5,0,0,0,0,0,0,0,7,0,0,0,0,0,0,0,0,0,0,0,0,0,0,0,"D_0__Bacteria; D_1__Firmicutes; D_2__Clostridia; D_3__Clostridiales; D_4__Peptococcaceae; D_5__uncultured; D_6__uncultured bacterium"
"e25240e69b06d716862c7a1d72994a1c",0,0,0,0,0,0,0,0,0,0,0,0,8,0,0,0,0,0,0,0,0,0,0,3,0,0,0,0,0,0,0,0,0,0,0,0,0,0,0,"D_0__Bacteria; D_1__Bacteroidetes; D_2__Bacteroidia; D_3__Bacteroidales; D_4__Bacteroidetes BD2-2"
"53176801f1fd3980f89c4d65959c5e22",0,0,42,0,89,10,10,16,0,3,10,0,17,0,20,17,0,8,21,5,18,0,16,5,5,0,2,51,19,0,6,7,14,47,15,7,0,0,0,"D_0__Bacteria; D_1__Proteobacteria; D_2__Deltaproteobacteria; D_3__Desulfobacterales; D_4__Desulfobacteraceae; D_5__uncultured; D_6__bacterium enrichment culture clone Oil_10"
"ecfd58796d8b679e7f6c3a1cd0df8171",0,0,0,0,0,9,0,0,0,1,0,0,0,0,0,0,0,0,0,0,0,0,0,0,0,0,0,0,0,0,0,0,0,0,0,0,0,0,0,"D_0__Bacteria; D_1__Firmicutes; D_2__Clostridia; D_3__Clostridiales; D_4__Clostridiaceae 1; D_5__Clostridium sensu stricto 13; D_6__uncultured bacterium"
"c71d661fb75f506fb09378fe7d9392ed",0,0,0,0,8,0,0,0,0,0,4,0,0,0,0,3,0,0,0,0,0,0,0,4,0,0,0,0,0,0,0,0,0,0,3,0,0,0,0,"D_0__Bacteria; D_1__Firmicutes; D_2__Clostridia; D_3__Clostridiales; D_4__Christensenellaceae; D_5__uncultured"
"6139125f0ef98ddf6783477df88cb315",0,0,0,0,0,0,2,0,0,0,0,0,0,0,0,0,0,0,0,0,1,0,1,0,0,0,2,0,5,0,0,0,3,0,0,0,0,0,0,"D_0__Bacteria; D_1__Firmicutes; D_2__Clostridia; D_3__Clostridiales; D_4__Clostridiales Incertae Sedis; D_5__Dethiosulfatibacter; D_6__uncultured organism"
"4dda840791a22a76631a4fa2e9821213",2,0,5,0,0,7,4,0,7,0,0,0,0,0,0,21,0,10,10,0,32,0,7,0,0,2,16,11,11,0,0,1,20,7,3,0,0,0,0,"D_0__Bacteria; D_1__Bacteroidetes; D_2__Bacteroidia; D_3__Bacteroidales; D_4__Prolixibacteraceae; D_5__uncultured; D_6__uncultured bacterium"
"cda1465040a78df5867f36fe2fa13063",0,0,0,0,0,0,0,0,0,0,2,0,0,0,0,5,0,0,0,0,0,0,0,0,0,0,0,4,0,0,5,0,0,0,0,0,0,0,0,"D_0__Bacteria; D_1__Firmicutes; D_2__Clostridia; D_3__Clostridiales; D_4__Peptococcaceae; D_5__Desulfotomaculum; D_6__Desulfotomaculum intricatum"
"612ae4df83ecc051f21ec0800ac803c1",7,0,0,0,0,0,0,0,0,35,11,0,0,0,0,0,0,0,0,0,0,0,0,0,0,0,0,17,0,0,6,0,0,0,0,0,0,0,0,"D_0__Bacteria; D_1__Proteobacteria; D_2__Deltaproteobacteria; D_3__Desulfobacterales; D_4__Desulfobulbaceae; D_5__[Desulfobacterium] catecholicum group"
"b61b3c347ddf246e57828da3d8daf201",0,0,3,2,0,4,4,0,7,0,0,0,5,2,5,3,10,0,3,0,6,21,4,6,4,0,0,0,5,23,0,0,4,1,0,7,0,8,0,"D_0__Bacteria; D_1__Synergistetes; D_2__Synergistia; D_3__Synergistales; D_4__Synergistaceae; D_5__Thermovirga; D_6__uncultured Synergistaceae bacterium"
"0e773650949177d101ac265d3fe7913a",4,0,0,0,0,11,0,0,0,4,0,0,0,0,0,0,0,0,0,0,0,0,0,2,0,0,0,2,0,0,0,0,0,0,0,0,0,0,0,"D_0__Bacteria; D_1__Planctomycetes; D_2__Phycisphaerae; D_3__Phycisphaerales; D_4__AKAU3564 sediment group; D_5__uncultured organism; D_6__uncultured organism"
"5eeb6423edc50838aeafe8b0d5d89486",0,0,0,0,0,0,0,0,0,0,0,0,0,0,0,0,12,0,0,0,0,18,0,0,0,0,0,0,0,0,0,0,0,0,0,0,0,0,0,"D_0__Bacteria; D_1__Firmicutes; D_2__Clostridia; D_3__Clostridiales"
"7dbd40fbd7c12da0fa42de1be2e2b307",21,0,2,0,4,3,3,0,6,5,10,0,5,0,2,3,0,4,2,0,3,0,1,37,0,2,0,2,0,2,12,0,5,10,2,4,0,2,0,"D_0__Bacteria; D_1__Firmicutes; D_2__Clostridia; D_3__Clostridiales; D_4__Ruminococcaceae; D_5__uncultured"
"d68b4788a741d66f8c43a4e8f6e53961",0,0,0,0,0,0,4,0,2,0,0,0,11,0,31,0,0,25,5,0,3,0,8,0,1,5,0,0,8,0,5,0,0,49,0,27,0,0,0,"D_0__Bacteria; D_1__Bacteroidetes; D_2__Bacteroidia; D_3__Bacteroidales; D_4__Prolixibacteraceae; D_5__Sunxiuqinia; D_6__uncultured Sunxiuqinia sp."
"7882f5c01c26e9ca64af4ec957c0d370",14,2,0,0,0,12,0,0,10,5,5,7,17,0,29,0,2,19,2,38,3,3,3,17,11,0,0,3,0,3,3,52,0,17,4,19,8,0,3,"D_0__Bacteria; D_1__LCP-89; D_2__uncultured bacterium; D_3__uncultured bacterium; D_4__uncultured bacterium; D_5__uncultured bacterium; D_6__uncultured bacterium"
"ed8a065fdaecf8f08b7cd2794b3e23a4",0,0,0,0,0,0,0,0,0,0,0,0,0,0,0,9,0,0,2,0,0,0,2,0,0,0,0,0,5,0,0,0,0,5,4,0,0,0,0,"D_0__Bacteria; D_1__Firmicutes; D_2__Clostridia; D_3__Clostridiales"
"6d906d9cb6bddc80df9d5f4fb0a2128f",68,0,48,31,9,32,4,8,7,22,84,0,73,36,103,12,0,54,13,0,7,0,6,73,5,6,0,7,0,5,54,0,14,89,43,45,0,2,0,"D_0__Bacteria; D_1__Planctomycetes; D_2__Planctomycetacia; D_3__Pirellulales; D_4__Pirellulaceae; D_5__uncultured; D_6__uncultured organism"
"6beb218facb66e59c5036c940091622d",9,0,0,0,2,0,0,0,0,2,0,0,4,0,3,0,0,4,0,0,2,0,0,21,0,0,0,0,0,0,0,0,0,0,0,2,0,0,0,"D_0__Bacteria; D_1__Firmicutes; D_2__Clostridia; D_3__Clostridiales; D_4__Christensenellaceae; D_5__Christensenellaceae R-7 group; D_6__uncultured Christensenellaceae bacterium"
"ab7fa1968528177fe6655812c4da8c87",8,0,5,0,4,4,0,0,0,4,0,0,5,2,7,2,0,5,2,0,0,0,0,7,0,0,0,0,0,0,2,0,0,6,4,5,0,0,0,"D_0__Bacteria; D_1__Planctomycetes; D_2__Phycisphaerae; D_3__Phycisphaerales; D_4__AKAU3564 sediment group"
"e6f0be9548c907956191bfd75886186f",0,0,2,2,0,0,0,0,0,0,0,0,5,0,0,0,0,3,0,0,0,0,0,4,0,0,0,0,0,0,2,0,0,9,0,0,0,0,0,"D_0__Bacteria; D_1__Planctomycetes; D_2__Planctomycetacia; D_3__Pirellulales; D_4__Pirellulaceae; D_5__uncultured"
"c32659992a6bf1fb8ee44a0b785308fc",39,0,0,0,0,0,0,0,0,0,2,0,2,0,0,0,0,0,0,0,0,0,0,44,0,0,0,0,0,0,0,0,0,0,6,0,0,0,0,"D_0__Bacteria; D_1__Firmicutes; D_2__Clostridia; D_3__Clostridiales; D_4__Christensenellaceae; D_5__uncultured; D_6__uncultured eubacterium AA05"
"5e251488a53983e5b7e8bd60d52b8fb6",7,0,0,0,7,0,3,2,0,2,1,0,3,0,1,0,0,6,0,0,0,0,2,0,2,0,1,0,0,0,0,0,0,0,2,2,0,0,0,"D_0__Bacteria; D_1__Firmicutes; D_2__Clostridia; D_3__Clostridiales; D_4__Clostridiaceae 4"
"4234d1317b29b27d530a94259e0c8855",0,0,0,0,0,0,0,0,3,0,0,0,0,0,0,2,0,0,0,0,0,2,0,0,6,0,0,0,0,0,0,0,0,0,0,0,0,0,0,"D_0__Bacteria; D_1__Firmicutes; D_2__Clostridia; D_3__Clostridiales; D_4__Peptococcaceae; D_5__uncultured"
"cb9b3918205bc13d30902076f64c6b57",0,0,0,0,0,0,0,0,2,0,0,0,0,0,0,0,0,0,3,5,0,0,3,2,2,0,0,0,0,0,0,1,2,0,0,0,0,0,0,"D_0__Bacteria; D_1__Bacteroidetes; D_2__Bacteroidia; D_3__Flavobacteriales; D_4__Flavobacteriaceae; D_5__Salegentibacter"
"1cdd1a3d343489116f6607c634d7d67a",0,0,4,2,2,4,0,0,2,2,0,0,3,3,5,6,0,2,0,0,3,0,0,2,0,0,0,0,0,0,0,0,0,0,3,3,0,0,0,"D_0__Bacteria; D_1__WS1"
"bc50c0c7a3d2c3d8a4664b051b010fa2",0,0,0,0,0,0,0,0,0,0,0,0,0,0,0,0,0,0,0,2,0,0,4,0,0,0,0,0,0,0,0,2,3,0,0,0,0,0,0,"D_0__Bacteria; D_1__Bacteroidetes; D_2__Bacteroidia; D_3__Bacteroidales; D_4__Prolixibacteraceae; D_5__uncultured; D_6__uncultured organism"
"8d81129429ac2dd274b76a38727a569f",18,0,0,0,0,0,2,0,0,0,0,0,6,0,7,5,0,6,4,0,4,0,0,33,0,0,0,0,0,0,0,0,6,3,8,13,0,0,0,"D_0__Bacteria; D_1__Bacteroidetes; D_2__Bacteroidia; D_3__Sphingobacteriales; D_4__Lentimicrobiaceae"
"037a7eb5eeb6e2b217b3e1a55ee7e307",2,0,0,1,11,0,2,2,4,0,0,0,4,1,0,1,6,0,4,0,4,0,1,3,2,0,0,0,0,8,1,3,5,0,0,1,0,5,2,"D_0__Bacteria; D_1__Actinobacteria; D_2__WCHB1-81; D_3__uncultured bacterium; D_4__uncultured bacterium; D_5__uncultured bacterium; D_6__uncultured bacterium"
"67d74e23bc8905307b6b01495d683ff0",123,0,24,0,90,731,11,4,5,416,262,0,15,0,38,1046,0,20,9,0,8,0,17,135,5,8,4,70,11,5,258,0,16,31,12,10,0,0,5,"D_0__Bacteria; D_1__Firmicutes; D_2__Clostridia; D_3__Clostridiales; D_4__Clostridiaceae 2; D_5__Alkaliphilus; Ambiguous_taxa"
"d5da401c60fb927a43b34f7e158bd385",246,90,0,0,39,293,0,0,158,201,0,313,0,0,0,27,86,0,0,0,0,139,0,298,190,0,0,19,0,148,7,0,0,0,0,0,324,127,490,"D_0__Bacteria; D_1__Firmicutes; D_2__Clostridia; D_3__Clostridiales; D_4__Lachnospiraceae; D_5__uncultured; D_6__uncultured low G+C Gram-positive bacterium"
"6d6727a09c50122d37e40d2a29465be4",32,14,0,0,0,0,0,0,0,3,0,36,0,0,0,2,237,0,0,0,0,364,0,35,0,0,0,0,0,35,0,0,0,0,0,0,51,24,89,"D_0__Bacteria; D_1__Proteobacteria; D_2__Deltaproteobacteria; D_3__SAR324 clade(Marine group B); D_4__uncultured bacterium zdt-33i5; D_5__uncultured bacterium zdt-33i5; D_6__uncultured bacterium zdt-33i5"
"6c8bbe518b9476cb42c4a403cd1b400d",0,0,0,0,2,3,0,0,0,0,0,0,0,0,0,28,0,0,0,0,0,0,0,4,0,0,0,0,0,0,2,0,0,0,0,0,0,0,0,"D_0__Bacteria; D_1__Firmicutes; D_2__Bacilli; D_3__Bacillales; D_4__Staphylococcaceae; D_5__Staphylococcus"
"ad35cac3f69c9c87de64be7bd11807c4",116,0,2,3,1236,233,87,0,20,138,114,0,628,0,2515,961,0,675,193,380,186,0,55,142,16,5,13,746,12,0,148,596,110,2648,58,84,2,0,0,"D_0__Bacteria; D_1__Epsilonbacteraeota; D_2__Campylobacteria; D_3__Campylobacterales; D_4__Thiovulaceae; D_5__Sulfurimonas; D_6__Alviniconcha sp. gill symbiont"
"fb36830534457e897f747be79cff589f",0,0,2,0,0,0,7,0,4,0,6,0,0,0,0,0,11,0,9,7,5,16,9,0,11,9,0,0,9,8,0,16,5,0,0,0,0,3,0,"D_0__Bacteria; D_1__Chloroflexi; D_2__Anaerolineae; D_3__Anaerolineales; D_4__Anaerolineaceae; D_5__ADurb.Bin120"
"45d7a830eb18354550882e8aa620ed20",0,0,0,0,0,0,4,0,1,0,0,0,0,0,0,0,0,2,8,0,0,0,3,0,3,2,0,0,3,3,0,1,0,0,0,0,0,2,0,"D_0__Bacteria; D_1__Synergistetes; D_2__Synergistia; D_3__Synergistales; D_4__Synergistaceae; D_5__Thermovirga"
"1f0ffa592e17228c16ea99c629f79d45",4,0,0,0,0,5,0,0,0,2,8,0,0,0,0,2,0,0,0,0,0,0,0,0,0,0,0,2,0,0,9,0,0,0,0,2,0,0,0,"D_0__Bacteria; D_1__Firmicutes; D_2__Clostridia; D_3__Clostridiales; D_4__Clostridiaceae; D_5__Anaeromicrobium; D_6__bacterium enrichment culture clone PKWE30-19"
"26d6b175d17ad77fb63cb2223ef0a5c6",0,0,0,0,2,6,5,0,16,3,0,0,3,0,0,9,0,0,5,10,8,0,5,0,18,7,3,0,4,0,0,15,6,0,0,0,0,0,0,"D_0__Bacteria; D_1__Proteobacteria; D_2__Deltaproteobacteria; D_3__Desulfobacterales; D_4__Desulfobacteraceae; D_5__Desulfococcus; D_6__uncultured Desulfococcus sp."
"56deb6328efafd1de37828c5581ee9fe",0,0,0,0,0,3,1,0,0,0,0,0,0,0,0,13,2,0,0,0,2,0,0,0,3,0,0,0,0,0,0,0,9,0,0,0,0,0,0,"D_0__Bacteria; D_1__WS1; D_2__uncultured organism; D_3__uncultured organism; D_4__uncultured organism; D_5__uncultured organism; D_6__uncultured organism"
"5d69befd71dc463eda1b56ba76803139",0,0,0,0,0,0,0,0,0,3,0,0,0,0,6,0,0,0,0,0,0,0,0,0,0,0,0,0,0,0,1,0,2,4,1,4,0,0,0,"D_0__Bacteria; D_1__Firmicutes; D_2__Clostridia; D_3__Clostridiales; D_4__Ruminococcaceae"
"4f68cdf331e231c39b511c61db0dedc8",10,0,0,0,5,2,0,0,0,0,2,0,11,0,5,5,0,14,4,0,0,0,2,2,4,0,0,0,0,0,2,0,4,11,3,2,0,0,0,"D_0__Bacteria; D_1__Elusimicrobia; D_2__Elusimicrobia; D_3__Lineage IV; D_4__uncultured bacterium; D_5__uncultured bacterium; D_6__uncultured bacterium"
"30d3d6dfc295f67f5ccf1b29df33292d",0,0,10,0,0,0,0,0,0,0,0,0,0,0,0,0,0,0,0,0,0,0,0,0,0,0,0,0,0,0,0,0,0,0,0,0,0,0,0,"D_0__Bacteria; D_1__BRC1; D_2__uncultured organism; D_3__uncultured organism; D_4__uncultured organism; D_5__uncultured organism; D_6__uncultured organism"
"7ae34160501693ef96a97c8a6a69835d",29,0,21,8,6,7,24,2,13,14,8,0,25,11,24,25,2,45,32,0,31,5,39,32,11,16,15,6,23,2,13,0,27,58,9,8,0,2,0,"D_0__Bacteria; D_1__Firmicutes; D_2__Clostridia; D_3__Clostridiales; D_4__Ruminococcaceae; D_5__uncultured; D_6__saltmarsh clone LCP-84"
"28fa31f93a810b594596e185bbe8c7ff",0,0,0,0,0,0,0,0,0,0,3,0,1,0,0,0,0,5,0,0,0,0,0,0,0,0,0,6,0,0,8,0,0,0,0,0,0,0,0,"D_0__Bacteria; D_1__Firmicutes; D_2__Clostridia; D_3__Clostridiales; D_4__Peptococcaceae"
"ed656e6ecf3218d6dfdb24df93cdbbed",0,0,0,0,0,0,0,0,0,0,0,0,0,0,0,2,2,0,0,0,0,0,0,0,0,2,0,4,0,0,1,0,0,0,0,0,0,0,0,"D_0__Bacteria; D_1__Firmicutes; D_2__Clostridia; D_3__Clostridiales; D_4__Clostridiaceae 1; D_5__uncultured; D_6__Clostridium sp. r54"
"28d3ecd9c23886c7f2a51ab5abda73d1",0,0,0,0,5,0,0,0,0,2,4,0,0,0,3,10,0,0,0,0,0,0,0,2,0,0,0,0,0,0,0,0,0,0,0,0,0,0,0,"D_0__Bacteria; D_1__Firmicutes; D_2__Bacilli; D_3__Bacillales; D_4__Staphylococcaceae; D_5__Staphylococcus"
"c1d19cf1cd6f3198ac773ca821aecc36",0,0,0,0,2,0,0,0,0,0,0,0,0,0,0,4,0,0,0,0,2,0,2,0,0,0,0,2,2,0,0,0,2,0,0,0,0,0,0,"D_0__Bacteria; D_1__Firmicutes; D_2__Clostridia; D_3__Clostridiales; D_4__Christensenellaceae; D_5__uncultured; D_6__uncultured bacterium CA19"
"34483608609fc3cac35bde1029683c1e",0,0,2,0,0,0,0,0,0,0,0,0,3,3,0,5,0,0,0,0,0,2,0,0,0,0,0,0,0,0,0,0,0,0,0,0,0,0,0,"D_0__Bacteria; D_1__Chloroflexi; D_2__Anaerolineae; D_3__SBR1031"
"7b1f81d4dcce413150ed89a8e1f68d8a",0,0,0,0,0,0,0,0,0,0,2,0,0,0,6,0,0,0,0,0,0,0,0,0,0,0,0,0,0,0,0,0,0,3,0,0,0,0,0,"D_0__Bacteria; D_1__Bacteroidetes; D_2__Bacteroidia; D_3__Bacteroidales; D_4__SB-5; D_5__bacterium YC-LK-LKJ31; D_6__bacterium YC-LK-LKJ31"
"c1f6f6de846b5c203be1c2ce8eddc31e",7,0,2,0,0,2,0,0,0,6,0,0,0,2,0,0,0,8,0,0,0,0,0,9,0,0,0,0,0,4,3,0,0,0,0,0,0,0,0,"D_0__Bacteria; D_1__Firmicutes; D_2__Clostridia; D_3__Clostridiales; D_4__Peptococcaceae; D_5__uncultured; D_6__uncultured bacterium"
"8ed78e13d0c8d2faed90f0bc574b5549",0,0,2,0,0,0,0,0,1,0,0,0,2,0,0,0,0,0,2,0,0,0,0,0,2,2,0,0,0,0,0,3,1,1,0,0,0,0,0,"D_0__Bacteria; D_1__Cloacimonetes; D_2__Cloacimonadia; D_3__Cloacimonadales; D_4__Cloacimonadaceae; D_5__Candidatus Cloacimonas; D_6__uncultured bacterium"
"dd412b25e01315b189a5b9a4616e6361",0,0,0,0,2,4,0,0,0,0,0,0,1,0,0,0,0,0,0,0,0,0,0,2,0,0,0,0,0,0,0,0,0,1,1,0,0,0,0,"D_0__Bacteria; D_1__Planctomycetes; D_2__Phycisphaerae; D_3__MSBL9; D_4__4572-13; D_5__uncultured organism; D_6__uncultured organism"
"61ffad7d5037b59d348dcff99bc1dccb",5,0,0,0,5,0,0,0,0,3,2,0,3,0,5,0,0,7,0,0,0,0,0,2,0,0,0,4,0,0,0,0,0,4,0,4,0,0,0,"D_0__Bacteria; D_1__Planctomycetes; D_2__Planctomycetacia; D_3__Pirellulales; D_4__Pirellulaceae; D_5__Pir4 lineage"
"af40f4d9e544af27252f5d74ff59d3ed",9,0,2,0,0,0,0,0,2,0,0,0,0,0,5,0,0,0,2,0,0,0,0,4,0,0,0,0,0,0,0,0,0,0,3,2,0,0,0,"D_0__Bacteria; D_1__WS1; D_2__uncultured bacterium; D_3__uncultured bacterium; D_4__uncultured bacterium; D_5__uncultured bacterium; D_6__uncultured bacterium"
"7d2d04684ec9095fa1a1c631751a0c13",0,0,0,0,0,0,9,0,12,0,0,0,0,0,0,0,0,3,17,5,10,0,16,0,10,12,2,0,14,2,0,4,11,0,0,0,0,3,0,"D_0__Bacteria; D_1__Atribacteria; D_2__JS1; D_3__uncultured organism; D_4__uncultured organism; D_5__uncultured organism; D_6__uncultured organism"
"eb0b472640cafb7f4c81f4e1ae127f2b",2,0,0,0,0,14,8,0,24,6,0,0,0,3,0,0,0,0,29,13,23,0,36,0,19,20,5,2,29,7,0,26,26,0,0,0,0,1,0,"D_0__Bacteria; D_1__Bacteroidetes; D_2__Bacteroidia; D_3__Bacteroidales; D_4__Marinilabiliaceae; D_5__uncultured"
"5ae5e68d0ee4a05cf307ffdb93b4967d",0,0,7,2,0,0,4,0,4,0,0,0,2,0,3,0,0,0,3,0,3,0,5,0,4,0,2,0,0,2,0,0,0,2,0,0,0,0,0,"D_0__Bacteria; D_1__Chloroflexi; D_2__Anaerolineae; D_3__Anaerolineales; D_4__Anaerolineaceae; D_5__ADurb.Bin120; D_6__uncultured bacterium"
"152e7d57fa145f6516e81ff26dacab93",2,0,0,0,0,0,0,0,0,0,2,0,2,0,7,2,0,0,0,0,0,0,0,22,0,0,0,0,0,0,0,0,0,0,0,0,0,0,0,"D_0__Bacteria; D_1__BRC1; D_2__uncultured organism; D_3__uncultured organism; D_4__uncultured organism; D_5__uncultured organism; D_6__uncultured organism"
"4a06efebda4ad8993fc109c5e1448105",45,0,3,3,14,0,9,0,1,2,0,0,7,2,7,2,0,0,0,0,7,0,17,73,0,3,3,0,3,0,0,0,8,9,2,18,0,0,0,"D_0__Bacteria; D_1__Firmicutes; D_2__Clostridia; D_3__Thermoanaerobacterales; D_4__SRB2"
"cdfab27fbc79645239cb91be2ad7dbc2",0,0,0,0,0,0,2,0,0,0,0,0,0,0,0,0,0,0,3,0,2,0,5,0,2,0,2,0,0,0,0,0,2,3,0,0,0,0,0,"D_0__Bacteria; D_1__Planctomycetes; D_2__Phycisphaerae; D_3__MSBL9; D_4__SG8-4"
"10a4dbe4f0fd7cf0987d34b1a84670e2",24,0,53,19,4,33,5,8,0,43,2,0,27,21,18,19,0,26,11,7,6,2,6,29,2,6,2,0,11,0,5,2,0,29,14,22,0,0,0,"D_0__Bacteria; D_1__LCP-89; D_2__uncultured bacterium; D_3__uncultured bacterium; D_4__uncultured bacterium; D_5__uncultured bacterium; D_6__uncultured bacterium"
"3614c056134c84a85cea19095cce06ba",0,0,10,5,0,0,0,4,0,0,0,0,0,5,0,0,0,0,0,0,0,0,0,0,0,0,0,0,0,0,0,0,0,0,0,0,0,0,0,"D_0__Bacteria; D_1__Planctomycetes; D_2__Phycisphaerae; D_3__Phycisphaerales; D_4__Phycisphaeraceae; D_5__uncultured; D_6__uncultured bacterium"
"d675c7637515e2ec2f3e4cc67b46e564",0,0,0,0,0,7,0,0,0,6,0,0,0,0,0,17,0,0,0,0,0,0,0,2,0,0,0,0,0,0,0,0,0,0,0,0,0,0,0,"D_0__Bacteria; D_1__Halanaerobiaeota; D_2__Halanaerobiia; D_3__Halanaerobiales; D_4__Halobacteroidaceae; D_5__uncultured"
"fa19cfa7a69f9af1f6cf3f5c11be8696",4,0,0,0,2,0,4,0,0,0,0,0,0,0,0,7,0,2,6,0,3,0,6,4,4,4,2,0,8,0,0,0,2,2,0,0,0,0,0,"D_0__Bacteria; D_1__Firmicutes; D_2__Clostridia; D_3__Clostridiales; D_4__Ruminococcaceae; D_5__Ruminococcaceae UCG-012; D_6__uncultured bacterium"
"735271e949c49fe0e239c79ff5ab380a",0,0,0,0,0,5,2,0,0,0,0,0,0,0,2,4,0,0,4,0,0,0,0,2,0,0,0,0,0,0,0,0,3,0,0,0,0,0,0,"D_0__Bacteria; D_1__Bacteroidetes; D_2__Bacteroidia; D_3__Bacteroidales; D_4__Bacteroidetes BD2-2"
"9bb3f99fcb45654e28aba4737beb53f8",0,0,0,0,0,0,0,0,0,0,0,0,0,0,0,4,0,0,1,0,0,0,3,0,0,4,0,0,4,0,0,0,0,0,0,0,0,0,0,"D_0__Bacteria; D_1__Chloroflexi; D_2__Anaerolineae; D_3__RBG-13-54-9; D_4__uncultured bacterium; D_5__uncultured bacterium; D_6__uncultured bacterium"
"9c5e2cf50eb90337bb0d10c7521cb61b",0,0,0,0,0,0,0,0,0,0,0,0,0,0,0,0,0,0,0,0,0,0,3,0,0,0,0,0,0,0,0,0,0,7,12,1,0,0,0,"D_0__Bacteria; D_1__Firmicutes; D_2__Clostridia; D_3__Thermoanaerobacterales; D_4__SRB2"
"88de2535f08090ba1610bbbf354d2a9c",17,0,2,0,4,18,50,0,16,21,5,0,18,4,1,82,0,10,83,0,59,3,109,18,13,52,14,3,52,0,0,0,79,5,2,5,0,0,0,"D_0__Bacteria; D_1__Bacteroidetes; D_2__Bacteroidia; D_3__Bacteroidales; D_4__ML635J-40 aquatic group; D_5__uncultured bacterium; D_6__uncultured bacterium"
"29ca0ee5874ed585c0344bd6a556173e",0,0,0,0,0,0,2,0,0,4,0,0,0,0,1,0,0,0,0,0,2,0,0,0,0,0,0,0,0,0,0,0,3,0,0,0,0,1,0,"D_0__Bacteria; D_1__Firmicutes; D_2__Clostridia; D_3__Clostridiales; D_4__Ruminococcaceae; D_5__Ercella; D_6__uncultured bacterium"
"fc6ea9baa07f7e5efd81a8420a0cd496",0,0,0,0,0,0,0,0,0,0,11,0,0,0,0,0,0,0,0,0,0,0,0,0,0,0,0,0,0,0,0,0,0,0,0,0,0,0,0,"D_0__Bacteria; D_1__Bacteroidetes; D_2__Bacteroidia; D_3__Bacteroidales; D_4__Prolixibacteraceae; D_5__uncultured; D_6__benzene mineralizing consortium clone SB-1"
"e991507fcbb08cf307fbd9eb6e488486",0,0,0,0,0,8,0,0,0,17,5,0,0,0,0,0,0,2,0,0,0,0,0,0,0,0,0,0,0,0,0,0,0,0,0,0,0,0,0,"D_0__Bacteria; D_1__Firmicutes; D_2__Clostridia; D_3__Clostridiales; D_4__Clostridiaceae 1; D_5__Clostridium sensu stricto 1"
"0c97ab925d7a9c188de579ef67f8c682",3,0,0,0,0,0,0,0,0,0,0,0,5,0,0,0,0,0,0,0,2,0,0,0,0,0,0,0,0,0,0,0,0,0,1,4,0,0,0,"D_0__Bacteria; D_1__Planctomycetes; D_2__Phycisphaerae; D_3__MSBL9; D_4__4572-13; D_5__uncultured bacterium; D_6__uncultured bacterium"
"c51a7ca170cdfbde89c9a17796a349b7",0,0,0,0,0,0,2,0,0,0,0,0,0,0,0,0,0,0,2,0,4,0,0,0,0,0,0,0,0,0,0,5,0,0,0,0,0,0,0,"D_0__Bacteria; D_1__Proteobacteria; D_2__Deltaproteobacteria; D_3__Syntrophobacterales; D_4__Syntrophaceae; D_5__uncultured; D_6__uncultured bacterium"
"05e5011f5a96c987c88125b94b63c647",0,0,0,0,0,0,0,0,0,0,0,0,0,0,0,0,6,0,0,0,0,5,0,0,0,0,0,0,0,0,0,0,0,0,0,0,0,0,0,"D_0__Bacteria; D_1__Firmicutes; D_2__Clostridia; D_3__Clostridiales; D_4__Peptococcaceae; D_5__uncultured; D_6__uncultured bacterium"
"d75ccb77908604da3eef6af269259c9f",18,0,4,0,0,6,0,0,0,9,11,0,11,0,19,5,0,8,4,0,4,0,0,18,0,0,0,0,0,0,0,0,0,15,18,18,0,0,0,"D_0__Bacteria; D_1__BRC1; D_2__uncultured organism; D_3__uncultured organism; D_4__uncultured organism; D_5__uncultured organism; D_6__uncultured organism"
"2dd9d6b14a2edc2aca2737d438fa0049",8,0,0,0,18,9,0,0,0,9,0,0,7,0,0,8,0,3,0,0,0,0,0,4,0,0,0,7,0,0,0,0,0,4,0,2,0,0,0,"D_0__Bacteria; D_1__Latescibacteria; D_2__Latescibacteria; D_3__Latescibacterales; D_4__Latescibacteraceae; D_5__Candidatus Latescibacter"
"b058777a5d6099049d44564fa7722c57",0,0,0,0,0,0,4,0,0,0,0,0,0,0,0,0,0,0,2,0,4,0,3,0,0,0,0,0,0,0,0,0,0,0,0,0,0,0,0,"D_0__Bacteria; D_1__Proteobacteria; D_2__Deltaproteobacteria; D_3__Desulfobacterales; D_4__Desulfobacteraceae; D_5__Desulfotignum"
"8eeb86c684634842fb74776fae272fbc",0,0,0,0,0,11,0,0,0,0,0,0,4,0,0,0,0,5,0,0,0,0,0,22,0,0,0,4,0,0,0,0,0,0,0,1,3,0,0,"D_0__Bacteria; D_1__Firmicutes; D_2__Clostridia; D_3__Clostridiales; D_4__Peptococcaceae; D_5__uncultured; D_6__uncultured bacterium"
"4a00321a2c2c5cecac5ff52028d7837b",0,0,0,0,5,0,0,0,0,0,0,0,0,0,0,0,0,0,0,0,0,0,0,6,0,0,0,0,0,0,0,0,0,0,0,0,0,0,0,"D_0__Bacteria; D_1__Firmicutes; D_2__Clostridia; D_3__Clostridiales; D_4__Ruminococcaceae; D_5__uncultured"
"52501f2095abb28fb34bdce74a89edd0",3,0,83,11,0,0,2,13,3,3,0,0,0,14,3,0,9,0,6,0,3,10,4,4,0,2,0,0,1,13,0,2,0,0,0,0,0,10,0,"D_0__Bacteria; D_1__Chloroflexi; D_2__Anaerolineae; D_3__Anaerolineales; D_4__Anaerolineaceae; D_5__Pelolinea; D_6__uncultured bacterium"
"d791b1a08942d9d72c85337d3db35b35",2,0,1,0,0,0,0,0,0,0,0,0,8,0,4,0,0,0,0,0,0,0,0,6,0,0,0,0,0,0,0,0,0,0,0,0,0,0,0,"D_0__Bacteria; D_1__Proteobacteria; D_2__Deltaproteobacteria; D_3__Desulfobacterales; D_4__Desulfobacteraceae; D_5__Desulfatitalea; D_6__uncultured bacterium"
"e042551df0555dc1f50b9be6f6984f7a",0,0,0,0,0,0,0,0,0,0,0,0,0,0,0,0,0,0,0,8,4,0,2,0,2,0,0,0,0,0,0,8,0,0,0,0,0,0,0,"D_0__Bacteria; D_1__Firmicutes; D_2__Clostridia; D_3__Clostridiales; D_4__livecontrolB21; D_5__uncultured bacterium; D_6__uncultured bacterium"
"3eb2cdc376aecebcfd920882397e435c",3,0,0,0,0,0,0,0,0,0,0,0,0,0,0,14,0,0,0,0,0,0,0,5,0,0,0,0,0,0,0,0,0,0,0,0,0,0,0,"D_0__Bacteria; D_1__Firmicutes; D_2__Clostridia; D_3__Clostridiales; D_4__Peptococcaceae; D_5__uncultured; D_6__uncultured bacterium"
"72a7d3f4f4ac6992a918ace1de0adcca",0,0,0,0,0,0,0,0,0,0,3,0,1,0,0,0,0,2,0,0,0,0,0,0,0,0,0,0,0,0,6,0,0,0,0,0,0,0,0,"D_0__Bacteria; D_1__Firmicutes; D_2__Clostridia; D_3__Clostridiales"
"3b01d405609251241df4a11c76ada023",0,0,2,0,0,0,2,0,3,0,0,0,0,0,0,0,0,0,0,0,3,0,3,0,2,2,0,0,2,2,0,0,2,0,0,0,0,0,0,"D_0__Bacteria; D_1__Firmicutes; D_2__Clostridia; D_3__Clostridiales; D_4__Family XI"
"59af7de97a33a32a472077e1b30e99fd",4,0,0,0,0,4,0,0,0,1,0,0,6,0,5,1,0,6,0,0,0,0,0,9,0,0,0,0,0,0,0,0,1,2,3,4,0,0,0,"D_0__Bacteria; D_1__BRC1; D_2__uncultured bacterium; D_3__uncultured bacterium; D_4__uncultured bacterium; D_5__uncultured bacterium; D_6__uncultured bacterium"
"2edac67b1dc3de14fd36ca90c9ea6853",0,0,1,0,0,0,0,0,0,0,0,0,0,0,0,1,0,3,0,0,0,0,2,2,0,2,0,0,0,0,0,0,0,0,0,0,0,0,0,"D_0__Bacteria; D_1__Firmicutes; D_2__Clostridia; D_3__Clostridiales; D_4__Ruminococcaceae; D_5__uncultured"
"bf06be9a0ac63c2600ae52abe83490b8",0,0,0,0,0,0,0,0,0,0,0,0,0,0,2,2,0,3,0,0,0,0,0,0,2,0,0,0,0,0,0,0,0,0,3,2,0,0,0,"D_0__Bacteria; D_1__Latescibacteria; D_2__Latescibacteria; D_3__Latescibacterales; D_4__Latescibacteraceae"
"bd52c6ad36410bfdd75b96f0278c77ee",0,0,0,0,0,0,12,0,8,1,0,0,0,3,0,0,0,0,8,0,12,2,12,2,4,0,2,0,7,0,0,0,0,0,0,0,0,0,0,"D_0__Bacteria; D_1__Atribacteria; D_2__JS1; D_3__uncultured organism; D_4__uncultured organism; D_5__uncultured organism; D_6__uncultured organism"
"8ee862a7589beb0277c5148f70ec76c8",44,0,3,0,11,1,0,0,0,0,3,0,1,0,22,6,0,0,0,0,0,0,0,35,0,0,0,8,0,0,7,0,0,21,0,0,0,0,0,"D_0__Bacteria; D_1__Firmicutes; D_2__Bacilli; D_3__Bacillales; D_4__Bacillaceae; D_5__Bacillus"
"1125cda7398cae9bf1d6ca1d68224947",0,0,0,0,0,0,5,0,0,0,0,0,0,0,0,0,0,0,4,3,0,0,4,0,0,2,2,0,2,0,0,7,2,0,0,0,0,0,0,"D_0__Bacteria; D_1__Bacteroidetes; D_2__Bacteroidia; D_3__Bacteroidales; D_4__Prolixibacteraceae; D_5__uncultured; D_6__uncultured Bacteroidetes bacterium"
"d0535f9732608bec416889feab3b272c",0,0,2,0,0,0,0,0,0,0,0,0,0,0,0,0,0,0,0,0,0,0,0,0,0,0,0,3,0,0,0,0,0,5,0,0,0,0,0,"D_0__Bacteria; D_1__Spirochaetes; D_2__Spirochaetia; D_3__Spirochaetales; D_4__Spirochaetaceae; D_5__Sphaerochaeta"
"1bb01296c06854cb42219c4dc08be5a1",5,0,0,0,0,0,0,0,0,0,0,0,0,0,0,0,0,0,0,0,0,0,0,6,0,0,0,0,0,0,0,0,0,0,0,0,0,0,0,"D_0__Bacteria; D_1__Firmicutes; D_2__Clostridia; D_3__Clostridiales"
"31c7133d0f0dc6e5220b11497bcea3db",0,0,0,0,0,0,0,0,0,0,0,0,0,0,0,0,16,0,0,0,0,21,0,0,0,0,0,0,0,4,0,0,0,0,0,0,0,5,0,"D_0__Bacteria; D_1__Proteobacteria; D_2__Deltaproteobacteria; D_3__Syntrophobacterales; D_4__Syntrophaceae; D_5__uncultured; D_6__uncultured bacterium"
"ada7351f19ba7d0df2f54e7747d3c233",0,0,0,0,0,0,0,0,0,0,0,0,0,0,0,0,0,0,0,0,0,0,0,0,0,0,0,10,0,0,0,0,0,0,0,0,0,0,0,"D_0__Bacteria; D_1__Bacteroidetes; D_2__Bacteroidia; D_3__Bacteroidales; D_4__Marinilabiliaceae; D_5__Geofilum; Ambiguous_taxa"
"b324d6f6e909e65061d70fb6a9e0bcc3",1,0,0,0,0,0,0,0,0,0,0,0,5,4,0,4,0,0,0,0,0,0,0,2,0,0,0,0,0,0,0,0,0,0,0,0,0,0,0,"D_0__Bacteria; D_1__Firmicutes; D_2__Clostridia; D_3__Clostridiales; D_4__Christensenellaceae; D_5__uncultured"
"f9ee51e2792366f782718f5574a6d637",2,0,6,0,0,2,0,0,0,0,2,0,0,0,0,4,0,0,0,0,0,3,0,0,0,0,0,0,0,2,0,0,0,0,0,0,0,0,0,"D_0__Bacteria; D_1__Chloroflexi; D_2__Anaerolineae; D_3__Caldilineales; D_4__Caldilineaceae; D_5__uncultured"
"32c0db9f647a044fce439fa7304fca0a",0,0,0,0,0,35,0,0,0,0,2,0,0,0,0,0,0,0,0,0,0,0,0,0,0,0,0,0,0,0,0,0,0,1,0,0,0,0,0,"D_0__Bacteria; D_1__Bacteroidetes; D_2__Bacteroidia; D_3__Bacteroidales; D_4__Marinilabiliaceae; D_5__Marinilabilia; D_6__Marinilabilia nitratireducens"
"3124ff214a3b3481c8e666fb3aa480ff",2,0,9,1,0,0,21,0,9,1,0,0,18,1,5,32,7,1,33,0,39,5,24,33,16,0,9,5,28,10,0,0,31,19,4,0,0,4,4,"D_0__Bacteria; D_1__Firmicutes; D_2__Clostridia"
"0febfb52b619fb9affde4a9990a5fc3e",0,0,33,18,0,0,0,2,0,0,0,0,2,25,3,0,5,0,3,0,2,5,0,5,0,2,0,6,5,6,0,2,3,3,2,4,0,9,0,"D_0__Bacteria; D_1__Chloroflexi; D_2__Anaerolineae; D_3__Anaerolineales; D_4__Anaerolineaceae; D_5__ADurb.Bin120"
"177853cd9302ad7a0133b5062718d9e2",0,0,3,0,0,0,0,2,0,0,0,0,0,0,0,6,0,3,2,0,0,0,0,2,0,0,0,0,0,0,0,0,0,6,0,3,0,0,3,"D_0__Bacteria; D_1__Chloroflexi; D_2__Anaerolineae; D_3__RBG-13-54-9; D_4__uncultured bacterium; D_5__uncultured bacterium; D_6__uncultured bacterium"
"b85a25a2fd392073ac9d73c2da6dfa1d",5,0,0,0,0,0,0,0,0,0,0,0,0,0,4,3,0,0,0,0,0,0,0,10,0,0,0,0,0,0,0,0,0,2,0,6,0,0,0,"D_0__Bacteria; D_1__Firmicutes; D_2__Clostridia; D_3__Clostridiales; D_4__Lachnospiraceae; D_5__Vallitalea; D_6__uncultured bacterium"
"1c42c54ab38cbe5ed02483cdcbcc3bba",0,0,0,0,0,0,0,0,0,0,10,0,0,0,0,0,0,0,0,0,0,0,0,2,0,0,0,0,0,0,8,0,0,0,0,0,0,0,0,"D_0__Bacteria; D_1__Proteobacteria; D_2__Gammaproteobacteria; D_3__Xanthomonadales; D_4__Xanthomonadaceae; D_5__Stenotrophomonas"
"9f964af7d48a8ab068e62a807ac95e32",7,0,0,2,37,102,60,0,18,62,18,0,16,0,17,115,0,30,105,7,73,0,69,15,16,30,18,38,56,0,11,18,78,24,5,6,0,0,5,"D_0__Bacteria; D_1__Proteobacteria; D_2__Deltaproteobacteria; D_3__Desulfobacterales; D_4__Desulfobacteraceae; D_5__Desulfotignum; Ambiguous_taxa"
"3db9164cb61e01d51505e7193b8a7fcc",0,0,3,0,17,0,0,1,0,0,0,0,0,0,0,0,0,0,2,0,0,0,5,0,0,0,0,6,4,0,0,0,0,5,0,0,0,0,0,"D_0__Bacteria; D_1__Proteobacteria; D_2__Deltaproteobacteria; D_3__Desulfobacterales; D_4__Desulfobacteraceae; D_5__uncultured; D_6__bacterium enrichment culture clone Oil_10"
"b874eedea3d936fd7da1c22d8d6fcac9",0,0,0,0,0,0,0,0,0,0,0,0,3,0,0,0,0,0,0,0,0,0,2,0,0,0,0,0,0,0,0,0,2,0,0,3,0,0,0,"D_0__Bacteria; D_1__Bacteroidetes; D_2__Bacteroidia; D_3__Bacteroidales; D_4__Prolixibacteraceae; D_5__uncultured; D_6__uncultured Bacteroidetes bacterium"
"7f608724634681dc3640bc06fccf63ea",20,0,15,1,2,6,0,3,0,3,4,0,16,8,2,0,0,0,0,0,0,0,2,37,0,4,0,7,0,0,8,0,1,14,6,35,0,0,0,"D_0__Bacteria; D_1__Planctomycetes; D_2__Planctomycetacia; D_3__Pirellulales; D_4__Pirellulaceae; D_5__Pir4 lineage"
"6f2535401cef7891d852a865fbe54f5f",21,0,2,9,0,0,0,0,0,0,5,0,4,12,0,0,0,0,0,0,0,0,0,12,0,0,0,0,0,0,0,0,0,0,4,0,0,0,0,"D_0__Bacteria; D_1__Firmicutes; D_2__Clostridia; D_3__Clostridiales; D_4__Defluviitaleaceae; D_5__Defluviitaleaceae UCG-011"
"338c00a4616eae2debdde06930c19415",13,0,0,0,2,0,0,0,0,0,0,0,21,0,13,8,0,19,0,0,0,0,2,21,0,0,0,2,0,0,0,0,0,13,19,13,0,0,0,"D_0__Bacteria; D_1__Lentisphaerae; D_2__Oligosphaeria; D_3__Oligosphaerales; D_4__Lenti-02; D_5__uncultured bacterium; D_6__uncultured bacterium"
"3fb163df59a4554c66db705f4d9c5963",2,0,0,0,0,0,0,0,3,0,0,0,0,0,0,0,2,0,0,0,0,2,0,0,0,0,0,0,0,2,0,0,0,3,0,0,0,0,0,"D_0__Bacteria; D_1__Halanaerobiaeota; D_2__Halanaerobiia; D_3__Halanaerobiales; D_4__Halobacteroidaceae; D_5__uncultured"
"f994a7b190e7d861d26a6369958a84c3",0,0,0,1,0,0,0,0,0,0,0,0,10,2,7,0,0,22,0,0,2,0,0,0,0,0,0,0,0,2,2,0,0,17,0,3,0,0,0,"D_0__Bacteria; D_1__Firmicutes; D_2__Clostridia; D_3__Clostridiales; D_4__Clostridiaceae 2; D_5__Anoxynatronum; D_6__uncultured bacterium"
"01b58c346398a23507cc6cd2bf32dfef",12,0,0,0,0,0,0,0,0,0,0,0,0,0,0,0,0,0,0,0,0,0,0,11,0,0,0,0,0,0,0,0,0,0,0,0,0,0,0,"D_0__Bacteria; D_1__Firmicutes; D_2__Bacilli; D_3__Bacillales; D_4__Bacillaceae; D_5__Bacillus"
"147a16385354a95156dcacc7c86fb513",2,0,0,0,8,2,4,0,2,0,4,0,0,0,2,0,0,0,5,0,3,0,4,0,0,0,0,13,0,0,2,0,2,3,0,0,0,0,0,"D_0__Bacteria; D_1__Firmicutes; D_2__Clostridia; D_3__Clostridiales; D_4__Peptococcaceae; D_5__Dehalobacter"
"4f475318107d3143b869b0ccf5298f77",0,0,0,0,8,6,0,0,0,4,0,0,0,0,0,0,0,0,0,0,0,0,0,0,0,0,0,4,0,0,0,0,0,0,0,0,0,0,0,"D_0__Bacteria; D_1__Proteobacteria; D_2__Deltaproteobacteria; D_3__Desulfobacterales; D_4__Desulfobacteraceae"
"a7496357939d9cd0a15f847f76e5297c",0,0,0,0,0,0,0,0,0,2,0,0,0,0,0,0,0,0,2,2,0,0,0,0,0,0,0,0,0,0,0,4,0,0,0,0,0,0,0,"D_0__Bacteria; D_1__Chloroflexi; D_2__Anaerolineae; D_3__Anaerolineales; D_4__Anaerolineaceae; D_5__uncultured"
"099792995c1c41ce2691922777fa4ac8",2,2,3,0,5,9,10,4,18,3,0,2,0,0,3,4,8,0,18,2,5,8,27,3,29,9,6,0,6,31,0,2,17,2,3,4,0,19,3,"D_0__Bacteria; D_1__Atribacteria; D_2__JS1; D_3__uncultured organism; D_4__uncultured organism; D_5__uncultured organism; D_6__uncultured organism"
"2a806b61005bdc5f37e7f1017cc4f082",0,0,0,0,0,3,8,0,4,0,0,0,2,0,5,0,0,0,9,5,8,0,21,0,3,2,8,0,10,0,0,9,11,1,5,5,0,0,0,"D_0__Bacteria; D_1__Bacteroidetes; D_2__Bacteroidia; D_3__Bacteroidales; D_4__Prolixibacteraceae; D_5__uncultured"
"2964738d995da29766f79b7e1c31c84e",6,0,5,4,2,4,0,0,0,0,4,0,0,6,9,3,0,0,0,0,0,0,2,2,0,2,0,3,0,0,7,0,0,5,4,6,0,0,0,"D_0__Bacteria; D_1__Firmicutes; D_2__Clostridia; D_3__Clostridiales; D_4__Ruminococcaceae; D_5__uncultured"
"bf264ff608f443678d91ebbd3003cd10",0,0,0,0,0,7,0,0,0,6,0,1,2,0,0,0,0,0,0,0,0,0,0,1,0,0,0,2,0,0,0,0,0,0,2,0,0,0,0,"D_0__Bacteria; D_1__Firmicutes; D_2__Clostridia; D_3__Clostridiales; D_4__Peptococcaceae; D_5__uncultured; D_6__uncultured bacterium"
"1785cdf587604ec2b1d225eb7fea3e6f",0,0,0,0,0,0,0,0,0,3,0,0,0,0,0,2,0,0,0,0,0,0,2,0,0,0,0,0,0,0,0,0,2,5,0,0,0,2,0,"D_0__Bacteria; D_1__Actinobacteria; D_2__WCHB1-81; D_3__uncultured bacterium; D_4__uncultured bacterium; D_5__uncultured bacterium; D_6__uncultured bacterium"
"3722e65b25d1624117944049358f3327",0,0,0,0,0,5,0,0,0,7,0,0,0,0,0,0,0,0,0,0,0,0,0,0,0,0,0,0,0,0,0,0,0,0,0,0,0,0,0,"D_0__Bacteria; D_1__Firmicutes; D_2__Clostridia; D_3__Clostridiales; D_4__Clostridiaceae 1; D_5__Clostridium sensu stricto 13"
"4060c4e840f34088525fb453f99d1934",20,0,0,2,2,0,0,0,1,0,29,0,1,3,1,19,1,3,0,0,0,0,2,13,2,0,0,3,0,0,38,0,0,8,2,3,0,3,0,"D_0__Bacteria; D_1__Firmicutes; D_2__Limnochordia; D_3__Limnochordales; D_4__uncultured"
"f40f2002cba3b81b4ca0e37a2d66914a",0,0,0,0,0,0,5,0,3,0,0,0,0,0,0,3,0,0,2,0,4,0,3,0,0,0,1,0,3,0,0,0,2,3,0,0,0,0,0,"D_0__Bacteria; D_1__Firmicutes; D_2__Clostridia; D_3__Clostridiales; D_4__Ruminococcaceae; D_5__uncultured"
"99781ae4c8f86d73abd3f1e616cb7ec5",0,0,0,0,11,0,0,0,0,0,0,0,0,0,0,0,0,0,0,0,0,0,0,0,0,0,0,0,0,0,0,0,0,0,0,0,0,0,0,"D_0__Bacteria; D_1__Proteobacteria; D_2__Gammaproteobacteria; D_3__Pseudomonadales; D_4__Moraxellaceae; D_5__Psychrobacter"
"9a59555ab4a17f6ffab160dc99013ee0",8,0,5,0,12,4,4,0,7,0,1,0,5,0,3,0,2,2,7,0,3,4,0,7,0,2,0,0,7,0,0,0,4,3,6,2,0,2,0,"D_0__Bacteria; D_1__Chloroflexi; D_2__Dehalococcoidia; D_3__vadinBA26; D_4__uncultured Chloroflexi bacterium; D_5__uncultured Chloroflexi bacterium; D_6__uncultured Chloroflexi bacterium"
"0254e69d2cb934059e34a7715036b355",0,0,0,0,3,0,0,0,0,0,0,0,0,0,0,0,0,0,0,0,0,0,0,0,0,0,0,0,2,0,0,0,0,0,6,11,0,0,0,"D_0__Bacteria; D_1__Firmicutes; D_2__Clostridia; D_3__Clostridiales; D_4__Family XI; D_5__Sedimentibacter"
"a9856b9245e6364d3ae197d279a7dd46",3,0,0,0,0,0,8,0,0,0,4,0,5,0,3,0,0,7,5,0,9,0,6,6,0,4,2,0,5,0,8,0,7,4,3,6,0,0,0,"D_0__Bacteria; D_1__Firmicutes; D_2__Clostridia; D_3__Clostridiales; D_4__Eubacteriaceae; D_5__Garciella"
"5bc5b5c98d05cf30bad1da001b8546ed",0,0,0,0,0,0,6,0,0,0,0,0,3,0,0,0,0,0,11,0,6,0,3,2,0,2,0,0,3,0,0,0,3,0,0,0,0,0,0,"D_0__Bacteria; D_1__Atribacteria; D_2__JS1; D_3__uncultured organism; D_4__uncultured organism; D_5__uncultured organism; D_6__uncultured organism"
"056f3796109c1acf679568fa6537a9a8",0,0,3,0,0,0,4,0,3,0,0,0,0,0,0,0,0,0,5,4,3,0,5,0,0,4,0,0,2,0,0,0,0,0,0,0,0,1,0,"D_0__Bacteria; D_1__Atribacteria; D_2__JS1; D_3__uncultured organism; D_4__uncultured organism; D_5__uncultured organism; D_6__uncultured organism"
"1a4fdb4445a3ab6c74ad212869ae89b2",0,0,12,2,0,6,2,0,2,0,0,0,0,2,0,0,0,0,0,0,0,2,2,2,0,0,0,0,0,0,0,0,0,0,0,2,0,0,0,"D_0__Bacteria; D_1__Hydrogenedentes; D_2__Hydrogenedentia; D_3__Hydrogenedentiales; D_4__Hydrogenedensaceae; D_5__uncultured Fusobacteria bacterium; D_6__uncultured Fusobacteria bacterium"
"d7d76a6e49ba07c748ac46634a8c69f9",28,0,0,0,13,11,2,0,0,4,0,0,22,0,13,6,0,14,2,0,0,0,0,20,0,0,0,7,0,0,4,0,0,13,5,8,0,0,0,"D_0__Bacteria; D_1__Gemmatimonadetes; D_2__MD2902-B12"
"e2e86e9f76411e4b3603405f43416d76",7,0,3,0,0,1,0,0,0,0,0,0,0,0,0,0,0,0,0,0,0,0,0,7,0,0,0,0,0,0,0,0,0,0,0,0,0,0,0,"D_0__Bacteria; D_1__Firmicutes; D_2__Clostridia; D_3__Thermoanaerobacterales; D_4__SRB2"
"ac8d0ef2b0c0a63255cc53d31271df61",10,0,4,3,5,9,8,0,7,1,4,0,25,3,18,3,0,32,26,0,20,0,14,12,9,8,5,3,15,0,4,0,14,20,18,11,0,0,0,"D_0__Bacteria; D_1__Firmicutes; D_2__Clostridia; D_3__Clostridiales; D_4__Ruminococcaceae; D_5__Sporobacter; D_6__uncultured Firmicutes bacterium"
"b3aaeba6ac2defc2b5e3431ae6f20cb5",0,0,0,0,0,0,0,0,0,0,13,0,0,0,3,0,0,0,2,0,2,0,0,0,0,0,0,0,0,0,7,0,0,0,4,2,0,0,0,"D_0__Bacteria; D_1__Firmicutes; D_2__Clostridia; D_3__Clostridiales"
"4316a5a916bb8210153063912da8ab81",0,0,0,0,0,0,0,0,0,0,0,0,4,0,20,0,0,0,3,0,3,0,0,0,0,0,0,0,0,0,0,0,0,3,0,0,0,0,0,"D_0__Bacteria; D_1__Firmicutes; D_2__Clostridia; D_3__Thermoanaerobacterales; D_4__SRB2"
"f9692ae445bcf708740b40effa01f45d",0,0,4,0,0,0,0,0,0,0,0,0,2,3,1,0,0,0,3,3,2,0,0,0,0,0,0,0,0,0,0,2,0,0,0,5,0,0,0,"D_0__Bacteria; D_1__Bacteroidetes; D_2__Bacteroidia; D_3__Bacteroidales; D_4__Bacteroidetes vadinHA17; D_5__uncultured bacterium; D_6__uncultured bacterium"
"3ad86b4d4ccb28d6a14d7577cb9d3821",6,0,6,0,0,0,0,0,0,0,11,0,0,4,5,0,0,2,0,0,0,0,0,13,0,0,0,0,0,0,4,0,0,4,0,5,0,0,0,"D_0__Bacteria; D_1__Planctomycetes; D_2__Phycisphaerae; D_3__mle1-8; D_4__uncultured Schlesneria sp.; D_5__uncultured Schlesneria sp.; D_6__uncultured Schlesneria sp."
"5bd7e0351b60f3b0b8a9c044b7a0d2ed",0,0,0,9,1,7,8,0,5,0,0,0,9,1,0,18,0,17,6,0,13,0,12,4,10,10,4,2,10,0,0,0,4,0,3,4,0,0,0,"D_0__Bacteria; D_1__Proteobacteria; D_2__Deltaproteobacteria; D_3__Desulfobacterales; D_4__Desulfobacteraceae; D_5__uncultured"
"b1f0ccf1929e4c18719b3b418f48b4e8",0,0,0,0,0,0,0,0,0,0,2,0,0,0,0,70,0,0,0,0,0,0,0,0,0,0,0,0,0,0,2,0,0,0,0,0,0,0,0,"D_0__Bacteria; D_1__Firmicutes; D_2__Clostridia; D_3__Clostridiales; D_4__Lachnospiraceae; D_5__Mobilitalea; D_6__Mobilitalea sibirica"
"403825f8475a4ac260b06ddcfee3536a",2,0,0,0,9,0,0,0,0,0,0,2,0,0,0,0,0,0,0,0,0,0,0,4,0,0,0,0,0,0,0,0,0,0,0,0,0,0,0,"D_0__Bacteria; D_1__Firmicutes; D_2__Clostridia; D_3__Clostridiales; D_4__Peptococcaceae; D_5__uncultured; D_6__uncultured bacterium"
"fd12fef5cd042e6d041abd95eba52cc3",157,445,0,0,24,148,0,0,269,144,4,603,0,0,15,28,360,10,0,0,0,441,0,150,231,0,0,22,0,221,3,0,0,2,3,0,704,170,1342,"D_0__Bacteria; D_1__Firmicutes; D_2__Clostridia; D_3__Clostridiales; D_4__Lachnospiraceae; D_5__uncultured; D_6__uncultured low G+C Gram-positive bacterium"
"1621169913d383fc5f6a00ae6b5a6f34",0,0,3,0,0,0,0,0,0,0,0,0,0,0,0,0,6,0,0,2,0,6,0,3,0,0,0,0,0,0,0,0,0,0,2,0,0,0,0,"D_0__Bacteria; D_1__Proteobacteria; D_2__Deltaproteobacteria; D_3__Syntrophobacterales; D_4__Syntrophaceae; D_5__uncultured"
"0fa0b9469ca1b8a9e084e40b56b90ce8",0,0,0,0,0,0,1,0,0,0,0,0,0,0,0,2,0,0,0,0,0,0,7,0,2,6,5,0,7,0,0,0,6,0,0,0,0,0,0,"D_0__Bacteria; D_1__Bacteroidetes; D_2__Bacteroidia; D_3__Bacteroidales; D_4__Prolixibacteraceae; D_5__uncultured"
"fd9a42a20f5c138d18edfada647cbf03",0,0,0,0,0,0,0,0,0,0,0,0,5,0,0,0,0,5,0,0,0,0,0,0,0,0,0,0,0,0,0,0,0,6,0,0,0,0,0,"D_0__Bacteria; D_1__Firmicutes; D_2__Clostridia; D_3__Clostridiales; D_4__uncultured"
"76287197a212650f515d0a0b0bbabed7",0,0,0,0,0,2,0,0,6,0,0,0,0,0,0,0,0,0,6,0,7,0,8,0,8,0,2,0,6,0,0,0,2,0,0,0,0,0,0,"D_0__Bacteria; D_1__Hydrogenedentes; D_2__Hydrogenedentia; D_3__Hydrogenedentiales; D_4__Hydrogenedensaceae; D_5__uncultured bacterium; D_6__uncultured bacterium"
"dc283a8d1ab4be311fab81b7f496223d",0,0,0,0,0,0,2,0,0,0,0,0,0,0,0,0,0,0,0,0,3,0,0,0,2,0,0,3,2,0,0,5,0,0,0,0,0,0,0,"D_0__Bacteria; D_1__Chloroflexi; D_2__Anaerolineae; D_3__Anaerolineales; D_4__Anaerolineaceae; D_5__uncultured"
"f9d26d8c0f04a5f8693834684f24b792",11,0,40,9,7,0,14,3,9,8,0,0,9,7,6,4,0,14,24,0,15,0,30,18,14,14,11,2,29,0,4,0,39,12,18,20,0,0,0,"D_0__Bacteria; D_1__Lentisphaerae; D_2__Oligosphaeria; D_3__Oligosphaerales; D_4__Lenti-02; D_5__uncultured bacterium; D_6__uncultured bacterium"
"2b3ed8291fffd04ae303e40b55d8ccca",29,0,6,2,6,31,6,2,5,28,12,0,3,2,0,9,4,13,24,0,29,3,23,28,1,0,0,0,0,0,2,0,19,2,6,7,0,5,2,"D_0__Bacteria; D_1__Acidobacteria; D_2__Subgroup 21; D_3__uncultured organism; D_4__uncultured organism; D_5__uncultured organism; D_6__uncultured organism"
"a09d76edd358e9ea0e058ab8cefc3922",0,0,0,0,2,0,0,0,0,0,0,0,0,0,3,4,0,2,0,0,0,0,0,0,0,0,0,0,0,0,0,0,0,0,0,0,0,0,0,"D_0__Bacteria; D_1__Latescibacteria; D_2__Latescibacteria; D_3__Latescibacterales; D_4__Latescibacteraceae"
"2b55129e83dc9fbb876ef3e1b1b698a4",0,0,1,2,0,4,0,2,0,0,0,0,4,0,0,11,4,2,0,0,0,4,0,2,2,0,0,0,0,3,0,0,2,0,0,2,0,4,2,"D_0__Bacteria; D_1__Chloroflexi; D_2__Anaerolineae; D_3__SBR1031"
"009df710fcbb31b7d3e667e218e5782b",25,0,0,0,9,8,58,0,38,6,7,0,8,0,28,25,0,12,68,0,64,0,87,41,39,52,16,4,72,0,4,4,55,15,13,20,0,0,0,"D_0__Bacteria; D_1__Bacteroidetes; D_2__Bacteroidia; D_3__Bacteroidales; D_4__Prolixibacteraceae; D_5__uncultured"
"ed9e973ee7e7cb130b8767ad61326c5e",57,2,56,3,89,0,0,10,0,0,143,0,19,6,26,0,2,17,0,0,0,2,0,70,0,0,0,64,2,8,98,0,0,32,14,24,3,10,2,"D_0__Bacteria; D_1__Firmicutes; D_2__Clostridia; D_3__Clostridiales"
"8be5c3bf8f49fc97b83f716207218466",0,0,0,5,4,2,1,0,0,0,3,0,6,0,5,0,0,7,7,0,0,0,4,3,0,0,0,0,0,0,2,0,0,2,0,0,0,0,0,"D_0__Bacteria; D_1__Firmicutes; D_2__Clostridia; D_3__Clostridiales; D_4__Clostridiaceae 2; D_5__Anoxynatronum"
"81ce729edbea39c09676b55a31e2c59b",0,0,3,0,9,5,0,0,0,2,0,0,2,0,3,0,0,0,0,0,0,0,2,2,0,0,0,0,0,0,2,0,0,8,0,9,0,0,0,"D_0__Bacteria; D_1__Planctomycetes; D_2__Planctomycetacia; D_3__Pirellulales; D_4__Pirellulaceae; D_5__Pir4 lineage"
"1d555558ac59203522323257d7fc7c72",3,0,3,0,29,4,0,0,0,5,11,0,0,0,0,0,2,0,2,0,0,0,0,0,0,0,0,13,0,0,14,0,0,0,0,0,0,0,0,"D_0__Bacteria; D_1__Firmicutes; D_2__Clostridia; D_3__Clostridiales; D_4__Peptococcaceae; D_5__Desulfotomaculum"
"f017008c968cd45eefff03b3405dff4a",0,0,0,0,0,0,3,0,0,0,0,0,0,0,0,0,0,0,0,0,2,0,6,0,1,3,0,0,0,0,0,0,1,0,0,0,0,0,0,"D_0__Bacteria; D_1__Chloroflexi; D_2__Anaerolineae; D_3__Anaerolineales; D_4__Anaerolineaceae"
"5ef21f70b227180fbcba244b7d89526e",5,0,0,3,0,0,3,0,2,3,2,0,9,0,14,0,0,5,0,0,5,0,0,10,0,6,2,0,0,0,3,0,3,7,5,4,0,0,0,"D_0__Bacteria; D_1__Firmicutes; D_2__Clostridia; D_3__Clostridiales; D_4__MAT-CR-H4-C10; D_5__uncultured bacterium; D_6__uncultured bacterium"
"69273778b55db6b069e051e46aa0a26f",0,0,2,0,2,12,0,0,2,7,0,0,0,0,0,7,8,0,3,0,5,8,3,0,0,0,0,0,0,0,0,7,4,3,0,2,0,0,0,"D_0__Bacteria; D_1__Synergistetes; D_2__Synergistia; D_3__Synergistales; D_4__Synergistaceae; D_5__Thermovirga; D_6__uncultured Synergistaceae bacterium"
"d4aa4f9c846bfb041c1c1b408187e915",6,0,0,0,0,0,3,0,0,0,2,0,0,0,0,0,0,2,0,0,3,0,0,0,0,2,0,0,0,0,0,0,0,0,2,0,0,0,0,"D_0__Bacteria; D_1__Bacteroidetes; D_2__Ignavibacteria; D_3__OPB56; D_4__uncultured organism; D_5__uncultured organism; D_6__uncultured organism"
"dc36d1651f4ef0e67743fe151f959828",3,0,0,0,0,0,0,0,0,0,0,0,2,0,0,14,0,0,0,0,0,0,0,10,0,0,0,0,0,0,2,0,0,0,0,0,0,0,0,"D_0__Bacteria; D_1__Firmicutes; D_2__Clostridia; D_3__Clostridiales; D_4__Peptococcaceae; D_5__uncultured; D_6__uncultured bacterium"
"b17c35a1845558252fdacb5211aedca2",8,0,0,0,0,8,5,0,5,10,0,0,12,0,12,14,0,35,7,2,13,0,23,22,10,6,2,0,5,0,0,3,10,11,5,25,0,0,0,"D_0__Bacteria; D_1__Bacteroidetes; D_2__Bacteroidia; D_3__Bacteroidales; D_4__Prolixibacteraceae"
"34c8252ea4f46507192f438bb0553278",0,0,5,0,0,0,0,0,0,0,0,0,2,0,0,0,0,4,0,0,0,0,0,0,0,0,0,0,0,0,0,0,0,0,2,2,0,0,0,"D_0__Bacteria; D_1__Chloroflexi; D_2__Dehalococcoidia; D_3__GIF3; D_4__uncultured bacterium; D_5__uncultured bacterium; D_6__uncultured bacterium"
"9ba02c55173b4a3258fc44444e7b74e6",2,0,0,0,0,0,4,0,2,0,0,0,0,0,0,2,0,3,7,0,6,0,9,0,0,6,0,0,5,0,0,0,9,0,0,0,0,0,0,"D_0__Bacteria; D_1__WS1; D_2__uncultured organism; D_3__uncultured organism; D_4__uncultured organism; D_5__uncultured organism; D_6__uncultured organism"
"71acf2b17f76eee2b230243a899decdb",4,0,0,0,9,0,0,0,0,0,0,0,0,0,8,1,0,0,0,0,0,0,0,34,0,0,0,0,0,0,0,0,0,0,0,0,0,0,0,"D_0__Bacteria; D_1__Firmicutes; D_2__Clostridia; D_3__Clostridiales; D_4__Clostridiaceae 1; D_5__Oxobacter; D_6__uncultured bacterium"
"b9a4226ede0acdc7fc0fb9a5f0de2b7d",0,0,0,0,0,0,0,0,0,0,0,0,0,0,0,0,0,0,0,11,0,2,2,0,0,0,0,0,0,0,0,23,0,0,0,0,0,0,0,"D_0__Bacteria; D_1__Proteobacteria; D_2__Gammaproteobacteria; D_3__Oceanospirillales; D_4__Halomonadaceae; D_5__Halomonas"
"e62293617478a908fd89f41da85201bd",33,0,12,2,18,2,0,3,0,5,14,0,12,3,13,5,0,4,5,0,0,0,2,39,2,0,0,11,2,0,15,0,2,16,4,4,0,0,0,"D_0__Bacteria; D_1__Planctomycetes; D_2__Phycisphaerae; D_3__Phycisphaerales; D_4__AKAU3564 sediment group"
"7d33f18939e16358798b59e758e2e196",0,0,2,0,0,0,0,0,0,3,0,0,0,0,2,0,0,3,0,0,0,0,0,0,0,0,0,0,0,0,0,0,0,0,0,0,0,0,0,"D_0__Bacteria; D_1__Proteobacteria; D_2__Deltaproteobacteria; D_3__Desulfarculales; D_4__Desulfarculaceae; D_5__Desulfatiglans; D_6__uncultured sulfate-reducing bacterium"
"de360e6cc338a3ea5f7220ba9aca389c",2,0,0,0,0,2,0,0,3,0,0,0,0,0,0,0,0,0,0,0,0,0,0,1,3,0,0,0,0,0,0,0,0,0,0,0,0,0,0,"D_0__Bacteria; D_1__Firmicutes; D_2__Clostridia; D_3__Clostridiales; D_4__Peptococcaceae"
"bb5a0b243a1cad9baac83cd01ef5808e",0,0,0,0,0,0,0,0,0,0,0,0,0,0,0,0,0,0,0,0,0,0,4,0,1,2,0,0,6,0,0,0,5,0,0,0,0,0,0,"D_0__Bacteria; D_1__Bacteroidetes; D_2__Bacteroidia; D_3__Bacteroidales; D_4__Prolixibacteraceae; D_5__uncultured"
"5ae89b5ecce83858539fb2aa43ec7fef",3,0,0,2,0,5,0,0,2,3,0,0,3,0,7,0,0,0,0,0,0,0,2,9,0,0,0,0,2,0,2,0,2,0,4,2,0,0,0,"D_0__Bacteria; D_1__BRC1; D_2__uncultured bacterium; D_3__uncultured bacterium; D_4__uncultured bacterium; D_5__uncultured bacterium; D_6__uncultured bacterium"
"316660f2afa890713fda52bd7107a635",2,0,4,0,0,0,13,0,18,2,0,0,0,0,4,0,12,0,24,15,16,15,20,0,6,17,3,0,11,6,0,24,27,0,0,0,0,7,0,"D_0__Bacteria; D_1__Chloroflexi; D_2__Anaerolineae; D_3__Anaerolineales; D_4__Anaerolineaceae; D_5__ADurb.Bin120; D_6__uncultured bacterium"
"8a4f8194419f8081c6bca5d6e18f52ea",3,0,3,0,0,0,2,0,4,0,0,0,0,0,2,0,2,4,9,3,6,2,2,0,1,2,0,0,7,0,0,7,3,0,0,0,0,0,0,"D_0__Bacteria; D_1__Atribacteria; D_2__JS1; D_3__uncultured organism; D_4__uncultured organism; D_5__uncultured organism; D_6__uncultured organism"
"32ae4dbfc8fcb1c714c1982f52c53d55",0,0,0,0,0,4,0,0,0,2,0,0,0,0,18,2,0,0,34,0,23,0,16,0,0,2,2,0,0,0,2,2,2,34,0,0,0,0,0,"D_0__Bacteria; D_1__Firmicutes; D_2__Clostridia; D_3__Clostridiales; D_4__Ruminococcaceae"
"77ba79c451eb0d2a6bd1b8b42318acde",0,0,0,0,0,0,3,0,28,0,0,0,0,0,0,2,3,0,10,0,9,8,6,2,8,4,0,0,6,8,0,0,5,0,0,0,0,3,0,"D_0__Bacteria; D_1__Proteobacteria; D_2__Deltaproteobacteria; D_3__Desulfobacterales; D_4__Desulfobulbaceae; D_5__uncultured"
"832f794064a336b95d34ada5ab81540b",0,0,0,0,0,0,7,0,9,0,0,0,0,0,0,0,2,0,12,0,15,4,10,0,15,7,2,0,6,0,0,0,14,0,0,0,0,0,0,"D_0__Bacteria; D_1__Bacteroidetes; D_2__Bacteroidia; D_3__Bacteroidales; D_4__ML635J-40 aquatic group; D_5__uncultured Sphingobacteriia bacterium; D_6__uncultured Sphingobacteriia bacterium"
"83db017f02bd6cc249965deaf28dd4e1",0,0,0,0,2,5,0,0,0,5,0,0,0,0,0,0,0,0,0,0,0,0,0,0,0,0,0,0,0,0,0,0,0,2,0,2,0,0,0,"D_0__Bacteria; D_1__Bacteroidetes; D_2__Bacteroidia; D_3__Bacteroidales; D_4__Marinilabiliaceae; D_5__Anaerophaga"
"62ee72f68f8dec128c3a42286b372a36",18,0,0,0,0,198,3,0,0,135,0,0,24,2,2,354,0,12,4,0,0,0,8,18,2,6,2,0,5,2,0,0,8,0,2,7,0,0,0,"D_0__Bacteria; D_1__Bacteroidetes; D_2__Bacteroidia; D_3__Bacteroidales; D_4__Marinilabiliaceae; D_5__uncultured"
"befba35cc72cb2e7a92235ceadad55d3",0,0,0,0,0,0,0,0,1,0,0,0,0,0,0,0,0,0,3,0,0,2,0,0,0,1,0,0,2,0,0,0,3,0,0,0,0,0,0,"D_0__Bacteria; D_1__Firmicutes; D_2__Clostridia; D_3__Clostridiales; D_4__Ruminococcaceae; D_5__Ercella; D_6__uncultured bacterium SHA-33"
"639558b314065949b82cb1673b138b23",0,0,0,0,39,0,0,0,0,0,0,0,0,0,0,0,0,0,0,0,0,0,0,0,0,0,0,0,0,0,0,0,0,0,0,0,0,0,0,"D_0__Bacteria; D_1__Proteobacteria; D_2__Gammaproteobacteria; D_3__Pseudomonadales; D_4__Moraxellaceae; D_5__Enhydrobacter"
"873c8dc19371a187c60dc3682e9e2f6e",0,0,0,0,0,0,0,0,0,0,0,0,0,0,0,2,0,0,0,0,0,0,0,0,0,0,0,0,0,0,0,0,0,8,0,0,0,0,0,"D_0__Bacteria; D_1__Planctomycetes; D_2__Phycisphaerae; D_3__MSBL9; D_4__SG8-4; D_5__uncultured organism; D_6__uncultured organism"
"d34557943da3708cc5d4032f6c12e679",0,0,0,0,0,0,0,0,0,0,0,0,0,0,0,2,0,2,0,40,0,0,0,0,0,0,0,0,0,0,0,31,0,0,0,0,0,0,0,"D_0__Bacteria; D_1__Proteobacteria; D_2__Gammaproteobacteria; D_3__Oceanospirillales; D_4__Nitrincolaceae; D_5__Marinobacterium"
"cc8da74e8aec17d616da02c97498dba7",2,0,0,0,0,0,4,0,0,0,0,0,0,0,0,2,0,0,2,2,9,0,0,0,0,0,0,0,0,0,0,0,6,0,0,0,0,0,0,"D_0__Bacteria; D_1__Bacteroidetes; D_2__Bacteroidia; D_3__Bacteroidales; D_4__Prolixibacteraceae; D_5__uncultured"
"1b8725052f6c022379e97d38588ae97b",4,0,4,0,0,0,2,0,0,0,0,0,0,0,0,6,0,0,2,0,0,2,0,2,2,0,0,0,0,2,0,0,0,16,0,0,0,0,2,"D_0__Bacteria; D_1__Actinobacteria; D_2__WCHB1-81; Ambiguous_taxa; Ambiguous_taxa; Ambiguous_taxa; Ambiguous_taxa"
"885930e0554a27833dc2bf2278c22731",0,0,22,6,0,0,0,5,0,0,0,0,0,4,0,0,0,0,0,0,0,0,0,0,0,0,0,0,0,0,0,0,0,0,0,0,0,0,0,"D_0__Bacteria; D_1__Planctomycetes"
"f294495ec0ed584a38b39a1a67053d06",0,0,0,0,0,5,0,0,0,1,0,0,0,0,0,45,0,0,0,0,0,0,0,0,0,0,0,0,0,0,0,0,0,0,0,0,0,0,0,"D_0__Bacteria; D_1__Halanaerobiaeota; D_2__Halanaerobiia; D_3__Halanaerobiales; D_4__Halobacteroidaceae; D_5__uncultured"
"9b30e37998bd9f7a312a8c8205a8bf50",14,0,0,0,0,0,29,0,8,0,2,0,21,0,26,10,0,14,28,0,32,0,31,13,12,16,10,0,22,0,8,0,31,53,24,32,0,0,0,"D_0__Bacteria; D_1__Bacteroidetes; D_2__Bacteroidia; D_3__Bacteroidales; D_4__Prolixibacteraceae; D_5__uncultured"
"f59d0345d62efc2e91bdede33610a92e",0,0,0,0,3,0,2,0,3,0,0,0,0,0,0,0,0,2,2,3,0,0,2,0,0,0,0,0,0,0,4,0,3,0,5,0,0,0,0,"D_0__Bacteria; D_1__Tenericutes; D_2__Mollicutes; D_3__Izimaplasmatales; D_4__Izimaplasmataceae; D_5__uncultured bacterium; D_6__uncultured bacterium"
"399ba1cbc746f1fa15fe61eca444fc39",0,0,0,0,0,2,0,0,0,0,0,0,0,0,0,0,0,4,2,0,2,0,5,0,2,4,0,0,2,0,0,0,0,0,2,0,0,0,0,"D_0__Bacteria; D_1__Firmicutes; D_2__Clostridia; D_3__Clostridiales; D_4__Peptococcaceae; D_5__uncultured"
"d3f1984bc8801293843cc5a070b667cf",0,0,9,0,0,0,0,0,0,0,0,0,0,5,0,0,0,0,0,0,0,0,0,0,0,0,0,0,0,0,0,0,0,3,0,3,0,0,0,"D_0__Bacteria; D_1__Lentisphaerae; D_2__Oligosphaeria; D_3__Oligosphaerales; D_4__Lenti-02"
"9e9b047079f97e650b6a2c6b6f0b3a04",52,0,0,0,0,2,0,0,4,3,0,0,33,0,68,2,0,46,0,0,0,0,2,62,0,0,0,0,0,0,4,0,0,85,16,34,0,0,0,"D_0__Bacteria; D_1__Bacteroidetes; D_2__Bacteroidia; D_3__Bacteroidales; D_4__Marinilabiliaceae"
"7b22c45922644bcafe77aefbae89d3bc",0,0,0,0,0,0,0,0,0,0,0,0,0,0,0,0,0,1,0,0,0,0,0,8,0,0,0,6,0,0,2,0,0,1,0,0,0,0,0,"D_0__Bacteria; D_1__Firmicutes; D_2__Clostridia; D_3__Clostridiales; D_4__Clostridiaceae 4; D_5__Salimesophilobacter"
"4b58262f34971f620a1e8a61f5fd8352",0,0,0,0,0,0,0,0,0,0,0,0,0,0,0,0,7,0,0,0,0,5,0,2,0,0,0,0,0,6,0,0,0,0,0,0,0,0,0,"D_0__Bacteria; D_1__Firmicutes; D_2__Clostridia; D_3__Clostridiales; D_4__Peptococcaceae; D_5__uncultured"
"94254eee84eae3cef87074d6c19e98b8",0,0,9,0,0,2,0,3,2,0,0,0,3,8,2,0,0,0,4,4,1,0,7,0,0,2,0,0,3,0,0,0,0,4,0,2,0,0,2,"D_0__Bacteria; D_1__Firmicutes; D_2__Clostridia; D_3__Clostridiales; D_4__Syntrophomonadaceae; D_5__uncultured; D_6__bacterium YC-ZSS-LKJ23"
"7aa5a28bc8d16cdb136c9460c935ffff",4,0,0,0,0,1,9,0,7,1,0,0,20,0,11,4,0,16,15,0,7,0,18,5,3,1,4,0,11,0,0,0,11,9,16,16,0,0,0,"D_0__Bacteria; D_1__Bacteroidetes; D_2__Bacteroidia; D_3__Bacteroidales; D_4__Prolixibacteraceae; D_5__uncultured"
"0a688d14f82eb1c487d19f3bf99720a2",2,0,10,2,0,9,21,0,19,4,0,0,2,2,2,0,13,2,22,17,15,14,21,0,9,12,2,0,18,9,0,31,16,0,0,0,0,13,0,"D_0__Bacteria; D_1__Chloroflexi; D_2__Anaerolineae; D_3__Anaerolineales; D_4__Anaerolineaceae; D_5__ADurb.Bin120; D_6__uncultured bacterium"
"d758c84acc40954a0b15b8047c7c1a2c",23,0,0,0,0,2,0,0,0,7,0,0,0,0,0,2,0,0,0,0,0,0,0,26,0,0,0,0,0,0,0,0,0,0,0,0,0,0,0,"D_0__Bacteria; D_1__Firmicutes; D_2__Clostridia; D_3__Clostridiales; D_4__Clostridiaceae 1; D_5__Clostridium sensu stricto 13; Ambiguous_taxa"
"cb8b16b3c3976682a32e1e362865c53d",6,0,0,0,0,7,0,0,2,9,8,0,8,0,6,5,0,9,0,0,0,0,3,6,0,0,0,0,0,0,2,0,0,3,3,7,0,0,0,"D_0__Bacteria; D_1__Bacteroidetes; D_2__Bacteroidia; D_3__Bacteroidales; D_4__Bacteroidetes BD2-2"
"4c613952b8738735dfb6b2954301b6a3",0,0,2,0,3,23,2,0,1,17,0,0,1,0,0,21,0,0,6,0,0,0,6,0,2,4,2,0,3,0,0,0,3,5,0,0,0,0,0,"D_0__Bacteria; D_1__Chloroflexi; D_2__Anaerolineae; D_3__SBR1031"
"bc6f8bca5dc85c460e8534e88e09e546",0,0,0,0,0,13,0,0,0,0,0,0,0,0,0,0,0,0,0,0,0,0,0,1,0,0,0,0,0,0,0,0,0,0,0,1,0,0,0,"D_0__Bacteria; D_1__Halanaerobiaeota; D_2__Halanaerobiia; D_3__Halanaerobiales; D_4__Halobacteroidaceae; D_5__uncultured"
"8f0bd4189f9504461ae0c3bbbc790b7c",0,0,0,0,5,1,0,0,0,7,2,0,0,0,0,0,0,0,0,0,3,2,2,0,0,0,0,0,0,2,0,3,0,6,0,0,0,0,0,"D_0__Bacteria; D_1__Firmicutes; D_2__Clostridia; D_3__Clostridiales; D_4__Clostridiaceae 1; D_5__Clostridium sensu stricto 7; D_6__bacterium enrichment culture clone LA60"
"63fdb8a85e92de86184bf7643fb460d3",32,0,0,0,0,0,0,0,0,0,0,0,0,0,11,0,0,0,2,0,3,0,0,39,0,0,0,0,0,0,0,0,0,22,0,0,0,0,0,"D_0__Bacteria; D_1__Firmicutes; D_2__Clostridia; D_3__Clostridiales; D_4__Ruminococcaceae; D_5__Sporobacter"
"b2cf49877d08dd143982d01428639407",0,0,0,0,0,0,0,0,1,3,0,0,0,0,0,0,3,0,3,7,3,0,1,0,2,0,0,0,3,0,0,14,4,0,0,0,0,0,0,"D_0__Bacteria; D_1__Synergistetes; D_2__Synergistia; D_3__Synergistales; D_4__Synergistaceae; D_5__uncultured"
"632d8abe4c8509ce0dc9a3b600669d07",10,0,0,0,0,0,0,0,0,0,0,0,0,0,0,18,0,4,0,0,0,0,0,2,0,3,0,0,3,0,3,2,0,0,0,0,0,0,0,"D_0__Bacteria; D_1__Tenericutes; D_2__Mollicutes; D_3__Haloplasmatales; D_4__Haloplasmataceae; D_5__Haloplasma; D_6__uncultured bacterium"
"0c85eac5eaf788fe819b8c367382834d",0,0,0,0,0,0,0,0,0,6,0,0,0,0,0,9,0,0,0,0,0,0,0,0,0,0,0,0,0,0,0,0,0,0,0,0,0,0,0,"D_0__Bacteria; D_1__Firmicutes; D_2__Clostridia; D_3__Clostridiales; D_4__Ruminococcaceae; D_5__Sporobacter; D_6__uncultured Firmicutes bacterium"
"52c4b8291f7974431db830c5fe1d0b48",0,0,1,0,0,0,2,0,2,0,0,0,0,0,0,0,2,0,6,0,5,1,11,0,4,3,2,0,3,1,0,0,10,0,0,0,0,1,0,"D_0__Bacteria; D_1__Synergistetes; D_2__Synergistia; D_3__Synergistales; D_4__Synergistaceae; D_5__Thermovirga; D_6__uncultured Synergistaceae bacterium"
"0288ea2d79163818321f65e5dc7c3180",0,0,0,0,16,0,0,0,0,0,0,0,0,0,0,0,0,0,0,0,0,0,0,0,0,0,0,23,0,0,0,6,0,0,0,0,0,0,0,"D_0__Bacteria; D_1__Proteobacteria; D_2__Gammaproteobacteria; D_3__Thiomicrospirales; D_4__Thiomicrospiraceae; D_5__Thiomicrospira; D_6__uncultured bacterium"
"de09b957dbd5a4173a9e7de80f55b66f",17,0,4,1,6,0,0,0,0,3,3,0,5,1,2,12,0,0,0,0,0,0,0,14,0,0,0,6,0,0,0,0,0,12,9,1,0,0,0,"D_0__Bacteria; D_1__Planctomycetes; D_2__Phycisphaerae; D_3__MSBL9; D_4__SG8-4; D_5__bacterium enrichment culture clone AOM-SR-B13; D_6__bacterium enrichment culture clone AOM-SR-B13"
"1d1e25fd04f74018fcc8186f2ada271e",2,0,0,0,4,0,0,0,0,0,12,0,0,0,2,3,0,3,0,0,2,0,0,7,0,0,0,2,0,0,31,0,0,8,2,0,0,1,0,"D_0__Bacteria; D_1__Firmicutes; D_2__Clostridia; D_3__Clostridiales; D_4__Lachnospiraceae; D_5__Cellulosilyticum; D_6__uncultured bacterium"
"d47ac0ba0558d9928d03a14e9665ee74",0,0,0,0,0,0,0,0,3,0,0,0,0,0,0,2,0,0,0,3,0,0,2,0,2,0,0,0,0,0,0,2,0,0,0,0,0,0,0,"D_0__Bacteria; D_1__Bacteroidetes; D_2__Bacteroidia; D_3__Flavobacteriales; D_4__Flavobacteriaceae; D_5__Salegentibacter; D_6__uncultured bacterium"
"cb1aaae446ba0afcc8a33199f07d15b5",0,0,0,0,6,0,0,0,0,0,0,0,0,0,0,4,0,0,0,0,0,0,0,0,0,0,0,5,0,0,7,0,0,0,0,0,0,0,0,"D_0__Bacteria; D_1__Proteobacteria; D_2__Gammaproteobacteria; D_3__Betaproteobacteriales; D_4__Burkholderiaceae; D_5__Cupriavidus; D_6__Cupriavidus necator"
"291326312449f368af6e2d862d3232fa",0,0,0,0,0,0,0,0,0,1,5,0,0,7,0,0,2,0,0,0,0,0,4,0,0,0,0,0,0,0,17,0,0,4,0,0,0,0,0,"D_0__Bacteria; D_1__Firmicutes; D_2__Clostridia; D_3__Clostridiales; D_4__Ruminococcaceae; D_5__Ercella; D_6__uncultured bacterium"
"706bb51ab3e98de4567265d9f25fb6d8",0,0,0,0,22,0,2,0,3,5,22,0,2,0,5,15,2,9,1,0,3,0,0,0,0,0,2,58,0,0,17,0,1,7,2,4,0,0,0,"D_0__Bacteria; D_1__Firmicutes; D_2__Clostridia; D_3__Clostridiales; D_4__Clostridiaceae 3; D_5__Brassicibacter; D_6__uncultured Firmicutes bacterium"
"99c87c8805a4de0672011464991f82a2",13,0,0,0,4,112,2,0,0,33,21,0,34,0,5,243,0,28,9,0,4,0,0,35,0,3,0,8,4,0,17,0,1,0,4,0,0,0,3,"D_0__Bacteria; D_1__Halanaerobiaeota; D_2__Halanaerobiia; D_3__Halanaerobiales; D_4__Halobacteroidaceae; D_5__uncultured"
"242fe2f17d021d3cf2d7d47a75e96e42",16,0,6,5,2,0,0,0,2,0,3,0,5,2,17,6,0,2,0,0,0,0,3,22,2,2,0,2,2,0,4,0,0,14,6,14,0,0,0,"D_0__Bacteria; D_1__Firmicutes; D_2__Clostridia; D_3__Clostridiales; D_4__Christensenellaceae; D_5__uncultured"
"455d2f8e77aea8df120f5c8eff9a1dc8",1,0,10,0,2,26,8,8,0,12,0,0,0,0,0,0,0,12,0,0,0,0,0,0,0,5,7,0,0,2,0,2,0,14,4,5,0,5,1,"D_0__Bacteria; D_1__Firmicutes; D_2__Clostridia; D_3__Clostridiales; D_4__Clostridiaceae 1; D_5__Proteiniclasticum; Ambiguous_taxa"
"0a7a2e51d21ca409806555104ff427cc",5,0,6,5,23,26,0,3,0,21,5,0,15,6,13,7,0,13,3,0,0,0,0,7,0,0,0,16,0,0,0,0,3,7,3,8,0,0,0,"D_0__Bacteria; D_1__Planctomycetes; D_2__Phycisphaerae; D_3__MSBL9; D_4__SG8-4; D_5__bacterium enrichment culture clone AOM-SR-B13; D_6__bacterium enrichment culture clone AOM-SR-B13"
"97f435c776e28f87474c049a8b3681e6",0,0,0,0,0,7,0,0,0,3,0,0,0,0,0,0,0,0,0,0,0,0,0,0,0,0,0,0,0,0,0,0,0,0,0,0,0,0,0,"D_0__Bacteria; D_1__Firmicutes; D_2__Clostridia; D_3__Clostridiales; D_4__Clostridiaceae 1"
"2d874954c905673c9267b99951bc0d4c",50,0,245,17,633,419,15,66,21,612,835,7,9,52,262,198,21,27,81,0,41,15,74,51,4,33,21,426,135,84,779,0,73,268,374,373,0,77,10,"D_0__Bacteria; D_1__Firmicutes; D_2__Clostridia; D_3__Clostridiales; D_4__Peptostreptococcaceae"
"eff4f94744d2ca8f02b43dce88996d82",2,0,0,2,0,0,0,0,0,0,0,0,3,0,2,0,0,0,1,0,0,2,0,1,0,0,0,0,0,3,0,0,0,5,0,0,0,3,0,"D_0__Bacteria; D_1__Synergistetes; D_2__Synergistia; D_3__Synergistales; D_4__Synergistaceae; D_5__Thermovirga"
"f088b5cb5ad71961a435dce0cc096dbe",5,0,0,0,0,0,0,2,0,0,0,0,0,0,0,0,0,7,0,0,0,0,0,3,0,0,0,0,0,2,0,0,0,0,2,0,0,1,0,"D_0__Bacteria; D_1__Firmicutes; D_2__Clostridia; D_3__Clostridiales; D_4__Peptococcaceae; D_5__uncultured; D_6__uncultured bacterium"
"db011d6f37bbcff2110fd42d8293b2b3",0,0,0,0,0,0,4,0,12,4,0,0,0,0,0,0,0,0,10,0,12,0,6,0,7,11,3,0,16,0,0,3,8,0,0,0,0,0,0,"D_0__Bacteria; D_1__Bacteroidetes; D_2__Bacteroidia; D_3__Bacteroidales; D_4__Prolixibacteraceae; D_5__uncultured; D_6__uncultured bacterium"
"9ce021519bae37e736c86bf46d59cef0",0,0,2,0,0,5,1,0,8,0,0,0,0,0,0,0,0,3,5,0,11,0,7,0,2,5,2,0,5,0,0,3,7,4,0,0,0,0,0,"D_0__Bacteria; D_1__Synergistetes; D_2__Synergistia; D_3__Synergistales; D_4__Synergistaceae; D_5__Thermovirga"
"ca7386885bba6b1687c9010c8575ccc2",0,0,0,0,0,1,0,0,3,0,0,0,0,0,0,0,0,0,4,0,0,0,2,2,2,0,0,0,4,0,0,0,3,0,2,0,0,0,0,"D_0__Bacteria; D_1__Firmicutes; D_2__Clostridia; D_3__Clostridiales; D_4__MAT-CR-H4-C10; D_5__uncultured bacterium; D_6__uncultured bacterium"
"628074f977075293117420510b2e4cbd",0,0,0,0,0,4,0,0,0,0,4,0,6,0,0,1,0,4,0,0,3,0,0,0,0,0,0,3,0,0,0,0,0,2,3,2,0,0,0,"D_0__Bacteria; D_1__Firmicutes; D_2__Clostridia; D_3__Clostridiales; D_4__Clostridiaceae 4; D_5__Salimesophilobacter; D_6__Salimesophilobacter vulgaris"
"b90b2e82e544aaa28ac26c1782dfb7fb",42,9,91,22,391,753,353,40,102,430,179,10,389,28,960,479,0,266,459,24,514,0,821,67,105,388,228,254,532,0,153,33,502,1233,724,964,17,0,12,"D_0__Bacteria; D_1__Proteobacteria; D_2__Deltaproteobacteria; D_3__Desulfobacterales; D_4__Desulfobulbaceae; D_5__[Desulfobacterium] catecholicum group"
"3ec8ca5126695884eadb5efe5fad0984",0,0,0,0,0,0,0,0,0,0,0,0,0,0,0,15,0,0,0,0,0,0,0,0,0,0,0,0,0,0,0,0,0,0,0,0,0,0,0,"D_0__Bacteria; D_1__Firmicutes; D_2__Clostridia; D_3__Clostridiales; D_4__Ruminococcaceae; D_5__Ruminococcaceae UCG-014"
"b9440a72b46d119aa0f169d16752c40a",0,0,0,0,0,3,0,0,0,0,0,0,0,0,0,8,0,5,0,0,0,0,0,0,0,0,0,0,0,0,5,0,0,4,0,0,0,0,0,"D_0__Bacteria; D_1__Firmicutes; D_2__Clostridia; D_3__Clostridiales; D_4__Peptococcaceae; D_5__uncultured; D_6__uncultured bacterium"
"dfe2ff7b208591cf6e134feb18de58ba",0,0,4,0,0,0,0,0,3,0,0,0,2,0,0,0,0,0,3,3,9,0,5,0,0,0,2,0,1,0,0,5,4,0,0,0,0,0,0,"D_0__Bacteria; D_1__Chloroflexi; D_2__Anaerolineae; D_3__Anaerolineales; D_4__Anaerolineaceae; D_5__uncultured; D_6__uncultured Chloroflexi bacterium"
"6b916eeda58a72775799fb000e4b7a67",0,0,0,0,0,0,0,0,0,1,0,0,0,1,0,0,0,0,0,0,0,0,0,0,0,0,0,1,0,4,0,0,0,0,0,6,0,0,0,"D_0__Bacteria; D_1__Bacteroidetes; D_2__Bacteroidia; D_3__Bacteroidales; D_4__Marinilabiliaceae; D_5__uncultured"
"3df5f4f95a149a566a094bdf7aaa9ccb",0,0,0,0,0,0,3,0,5,0,0,0,0,0,0,0,0,0,3,0,0,0,0,0,5,0,0,0,0,0,0,0,3,0,0,0,0,0,0,"D_0__Bacteria; D_1__Proteobacteria; D_2__Deltaproteobacteria; D_3__Desulfobacterales; D_4__Desulfobacteraceae; D_5__Desulfobacter"
"b4973d41afdcd26196ee70f8a5faa54d",0,0,1,0,0,0,1,0,3,0,0,0,0,0,4,0,0,2,0,0,0,2,3,0,7,0,2,0,0,0,0,0,7,0,0,4,0,0,0,"D_0__Bacteria; D_1__Firmicutes; D_2__Clostridia; D_3__Clostridiales; D_4__Ruminococcaceae; D_5__Ercella; D_6__uncultured bacterium"
"1e9d043bbe15531130f5570694dde891",0,0,0,0,0,0,0,0,2,0,0,0,0,0,0,0,0,0,0,3,2,0,0,0,0,0,0,0,3,0,0,12,0,0,0,0,0,0,0,"D_0__Bacteria; D_1__Proteobacteria; D_2__Deltaproteobacteria; D_3__Desulfuromonadales; D_4__Geobacteraceae; D_5__Geothermobacter"
"32f64dc73b1e7e3946e13f4994be8851",4,0,2,0,0,3,0,0,0,0,0,0,0,0,0,0,0,0,0,0,0,0,2,2,0,0,0,0,2,0,0,0,2,0,0,0,0,0,0,"D_0__Bacteria; D_1__Spirochaetes; D_2__Spirochaetia; D_3__Spirochaetales; D_4__Spirochaetaceae; D_5__Candidatus Marispirochaeta"
"19d6aa6a21f3693c579cf9ee4b3b587c",17,0,0,0,2,352,0,0,2,201,8,0,18,0,21,94,0,6,15,0,12,0,13,18,6,12,3,4,16,0,7,0,3,19,3,3,0,0,0,"D_0__Bacteria; D_1__Bacteroidetes; D_2__Bacteroidia; D_3__Bacteroidales; D_4__Marinilabiliaceae; D_5__Marinilabilia; D_6__Marinilabilia nitratireducens"
"c73896e2e0991a02e9d3ab2a46459b89",0,0,25,9,0,0,0,2,0,0,0,0,0,12,0,0,0,0,0,0,0,0,0,0,0,0,0,0,0,0,0,0,0,0,0,0,0,0,0,"D_0__Bacteria; D_1__Proteobacteria; D_2__Deltaproteobacteria; D_3__Desulfobacterales; D_4__Desulfobacteraceae; D_5__uncultured"
"6c9a91aef79cb362ea19abce0d165399",5,0,1,5,0,20,77,5,47,14,3,1,31,12,24,16,11,40,52,16,66,4,72,0,37,51,19,0,74,27,0,23,57,67,12,17,0,24,6,"D_0__Bacteria; D_1__Firmicutes; D_2__Clostridia; D_3__Clostridiales; D_4__Family XI"
"426d12b97f8853e87a6c7b8942f25caa",0,0,2,0,0,2,0,0,0,0,0,0,0,2,0,0,0,0,0,0,0,0,0,0,0,0,0,0,3,0,0,0,1,0,0,0,0,0,0,"D_0__Bacteria; D_1__Firmicutes; D_2__Clostridia; D_3__Clostridiales; D_4__Syntrophomonadaceae; D_5__uncultured"
"50a8c5a411dd610770c852f11233d8de",0,0,4,1,0,2,0,0,2,0,0,0,0,0,4,0,2,0,1,0,0,5,0,0,0,0,0,0,2,0,2,0,0,1,0,0,0,0,0,"D_0__Bacteria; D_1__Actinobacteria; D_2__WCHB1-81; D_3__uncultured bacterium; D_4__uncultured bacterium; D_5__uncultured bacterium; D_6__uncultured bacterium"
"c07c17bbd65d238cfa479afb94da0d25",2,0,0,0,0,0,0,0,0,0,2,0,0,0,2,0,0,0,0,0,0,0,0,0,0,0,0,0,0,0,3,0,3,0,0,0,0,0,0,"D_0__Bacteria; D_1__Firmicutes; D_2__Clostridia; D_3__Clostridiales"
"c451588372b0bb9c4c28ef9c9cc07521",0,0,0,0,0,0,2,0,0,0,0,0,0,0,0,0,0,2,2,4,6,0,2,0,0,0,0,0,0,0,0,8,0,0,0,0,0,0,0,"D_0__Bacteria; D_1__Bacteroidetes; D_2__Bacteroidia; D_3__Flavobacteriales; D_4__Flavobacteriaceae; D_5__Gillisia; Ambiguous_taxa"
"b4a187be030bad102bbdf793c36783f6",3,0,0,0,0,4,2,0,7,0,0,0,0,0,0,2,5,0,0,0,2,10,0,2,9,3,0,0,2,6,0,0,0,0,0,0,3,1,0,"D_0__Bacteria; D_1__Firmicutes; D_2__Clostridia; D_3__Clostridiales; D_4__Peptococcaceae; D_5__Desulfosporosinus; D_6__Desulfosporosinus sp. enrichment culture"
"542c3e0a44cdb42b16f432f3fc21477f",2,0,0,0,0,0,0,0,0,0,0,0,0,0,2,1,0,0,4,0,0,0,0,0,0,3,3,1,0,0,0,0,0,0,0,0,0,2,0,"D_0__Bacteria; D_1__Bacteroidetes; D_2__Bacteroidia; D_3__Bacteroidales; D_4__Marinilabiliaceae; D_5__uncultured"
"7eda2c6d4178709c942766f7fa26308b",0,0,0,0,0,0,0,0,0,0,0,0,0,0,0,10,0,0,0,0,0,0,0,0,0,0,0,0,0,0,0,0,0,0,0,0,0,0,0,"D_0__Bacteria; D_1__Bacteroidetes; D_2__Bacteroidia; D_3__Bacteroidales; D_4__Marinilabiliaceae; D_5__Alkaliflexus"
"a7866f7b851a6a8ea30f8bbaa5333d9c",20,0,0,1,1,0,0,0,0,0,18,0,5,0,0,1,0,2,0,0,0,0,0,2,0,0,0,0,0,2,12,0,0,1,2,0,0,1,0,"D_0__Bacteria; D_1__Firmicutes; D_2__Clostridia; D_3__Clostridiales; D_4__Peptococcaceae; D_5__Desulfotomaculum; D_6__Desulfotomaculum tongense"
"e8c758d03c6c044c2ea42800d20c76a3",0,0,0,0,0,1,0,0,0,0,0,0,0,0,0,9,0,0,0,0,0,0,0,2,0,0,0,0,0,0,0,0,0,0,0,3,0,0,0,"D_0__Bacteria; D_1__Firmicutes; D_2__Clostridia; D_3__Clostridiales; D_4__Peptococcaceae"
"0283ac327c47b62742c29e2f444af8bc",0,0,0,0,0,0,0,0,0,6,16,0,0,0,0,0,0,0,0,0,0,0,0,2,0,0,0,0,0,0,0,0,0,0,0,0,0,0,0,"D_0__Bacteria; D_1__Firmicutes; D_2__Clostridia; D_3__Clostridiales; D_4__Peptostreptococcaceae; D_5__Tepidibacter; Ambiguous_taxa"
"a607e5aaa25e92dddcf16d10612f8b3d",0,0,3,3,0,0,0,0,3,0,0,0,2,0,0,2,42,0,2,0,0,47,0,0,0,0,0,0,0,49,0,0,0,0,0,0,0,39,0,"D_0__Bacteria; D_1__Spirochaetes; D_2__Spirochaetia; D_3__Spirochaetales; D_4__Spirochaetaceae; D_5__Sediminispirochaeta; D_6__uncultured organism"
"3f063fc3db35e499eb52b148bd0c564e",2,0,0,0,0,2,0,0,0,0,0,0,0,0,0,2,0,0,0,0,0,0,0,0,0,0,0,2,0,0,0,0,2,0,0,3,0,0,0,"D_0__Bacteria; D_1__Chlamydiae; D_2__LD1-PA32; D_3__metagenome; D_4__metagenome; D_5__metagenome; D_6__metagenome"
"2729fb3d18a56b4c31f79be3da9adb68",2,0,0,0,2,0,0,0,0,0,0,0,4,4,0,0,0,0,0,2,0,0,0,0,0,0,0,0,0,0,0,7,0,5,0,2,0,0,0,"D_0__Bacteria; D_1__Marinimicrobia (SAR406 clade); D_2__uncultured bacterium; D_3__uncultured bacterium; D_4__uncultured bacterium; D_5__uncultured bacterium; D_6__uncultured bacterium"
"804a2f058f4a7ce192016c85448e0fa5",2,3,35,2,16,3,23,0,36,5,13,3,10,4,42,14,17,0,47,2,47,7,35,0,32,27,4,26,44,0,5,0,56,48,20,31,0,0,2,"D_0__Bacteria; D_1__Firmicutes; D_2__Clostridia; D_3__Clostridiales; D_4__Clostridiaceae 1; D_5__Proteiniclasticum; Ambiguous_taxa"
"82cb37a0f80ae70323f8c5755b0093d5",6,0,3,0,0,4,21,0,29,0,0,0,5,2,5,4,5,0,32,3,27,14,52,7,19,31,6,0,28,21,0,9,23,2,0,3,2,17,0,"D_0__Bacteria; D_1__Synergistetes; D_2__Synergistia; D_3__Synergistales; D_4__Synergistaceae; D_5__uncultured; D_6__uncultured organism"
"6239bbafc3f350b441e75290b204397a",3,0,0,0,0,0,0,0,0,0,0,0,0,0,1,0,0,0,0,0,2,0,0,8,0,0,0,0,2,0,4,0,0,0,0,0,0,0,0,"D_0__Bacteria; D_1__Firmicutes; D_2__Clostridia; D_3__Clostridiales; D_4__Clostridiaceae 4; D_5__Salimesophilobacter; Ambiguous_taxa"
"aeeee69e0de37323ebae4edd577f70ab",0,0,3,0,8,0,0,0,0,3,3,0,3,0,2,0,0,2,0,0,0,0,0,8,0,0,0,12,0,0,2,0,0,4,0,0,0,0,0,"D_0__Bacteria; D_1__Firmicutes; D_2__Clostridia; D_3__Clostridiales; D_4__Clostridiaceae 1; D_5__Oxobacter; D_6__uncultured bacterium"
"da4e0566db84cb983ef4f8a6cc34eb2b",0,0,0,0,0,2,9,0,0,0,0,0,0,0,0,4,0,0,9,0,5,0,5,5,4,10,4,0,10,0,0,0,12,0,0,0,0,0,0,"D_0__Bacteria; D_1__Bacteroidetes; D_2__Bacteroidia; D_3__Bacteroidales; D_4__Prolixibacteraceae; D_5__uncultured"
"5fbb61cae58a1446a56b7a2f51727cdb",0,0,8,4,0,0,0,0,0,0,0,0,0,8,0,0,0,0,0,0,0,0,0,0,0,0,0,0,0,0,0,0,0,0,0,0,0,0,0,"D_0__Bacteria; D_1__Cloacimonetes; D_2__Cloacimonadia; D_3__MSBL2; Ambiguous_taxa; Ambiguous_taxa; Ambiguous_taxa"
"49c158ce6bb97f4103ed3ff9f79b30c0",0,0,0,0,0,1,0,0,3,8,0,0,0,0,0,8,0,0,0,0,0,0,0,0,4,0,0,0,0,0,0,0,0,0,0,0,0,0,0,"D_0__Bacteria; D_1__Proteobacteria; D_2__Deltaproteobacteria; D_3__Desulfobacterales; D_4__Desulfobacteraceae; D_5__Desulfonatronobacter; D_6__uncultured bacterium"
"eae0edb55be17de0de4882a61f3ef141",0,0,0,0,2,0,0,0,0,0,0,0,0,0,0,0,0,0,0,0,0,0,0,1,0,0,0,4,0,0,5,0,0,0,0,0,0,0,0,"D_0__Bacteria; D_1__Firmicutes; D_2__Clostridia; D_3__Clostridiales; D_4__Lachnospiraceae"
"b0b51b2a81443a6f7d46fbd147b8e052",8,0,0,0,2,0,0,0,0,0,3,0,2,0,2,0,0,2,2,0,2,0,0,2,0,0,0,0,0,0,9,0,0,4,0,2,0,0,0,"D_0__Bacteria; D_1__Firmicutes; D_2__Clostridia; D_3__Clostridiales; D_4__Ruminococcaceae; D_5__uncultured"
"8744411142649d2009f683c6cc0b1fcd",0,0,0,0,0,0,0,0,0,0,0,0,0,0,0,0,115,0,0,0,0,169,0,0,0,0,0,0,0,2165,0,0,0,0,2,0,0,1568,0,"D_0__Bacteria; D_1__Firmicutes; D_2__Clostridia; D_3__Clostridiales; D_4__Christensenellaceae; D_5__Christensenellaceae R-7 group"
"5c8df00da869d88ebace52aba87ce617",3,0,0,0,0,0,0,0,0,0,4,0,0,0,16,0,0,3,0,0,0,0,0,16,0,0,0,0,0,0,2,0,0,8,3,0,0,0,0,"D_0__Bacteria; D_1__Firmicutes; D_2__Clostridia; D_3__Clostridiales; D_4__Lachnospiraceae; D_5__uncultured; D_6__Lachnospiraceae bacterium S37_09_2"
"d73abb1b247a0152b255169c63a53553",0,0,0,0,0,0,3,0,0,0,0,0,0,0,0,0,0,0,4,0,0,0,0,0,0,3,4,0,4,0,0,0,0,0,0,0,0,0,0,"D_0__Bacteria; D_1__Bacteroidetes; D_2__Bacteroidia; D_3__Bacteroidales; D_4__Prolixibacteraceae; D_5__uncultured; D_6__benzene mineralizing consortium clone SB-1"
"ab6797133320fdf6ab00d965a5820aa6",0,0,0,0,3,0,0,0,0,0,8,0,7,1,6,4,0,10,0,0,0,0,0,17,0,0,0,0,0,0,0,0,0,11,3,15,0,0,0,"D_0__Bacteria; D_1__Firmicutes; D_2__Clostridia; D_3__Clostridiales; D_4__Christensenellaceae; D_5__uncultured"
"1dd1f5bea8622eafaae4acb9d9e74fb7",0,0,0,0,0,0,0,0,0,0,0,0,0,0,0,0,0,0,0,7,0,0,0,0,0,0,0,0,0,0,0,18,0,0,0,0,0,0,0,"D_0__Bacteria; D_1__Proteobacteria; D_2__Gammaproteobacteria; D_3__Thiomicrospirales; D_4__Thiomicrospiraceae; D_5__Thiomicrospira; D_6__uncultured gamma proteobacterium"
"f892aeb3da9c19a3c3323192ad646111",0,0,0,0,0,0,2,0,2,0,0,0,0,0,0,0,0,3,13,21,4,0,11,0,9,0,2,0,6,0,0,40,8,0,0,0,0,0,0,"D_0__Bacteria; D_1__Atribacteria; D_2__JS1; D_3__uncultured bacterium; D_4__uncultured bacterium; D_5__uncultured bacterium; D_6__uncultured bacterium"
"d32ba9d023a4794fde07155c5cda30c9",0,0,0,0,0,0,0,0,0,0,0,0,0,0,0,0,0,0,0,4,0,0,0,0,0,0,0,0,0,0,0,11,0,0,0,0,0,0,0,"D_0__Bacteria; D_1__Firmicutes; D_2__Clostridia; D_3__Clostridiales; D_4__JTB215"
"88554d0082fcd4e33b29bd3d2a5500d1",0,0,0,0,0,0,0,0,0,2,2,0,0,0,7,0,0,2,0,0,0,0,0,0,0,0,0,0,0,0,0,0,0,5,3,4,0,0,0,"D_0__Bacteria; D_1__Bacteroidetes; D_2__Bacteroidia; D_3__Bacteroidales; D_4__Prolixibacteraceae; D_5__uncultured; D_6__benzene mineralizing consortium clone SB-1"
"08c1fd0eeea957bf6cc3ed1a624670c1",0,0,0,0,5,5,0,0,0,0,0,0,0,0,0,0,0,0,0,0,0,0,0,0,0,0,0,0,0,0,0,0,0,0,0,0,0,0,0,"D_0__Bacteria; D_1__Firmicutes; D_2__Clostridia; D_3__Clostridiales; D_4__Clostridiaceae 4"
"1e02b446c074ca5b190f010f5aa83949",0,0,0,0,0,0,0,0,0,0,0,0,0,0,0,0,0,0,0,6,0,0,0,0,0,0,0,0,0,0,0,17,0,0,0,0,0,0,0,"D_0__Bacteria; D_1__Epsilonbacteraeota; D_2__Campylobacteria; D_3__Campylobacterales; D_4__Sulfurovaceae; D_5__Sulfurovum"
"996cb094b28fa4172030d25b7fac4325",0,0,11,12,0,0,0,2,0,0,0,0,0,13,0,0,0,0,0,0,0,0,0,0,0,0,0,0,0,0,0,0,0,0,0,0,0,0,0,"D_0__Bacteria; D_1__Planctomycetes"
"975a42ce31facc14f25e79b06e33d69d",5,0,0,0,0,8,2,2,0,0,6,0,4,2,5,6,0,9,0,0,3,0,0,11,0,0,0,0,0,0,0,0,2,6,3,3,0,0,0,"D_0__Bacteria; D_1__BRC1; D_2__uncultured organism; D_3__uncultured organism; D_4__uncultured organism; D_5__uncultured organism; D_6__uncultured organism"
"e97ef6e5b3877fbb8da3eb830fd3c026",0,1,0,0,0,0,0,0,0,4,0,0,0,0,2,0,504,0,0,0,0,598,4,0,0,0,0,5,2,0,0,0,0,0,1,0,0,0,1,"D_0__Bacteria; D_1__Firmicutes; D_2__Clostridia; D_3__Clostridiales; D_4__uncultured"
"8c3eea34fcbbfb20858d80329afa5560",0,0,0,0,0,0,0,0,0,0,0,4,0,0,0,0,0,0,0,0,0,0,0,0,0,0,0,0,0,0,0,0,0,0,0,0,11,0,0,"D_0__Bacteria; D_1__Firmicutes; D_2__Clostridia; D_3__Clostridiales"
"38c4c22e1060625402a53f959a4d1892",0,0,5,6,0,0,2,0,0,0,0,0,0,4,0,0,0,0,0,0,5,0,3,0,2,0,0,0,2,0,0,0,5,2,0,0,0,0,0,"D_0__Bacteria; D_1__Proteobacteria; D_2__Deltaproteobacteria; D_3__Desulfobacterales; D_4__Desulfobacteraceae; D_5__uncultured"
"97e07eb0c7c30f3221544d84cb5c9e5f",20,0,1,0,0,0,0,2,0,0,0,0,0,0,0,0,0,0,0,0,0,0,0,35,0,0,0,0,0,0,0,0,0,0,0,0,0,0,0,"D_0__Bacteria; D_1__Firmicutes; D_2__Clostridia; D_3__Clostridiales"
"dc54c0c685f42da72025c8719f3bdbaf",0,0,0,0,0,0,0,0,0,2,0,0,0,0,0,0,0,0,2,5,0,0,0,0,0,0,0,0,0,0,0,5,0,0,0,0,0,0,0,"D_0__Bacteria; D_1__Planctomycetes; D_2__Phycisphaerae; D_3__MSBL9; D_4__SG8-4; D_5__uncultured bacterium; D_6__uncultured bacterium"
"1fecd02d67238dcf3de9baea05b2a57b",0,0,0,0,0,0,0,0,0,0,0,0,0,0,0,0,4,0,0,0,2,7,6,0,0,0,0,0,0,4,0,0,2,0,2,3,0,0,0,"D_0__Bacteria; D_1__Chloroflexi; D_2__Anaerolineae; D_3__Anaerolineales; D_4__Anaerolineaceae; D_5__Pelolinea; D_6__uncultured bacterium"
"0b2a4646faa084ef24a549b0c10c1137",12,0,0,0,3,2,7,0,3,3,0,0,6,0,4,3,0,6,27,19,18,0,29,6,0,8,7,4,12,0,2,42,9,10,5,3,0,0,0,"D_0__Bacteria; D_1__Spirochaetes; D_2__Spirochaetia; D_3__Spirochaetales; D_4__Spirochaetaceae"
"44823c2deb0ff14c794381f73032424f",4,0,10,0,0,2,8,0,16,0,0,0,4,4,0,3,37,2,14,6,10,60,17,3,9,9,2,3,10,51,0,15,14,0,2,0,0,57,0,"D_0__Bacteria; D_1__Chloroflexi; D_2__Anaerolineae; D_3__Anaerolineales; D_4__Anaerolineaceae; D_5__ADurb.Bin120; D_6__uncultured Anaerolineaceae bacterium"
"084f122fb7aa14367804c9096efe6eae",2,0,0,0,0,2,0,1,0,0,0,0,1,2,0,0,0,0,0,0,4,0,0,3,1,2,0,0,0,0,1,0,0,0,0,0,0,5,0,"D_0__Bacteria; D_1__Actinobacteria; D_2__WCHB1-81; D_3__uncultured bacterium; D_4__uncultured bacterium; D_5__uncultured bacterium; D_6__uncultured bacterium"
"5b61a15506a3ad4b8e6d57da6cab3d07",8,0,26,12,10,21,9,8,9,10,0,0,18,10,9,10,0,21,13,0,14,0,15,0,3,12,0,2,20,0,0,3,17,10,9,8,0,0,0,"D_0__Bacteria; D_1__Proteobacteria; D_2__Deltaproteobacteria; D_3__Desulfobacterales; D_4__Desulfobacteraceae"
"8699ae14eb0c34fb32eacdcebf3cdf57",0,0,3,0,0,0,0,0,0,0,0,0,0,0,0,0,0,0,4,0,3,2,2,0,0,0,0,0,3,0,0,2,4,2,0,0,0,0,0,"D_0__Bacteria; D_1__Chloroflexi; D_2__Anaerolineae; D_3__Anaerolineales; D_4__Anaerolineaceae; D_5__ADurb.Bin120"
"e662b720b45bdf227f578f06026b27fd",0,0,0,0,0,0,3,0,4,0,0,0,0,0,0,0,0,0,2,0,0,0,4,0,2,0,0,0,2,2,0,0,0,0,0,0,0,0,0,"D_0__Bacteria; D_1__Synergistetes; D_2__Synergistia; D_3__Synergistales; D_4__Synergistaceae; D_5__Thermovirga; D_6__uncultured Thermovirga sp."
"0ed81f37c46a0c2430247a351916eb75",0,0,0,0,0,8,0,0,0,0,0,0,0,0,0,0,0,0,0,0,0,0,0,0,0,0,0,0,0,0,0,4,0,0,0,0,0,0,0,"D_0__Bacteria; D_1__Bacteroidetes; D_2__Bacteroidia; D_3__Bacteroidales; D_4__Bacteroidetes BD2-2"
"b9a3068b285c49a0e3836d604310df03",0,0,0,0,0,0,0,0,0,0,0,0,0,0,0,0,0,0,4,0,1,0,0,2,0,0,0,0,0,0,0,0,1,0,3,0,0,0,0,"D_0__Bacteria; D_1__Firmicutes; D_2__Clostridia; D_3__Clostridiales; D_4__Family XI; D_5__Sedimentibacter"
"efc5b92ca995a3ef8dbcba750cfc78b3",0,0,0,0,0,0,0,0,0,0,0,0,0,0,6,2,0,10,0,0,0,0,0,0,0,0,0,0,0,0,0,0,0,2,0,0,0,0,0,"D_0__Bacteria; D_1__Spirochaetes; D_2__Spirochaetia; D_3__Spirochaetales; D_4__Spirochaetaceae; D_5__Candidatus Marispirochaeta"
"c7f0e50e697a4e2cf26c790c0fb9830d",3,0,0,0,7,2,0,0,0,2,0,0,0,0,0,5,0,0,0,0,0,0,0,0,0,0,0,0,0,0,0,0,0,0,0,0,0,0,0,"D_0__Bacteria; D_1__Actinobacteria; D_2__Actinobacteria; D_3__Corynebacteriales; D_4__Corynebacteriaceae; D_5__Corynebacterium 1"
"9bb5b162ff348f69ff668081f7d29177",0,0,2,0,0,2,0,2,14,0,0,0,3,0,0,0,0,2,16,5,10,3,5,0,16,16,4,2,16,0,0,6,10,0,0,2,0,0,0,"D_0__Bacteria; D_1__Chloroflexi; D_2__Anaerolineae; D_3__Anaerolineales; D_4__Anaerolineaceae; D_5__uncultured"
"e37e3b3dd34c83a2ec25853a2e3b62f4",0,0,2,0,0,6,11,2,5,13,0,0,8,0,4,2,0,4,0,3,5,0,8,0,7,0,0,0,6,0,0,6,13,10,6,6,0,0,0,"D_0__Bacteria; D_1__Bacteroidetes; D_2__Bacteroidia; D_3__Bacteroidales; D_4__Prolixibacteraceae; D_5__uncultured; D_6__benzene mineralizing consortium clone SB-1"
"069663d678e9647c5675774745fb2e97",26,0,0,0,0,0,0,0,0,0,0,0,0,0,0,0,0,0,0,0,0,0,0,13,0,0,0,0,0,0,0,0,0,2,0,0,0,0,0,"D_0__Bacteria; D_1__Firmicutes; D_2__Bacilli; D_3__Bacillales; D_4__Bacillaceae; D_5__Bacillus"
"266e984cea9df40bdc13d6317f9a205b",0,0,0,0,0,5,0,0,14,6,0,0,0,0,0,0,0,0,0,0,0,0,0,0,4,0,0,0,0,0,0,0,0,0,0,0,0,0,0,"D_0__Bacteria; D_1__Firmicutes; D_2__Clostridia; D_3__Clostridiales; D_4__Syntrophomonadaceae"
"4a66ce32e01508133ec21e678d136873",0,0,1,2,0,0,2,3,3,0,0,0,0,3,0,0,0,0,0,0,0,1,1,0,0,0,0,0,2,0,0,2,3,0,0,0,0,0,0,"D_0__Bacteria; D_1__Chloroflexi; D_2__Anaerolineae; D_3__Anaerolineales; D_4__Anaerolineaceae; D_5__Pelolinea; D_6__uncultured bacterium"
"bdc5e95abc8ae940b7c4b8eb6f874e5a",0,0,0,0,0,4,8,0,2,0,0,0,0,0,0,0,0,0,6,0,9,0,5,4,0,6,4,0,3,0,0,3,8,0,0,0,0,0,0,"D_0__Bacteria; D_1__Bacteroidetes; D_2__Bacteroidia; D_3__Bacteroidales; D_4__Prolixibacteraceae; D_5__uncultured"
"44813768b686937b91f20c8050d44333",0,0,2,0,0,0,0,0,0,0,0,0,0,0,7,0,0,0,0,0,0,0,0,0,1,1,2,0,3,7,3,2,0,0,0,0,0,0,0,"D_0__Bacteria; D_1__Firmicutes; D_2__Clostridia; D_3__Clostridiales; D_4__Clostridiaceae 3; D_5__Brassicibacter; D_6__uncultured Firmicutes bacterium"
"ac71500c99464f7e3f80ebe17c5fff8a",0,0,3,0,0,0,0,0,0,0,4,0,2,0,2,3,0,0,0,0,0,0,0,0,0,0,0,0,0,0,17,0,0,0,4,3,0,0,0,"D_0__Bacteria; D_1__Firmicutes; D_2__Clostridia; D_3__Clostridiales; D_4__Eubacteriaceae; D_5__Garciella"
"7117b697fcfb97fec03786aca0c6baea",3,0,0,0,0,0,0,0,0,0,0,0,0,0,3,0,0,0,0,0,2,0,0,3,0,0,0,0,0,0,0,0,0,0,0,0,0,0,0,"D_0__Bacteria; D_1__Firmicutes; D_2__Clostridia; D_3__Clostridiales; D_4__Ruminococcaceae"
"07fc7dd3d7ac373af2e5deabf5566535",0,0,0,0,0,0,0,0,0,0,0,0,0,0,0,29,0,0,0,0,0,0,0,0,0,0,0,0,0,0,0,0,0,0,0,1,0,0,0,"D_0__Bacteria; D_1__Firmicutes; D_2__Clostridia; D_3__Thermoanaerobacterales; D_4__SRB2"
"41320eb9d634306fb3de5f27d62f5f42",0,0,0,0,0,0,0,0,0,0,0,0,3,0,0,0,0,0,0,0,0,0,2,0,0,0,0,0,2,0,0,0,0,4,0,2,0,0,0,"D_0__Bacteria; D_1__Planctomycetes; D_2__Phycisphaerae; D_3__Pla1 lineage"
"e91c8959d224e484158b542f26d51cca",0,0,0,0,0,0,2,0,2,0,0,0,0,0,0,0,0,0,0,0,0,0,0,0,0,0,0,0,3,0,0,2,0,3,0,0,0,0,0,"D_0__Bacteria; D_1__Calditrichaeota; D_2__Calditrichia; D_3__Calditrichales; D_4__Calditrichaceae"
"149b0c3f48b0e907d0897cf6ec6e9d8e",40,0,12,0,6,18,7,2,10,11,0,0,6,5,14,38,0,9,7,0,11,0,18,58,2,7,5,3,12,0,1,0,8,35,19,28,0,0,0,"D_0__Bacteria; D_1__Planctomycetes; D_2__Phycisphaerae; D_3__MSBL9; D_4__ST-NAGAB-D1; D_5__Phycisphaerae bacterium ST-NAGAB-D1; D_6__Phycisphaerae bacterium ST-NAGAB-D1"
"a2f77ee3e2c79cc69dee86d16e3a635a",3,0,0,0,0,2,3,0,8,0,0,0,2,0,0,0,0,0,13,0,5,0,8,0,7,6,1,0,5,0,0,0,4,0,0,0,0,0,0,"D_0__Bacteria; D_1__Firmicutes; D_2__Clostridia; D_3__Clostridiales; D_4__Clostridiales Incertae Sedis; D_5__Dethiosulfatibacter; D_6__uncultured bacterium"
"f5bf5a7fa558cd1e5298bf7149b40862",2,0,2,0,0,0,0,0,0,0,0,0,0,0,0,8,0,0,0,0,0,0,0,6,0,0,0,0,0,0,0,0,0,0,0,0,0,0,0,"D_0__Bacteria; D_1__Firmicutes"
"10c6a767091ccf57b10cba3ec2d3c322",0,0,0,0,0,0,0,0,0,0,0,0,0,0,0,0,6,0,0,0,0,17,0,0,0,0,0,0,0,0,0,0,0,0,0,0,0,0,0,"D_0__Bacteria; D_1__Firmicutes; D_2__Clostridia; D_3__Clostridiales; D_4__Ruminococcaceae"
"591eda9cb4dd776a7539ddb7f7b06a5e",0,0,0,0,0,5,0,0,0,10,0,0,0,0,0,6,0,0,0,0,0,0,0,0,0,0,0,2,0,0,0,0,0,0,0,0,0,0,0,"D_0__Bacteria; D_1__Firmicutes; D_2__Clostridia; D_3__Clostridiales; D_4__Ruminococcaceae; D_5__Sporobacter"
"1a29e71cf97c667817e80eb216b7d70c",0,0,0,0,0,0,4,0,2,0,0,0,0,0,0,0,0,0,4,0,3,0,5,0,0,0,0,0,4,0,0,0,0,0,0,0,0,0,0,"D_0__Bacteria; D_1__Chloroflexi; D_2__Anaerolineae; D_3__Anaerolineales; D_4__Anaerolineaceae"
"2eaea5e459c142f69b16b6e7a41d0aa3",2,0,0,0,1,1,0,0,0,0,0,3,4,1,0,5,0,0,1,0,0,0,0,0,0,0,0,4,2,0,0,0,0,7,0,3,0,0,0,"D_0__Bacteria; D_1__Firmicutes; D_2__Clostridia; D_3__Clostridiales; D_4__Clostridiaceae 4"
"fac803f1251e17f718adeb25894c710d",0,0,2,0,0,0,0,0,0,0,0,0,0,0,0,0,0,3,0,0,0,2,0,0,0,0,0,0,0,3,0,0,2,0,0,0,0,0,0,"D_0__Bacteria; D_1__Chloroflexi; D_2__Anaerolineae; D_3__Anaerolineales; D_4__Anaerolineaceae; D_5__ADurb.Bin120"
"9ecff2f1dcbbdf132cda5c6f32107bb9",16,0,0,0,37,3,0,0,0,5,6,0,5,0,21,6,0,5,8,31,5,0,0,5,0,0,0,13,2,0,9,31,9,26,2,6,0,0,0,"D_0__Bacteria; D_1__Epsilonbacteraeota; D_2__Campylobacteria; D_3__Campylobacterales; D_4__Thiovulaceae; D_5__Sulfurimonas"
"de70ce838949c95989df1192b1347f02",0,0,0,0,3,4,0,0,0,0,1,0,0,0,0,0,0,0,0,0,0,0,2,0,0,0,0,0,0,0,0,0,0,0,2,0,0,0,0,"D_0__Bacteria; D_1__Firmicutes; D_2__Clostridia; D_3__Clostridiales; D_4__Peptococcaceae; D_5__Desulfosporosinus"
"ed35b7bd07416a942b451d286fa2c4ac",0,0,0,0,0,0,0,0,0,0,0,0,0,0,0,0,0,0,6,4,3,0,6,0,2,0,0,0,3,0,0,11,3,0,0,0,0,0,0,"D_0__Bacteria; D_1__Proteobacteria; D_2__Deltaproteobacteria; D_3__Desulfobacterales; D_4__Desulfobulbaceae; D_5__uncultured; D_6__uncultured Desulfobulbaceae bacterium"
"aa978502cc6ef1eefa2c86388a9aa5b7",0,0,0,0,0,0,3,0,3,0,0,0,0,0,0,4,0,0,0,0,0,2,0,0,3,0,0,0,2,0,0,0,3,0,0,0,0,0,0,"D_0__Bacteria; D_1__Chloroflexi; D_2__Anaerolineae; D_3__RBG-13-54-9; D_4__uncultured bacterium; D_5__uncultured bacterium; D_6__uncultured bacterium"
"204c74033178b0452c531c0c42adcbbc",23,0,2,0,0,6,0,0,2,8,2,0,6,0,10,5,0,6,3,0,2,0,0,35,2,2,0,6,0,0,8,0,0,30,12,19,0,0,0,"D_0__Bacteria; D_1__Planctomycetes; D_2__Phycisphaerae; D_3__MSBL9; D_4__4572-13; D_5__uncultured organism; D_6__uncultured organism"
"d4c594d3820cf066df6ade05b1689341",0,0,1,0,0,0,0,0,23,0,0,0,0,0,0,0,0,0,0,0,0,0,0,0,0,0,0,0,0,0,0,0,0,0,0,0,0,0,0,"D_0__Bacteria; D_1__Bacteroidetes; D_2__Bacteroidia; D_3__Bacteroidales; D_4__Prolixibacteraceae; D_5__uncultured; D_6__uncultured bacterium"
"88999dd8fc7998144e258f34f02c5081",0,0,0,0,0,0,2,0,0,0,0,0,0,0,4,0,0,0,1,0,0,0,0,0,2,0,1,0,2,0,0,0,8,0,0,0,0,0,0,"D_0__Bacteria; D_1__Bacteroidetes; D_2__Bacteroidia; D_3__Bacteroidales; D_4__Marinilabiliaceae; D_5__uncultured; D_6__bacterium YC-ZSS-LKJ7"
"b3121d38938f4ed6a1d2d6faadd040c2",0,0,0,0,0,0,1,0,5,0,0,0,0,0,0,0,0,0,1,0,2,1,0,0,1,8,0,0,0,0,0,2,1,0,0,0,0,0,0,"D_0__Bacteria; D_1__Chloroflexi; D_2__Anaerolineae; D_3__Anaerolineales; D_4__Anaerolineaceae; D_5__ADurb.Bin120; D_6__uncultured Anaerolineaceae bacterium"
"8a1b5634b84a51c54497a3ee15d79bda",0,0,2,0,0,0,0,0,0,0,0,0,0,0,2,2,0,0,4,2,0,0,0,0,0,2,0,1,1,1,0,4,6,4,0,0,0,0,0,"D_0__Bacteria; D_1__Acidobacteria; D_2__Subgroup 21; D_3__uncultured organism; D_4__uncultured organism; D_5__uncultured organism; D_6__uncultured organism"
"e26b602fc11e467d0e45307a8789631b",0,0,24,0,0,0,0,4,0,0,0,0,0,0,0,0,0,0,0,0,0,0,0,0,0,0,0,0,0,0,0,0,0,0,0,0,0,0,0,"D_0__Bacteria; D_1__Proteobacteria; D_2__Deltaproteobacteria; D_3__Desulfuromonadales; D_4__Desulfuromonadaceae; D_5__Pelobacter; D_6__uncultured bacterium"
"fdfa8e06160aa6ed7c762d0e5151afc6",2,0,0,0,0,3,0,0,0,0,0,0,0,0,0,0,0,0,0,0,0,0,0,8,0,0,0,0,0,0,0,0,0,0,2,2,0,0,0,"D_0__Bacteria; D_1__Planctomycetes; D_2__Phycisphaerae; D_3__Pla1 lineage; D_4__uncultured bacterium; D_5__uncultured bacterium; D_6__uncultured bacterium"
"9f9abfa946ef52415628f82c0c6c828b",0,0,0,4,0,0,0,0,0,0,0,0,0,0,0,0,0,0,0,0,2,0,0,2,0,0,0,0,2,0,0,0,0,0,0,0,0,0,0,"D_0__Bacteria; D_1__Firmicutes; D_2__Clostridia; D_3__Clostridiales; D_4__Syntrophomonadaceae; D_5__uncultured; D_6__bacterium YC-ZSS-LKJ23"
"29f9e85e56fe2a2ed08f48f9f7f35502",0,0,0,0,0,0,0,0,0,0,0,0,0,0,0,7,0,0,0,0,0,0,0,0,0,0,0,4,0,0,0,0,0,0,0,0,0,0,0,"D_0__Bacteria; D_1__Firmicutes; D_2__Bacilli; D_3__Lactobacillales; D_4__Lactobacillaceae; D_5__Lactobacillus; D_6__Lactobacillus sakei"
"8dfbe37f566e0dd3cf2c509d3634f4e5",0,0,0,0,0,0,1,0,7,0,0,0,0,0,0,0,0,0,8,6,8,2,3,0,0,1,0,0,2,0,0,6,6,0,0,0,0,0,0,"D_0__Bacteria; D_1__Chloroflexi; D_2__Anaerolineae; D_3__Anaerolineales; D_4__Anaerolineaceae; D_5__ADurb.Bin120"
"96ae360701302280da2059bcac6a5ddf",0,0,0,0,0,3,0,0,0,0,0,0,0,1,0,0,0,0,0,0,0,0,0,5,0,0,0,0,0,0,0,0,0,0,0,4,0,0,0,"D_0__Bacteria; D_1__Chloroflexi; D_2__Anaerolineae; D_3__Anaerolineales; D_4__Anaerolineaceae; D_5__ADurb.Bin120"
"03d674d91d33ba93bcefb64fe7a6fabb",9,0,12,0,3,14,0,4,16,0,0,0,0,0,12,2,0,0,19,3,4,0,10,3,42,3,9,0,8,0,0,0,14,0,12,14,0,1,0,"D_0__Bacteria; D_1__Firmicutes; D_2__Clostridia; D_3__Clostridiales; D_4__JTB215"
"a5cf0fc0df51848048d10c153f0a3e27",0,0,0,0,0,8,0,0,0,5,0,0,0,2,0,0,0,0,0,0,0,0,0,0,0,0,0,0,0,2,0,0,0,0,0,0,0,0,0,"D_0__Bacteria; D_1__Proteobacteria; D_2__Deltaproteobacteria; D_3__Desulfuromonadales; D_4__Desulfuromonadaceae; D_5__Pelobacter; D_6__uncultured bacterium"
"8ce4f79e12937ea92a8f8fa27d0b5e5f",0,0,0,0,0,0,0,0,3,0,0,0,0,0,0,9,0,0,0,0,0,0,0,1,0,0,1,0,1,0,0,2,0,0,0,0,1,0,0,"D_0__Bacteria; D_1__Firmicutes; D_2__Clostridia; D_3__Clostridiales; D_4__Family XI"
"faf7a5a3cf0513d17a72aa0579151f15",0,0,0,0,0,0,0,0,0,0,11,0,3,0,0,0,0,0,0,0,0,0,0,0,0,0,0,0,0,0,7,0,0,0,0,0,0,0,0,"D_0__Bacteria; D_1__Firmicutes; D_2__Clostridia; D_3__Clostridiales; D_4__Eubacteriaceae; D_5__Garciella; D_6__Irregularibacter muris"
"37f55ca8312bd081454b241120373b8d",0,0,3,2,0,0,0,0,0,2,0,0,0,3,4,2,0,0,0,0,0,0,0,0,0,0,0,0,0,0,0,0,0,0,0,0,0,0,0,"D_0__Bacteria; D_1__Bacteroidetes; D_2__Bacteroidia"
"9f6fd73ab06ef520b106774a254fdfcf",0,0,0,0,0,0,0,0,0,0,6,1,0,0,0,0,0,0,0,0,0,0,0,0,0,0,0,0,0,0,3,0,0,0,2,0,0,5,0,"D_0__Bacteria; D_1__Firmicutes; D_2__Clostridia; D_3__Clostridiales; D_4__Peptococcaceae; D_5__uncultured; D_6__uncultured bacterium"
"44058be2333078f7693740798bba3aac",0,0,0,0,0,0,0,0,0,0,0,12,0,0,0,0,0,0,0,0,0,0,0,0,0,0,0,0,0,0,0,0,0,0,0,0,18,0,0,"D_0__Bacteria; D_1__Firmicutes; D_2__Clostridia; D_3__Clostridiales; D_4__Ruminococcaceae"
"414440fc63e0da214db861c2f10513d6",0,2,0,0,0,0,6,0,0,0,0,0,0,0,0,0,1,0,0,0,10,0,0,0,0,0,2,1,0,6,0,0,0,1,0,0,0,1,0,"D_0__Bacteria; D_1__Firmicutes; D_2__Clostridia; D_3__Clostridiales; D_4__Clostridiaceae 1; D_5__Proteiniclasticum; Ambiguous_taxa"
"1d5f2b60165009339b6891b919d2783b",0,0,0,0,3,0,2,0,0,2,0,0,6,0,19,0,0,12,2,0,0,0,0,5,0,2,0,2,4,0,3,0,3,25,6,7,0,0,0,"D_0__Bacteria; D_1__Firmicutes; D_2__Clostridia; D_3__Clostridiales; D_4__Ruminococcaceae"
"6eca4b8dd6501e8158fbdd8ed82d2dff",0,0,0,0,0,0,6,0,4,3,0,0,0,0,0,9,0,0,14,0,9,0,12,0,1,4,0,0,7,0,0,3,4,0,4,0,0,0,0,"D_0__Bacteria; D_1__Bacteroidetes; D_2__Bacteroidia; D_3__Bacteroidales; D_4__Marinilabiliaceae; D_5__uncultured"
"11b37a1843b2c1afc9db35ee75f7ab94",3,0,0,0,0,0,16,0,14,6,2,0,1,1,0,2,0,4,8,11,37,0,20,0,13,14,4,0,33,0,0,21,19,3,1,0,0,0,0,"D_0__Bacteria; D_1__Cloacimonetes; D_2__Cloacimonadia; D_3__Cloacimonadales; D_4__Cloacimonadaceae; D_5__Candidatus Cloacimonas; D_6__uncultured bacterium"
"52d9e688a6c4fe20795fcb831bda42d2",0,0,0,0,18,0,0,0,0,24,4,0,0,0,0,11,0,0,0,0,0,0,0,0,0,0,0,0,0,0,13,0,0,0,0,0,0,0,0,"D_0__Bacteria; D_1__Bacteroidetes; D_2__Bacteroidia; D_3__Bacteroidales; D_4__Prolixibacteraceae; D_5__Sunxiuqinia"
"7ce95caab469e6095d339eca4cc8d5d3",0,0,3,2,0,0,0,0,3,0,0,0,0,0,0,0,2,0,0,0,0,2,2,0,0,0,0,0,0,3,0,2,2,0,0,0,0,2,0,"D_0__Bacteria; D_1__Chloroflexi; D_2__Anaerolineae; D_3__Anaerolineales; D_4__Anaerolineaceae; D_5__uncultured; D_6__uncultured Chloroflexi bacterium"
"defd72413fd8d10f8b6b68c542876d55",0,0,0,3,0,0,0,0,0,2,0,0,5,0,0,0,0,0,0,0,0,0,2,0,0,0,0,0,0,0,0,0,2,4,0,0,0,0,0,"D_0__Bacteria; D_1__Firmicutes; D_2__Clostridia; D_3__Clostridiales; D_4__Clostridiaceae 2; D_5__Anoxynatronum; D_6__uncultured bacterium"
"705adc6ed4c5626e497eed7492f2b58d",0,0,0,0,4,0,0,0,0,0,0,0,0,0,2,0,0,0,0,0,0,0,0,0,0,0,0,8,0,0,0,0,0,0,0,0,0,0,0,"D_0__Bacteria; D_1__Firmicutes; D_2__Clostridia; D_3__Clostridiales; D_4__Clostridiaceae 1; D_5__Oxobacter"
"e66d589215e4e2cedb694dda8dd0d788",0,0,0,0,0,0,0,0,0,0,0,0,0,0,3,3,0,0,0,0,0,0,0,0,0,0,0,1,0,2,0,0,0,0,0,0,1,0,0,"D_0__Bacteria; D_1__Firmicutes; D_2__Clostridia; D_3__Clostridiales; D_4__Peptococcaceae; D_5__uncultured; D_6__uncultured bacterium"
"743a2363c60da18b59f86febe3261571",0,0,0,0,0,4,2,0,3,0,8,0,8,0,4,8,0,5,3,0,3,0,4,0,2,0,2,4,2,0,6,0,0,0,3,4,0,0,0,"D_0__Bacteria; D_1__Firmicutes; D_2__Clostridia; D_3__Clostridiales; D_4__Clostridiaceae 4; D_5__Salimesophilobacter; D_6__Salimesophilobacter vulgaris"
"ce6104388fbde2796fd1db167dc06163",17,0,11,2,4,0,5,2,4,5,22,0,25,7,26,4,0,39,6,0,5,0,12,14,11,7,0,5,7,0,2,0,7,77,23,22,0,0,2,"D_0__Bacteria; D_1__Firmicutes; D_2__Clostridia; D_3__Clostridiales; D_4__Clostridiaceae 1; D_5__Proteiniclasticum; Ambiguous_taxa"
"4d102292e5a4d6716b0c912a7ee026a0",3,0,0,0,2,4,6,0,11,0,0,0,2,2,0,14,0,4,14,0,10,4,18,0,9,2,2,0,8,8,0,0,14,0,0,0,0,11,0,"D_0__Bacteria; D_1__Atribacteria; D_2__JS1; D_3__uncultured organism; D_4__uncultured organism; D_5__uncultured organism; D_6__uncultured organism"
"7990d85b0a16d7414757876442522c52",0,0,0,0,0,0,0,0,0,0,0,0,0,0,0,0,0,2,0,0,0,0,0,18,0,0,0,3,0,0,0,0,0,0,0,0,0,0,0,"D_0__Bacteria; D_1__Firmicutes; D_2__Bacilli; D_3__Bacillales; D_4__Bacillaceae; D_5__Bacillus"
"5640fff3347d4a7a1e5f0342a5248620",0,0,0,0,0,1,0,0,0,0,0,0,0,0,0,0,0,0,0,0,0,0,0,2,0,3,0,0,2,0,0,0,2,0,0,0,0,0,0,"D_0__Bacteria; D_1__Firmicutes; D_2__Clostridia; D_3__Clostridiales; D_4__Eubacteriaceae; D_5__Garciella; D_6__Irregularibacter muris"
"74ab07845cae8343523345ade10addd1",2,0,0,0,0,1,0,0,0,2,0,0,11,0,0,1,0,0,0,0,0,0,0,4,0,0,0,3,0,0,0,0,0,0,6,8,0,0,0,"D_0__Bacteria; D_1__Spirochaetes; D_2__Spirochaetia; D_3__Spirochaetales; D_4__Spirochaetaceae; D_5__Candidatus Marispirochaeta"
"015882689015a154b6cbbb18a4d9a2db",0,0,0,0,0,10,6,0,0,6,0,0,4,2,0,2,0,0,0,0,0,0,5,4,0,0,0,0,2,1,0,3,0,0,0,0,0,5,0,"D_0__Bacteria; D_1__Chloroflexi; D_2__Anaerolineae; D_3__Anaerolineales; D_4__Anaerolineaceae; D_5__Pelolinea; D_6__uncultured bacterium"
"b16b5dd62fc938ded5529ce5955f8246",75,0,13,0,9,21,0,2,0,11,13,0,29,8,28,10,0,19,0,0,0,0,0,68,0,0,0,7,0,0,15,0,0,32,24,24,0,0,2,"D_0__Bacteria; D_1__Planctomycetes"
"513d3659780782cc22f1cb16b1803267",0,0,0,0,0,0,0,0,0,0,13,0,0,0,0,0,0,0,0,0,2,0,3,5,0,0,0,0,0,0,8,0,0,0,0,0,0,0,0,"D_0__Bacteria; D_1__Firmicutes; D_2__Clostridia; D_3__Clostridiales; D_4__Clostridiaceae 4"
"648f22060415fcea171de6b0bf51c647",0,0,0,0,0,11,0,0,0,0,0,0,0,0,0,3,0,0,0,0,0,0,0,0,0,0,0,0,0,0,0,0,0,0,0,0,0,0,0,"D_0__Bacteria; D_1__Firmicutes; D_2__Clostridia; D_3__Clostridiales; D_4__Clostridiaceae 1; D_5__Clostridium sensu stricto 11; D_6__Clostridium collagenovorans"
"9e8d3f3e4f08c8b5cfcf26f7dc6710ba",34,0,7,0,1,0,2,0,0,0,28,0,3,0,0,0,0,0,0,0,0,0,0,15,0,0,0,18,0,0,23,0,0,3,0,3,0,0,0,"D_0__Bacteria; D_1__Firmicutes; D_2__Clostridia; D_3__Clostridiales; D_4__Clostridiaceae 1; D_5__Oxobacter; D_6__uncultured bacterium"
"3bbf21cf4c7e715ec91d7af7b8915100",0,0,64,30,0,0,0,13,0,0,0,0,7,35,15,1,401,3,0,0,0,564,0,11,0,0,0,0,0,1063,6,0,0,17,19,24,0,776,0,"D_0__Bacteria; D_1__Chloroflexi; D_2__Anaerolineae; D_3__Anaerolineales; D_4__Anaerolineaceae; D_5__ADurb.Bin120; Ambiguous_taxa"
"150d281ce2f7e9099beafb76ff85e23c",0,0,3,0,0,0,6,0,5,0,0,0,0,0,0,0,4,0,5,0,4,0,2,0,2,3,2,0,3,2,0,1,3,5,0,0,0,0,0,"D_0__Bacteria; D_1__Chloroflexi; D_2__Anaerolineae; D_3__Anaerolineales; D_4__Anaerolineaceae; D_5__ADurb.Bin120"
"9150e62b39a88603a963a2773b0ea8ba",5,0,0,0,0,0,0,0,0,0,0,0,2,0,0,7,0,0,0,0,0,0,0,0,0,0,0,0,0,0,0,0,0,0,0,0,0,0,0,"D_0__Bacteria; D_1__Firmicutes; D_2__Clostridia; D_3__Clostridiales; D_4__Peptococcaceae; D_5__uncultured"
"6aa71f6f59a847344361dcb544a29290",2,0,0,0,2,0,3,0,0,0,0,0,7,0,2,3,0,9,5,0,2,0,2,7,1,0,0,0,0,0,0,0,4,3,8,5,0,0,0,"D_0__Bacteria; D_1__Spirochaetes; D_2__Spirochaetia; D_3__Spirochaetales; D_4__Spirochaetaceae; D_5__Sphaerochaeta; D_6__bacterium enrichment culture clone M235"
"5fbc39ebbff252c4146c5c8b2d584c82",88,0,147,89,79,67,145,14,92,50,19,7,259,111,231,165,0,262,217,42,133,0,167,95,82,93,34,35,155,0,10,76,199,351,174,252,0,0,4,"D_0__Bacteria; D_1__Bacteroidetes; D_2__Bacteroidia; D_3__Bacteroidales; D_4__Marinilabiliaceae; D_5__uncultured"
"f88e17117af201ef70060fab93f2bcb4",0,0,2,0,0,0,0,0,0,3,0,0,0,0,0,0,0,0,0,0,0,0,0,0,0,0,0,2,0,0,3,0,0,0,0,0,0,0,0,"D_0__Bacteria; D_1__Planctomycetes; D_2__Phycisphaerae; D_3__MSBL9; D_4__4572-13; D_5__uncultured organism; D_6__uncultured organism"
"22e53b530b2bf6ffd0c1cf193b498fda",1,0,3,4,2,0,13,1,46,3,0,0,8,5,0,0,0,7,9,5,22,2,17,8,13,12,0,0,19,6,2,12,7,3,0,5,0,2,0,"D_0__Bacteria; D_1__Firmicutes; D_2__Clostridia; D_3__Clostridiales; D_4__JTB215; D_5__uncultured Firmicutes bacterium; D_6__uncultured Firmicutes bacterium"
"0dcfe47f4299273cbfe5b11372e3c7cb",0,0,0,0,0,0,0,0,0,0,0,0,0,0,0,0,0,0,0,3,1,0,0,0,0,1,3,0,0,0,0,4,0,0,0,0,0,0,0,"D_0__Bacteria; D_1__Firmicutes; D_2__Clostridia; D_3__Clostridiales; D_4__Family XII; D_5__Fusibacter; D_6__uncultured bacterium"
"c9cf40fa1e42d7eeb878e3294a1ef4cc",2,0,0,0,4,0,0,0,0,3,0,0,0,0,0,0,0,3,0,0,0,0,0,6,0,0,0,0,0,0,0,0,0,4,2,0,0,0,0,"D_0__Bacteria; D_1__Spirochaetes; D_2__Spirochaetia; D_3__Spirochaetales; D_4__Spirochaetaceae; D_5__Spirochaeta 2; D_6__uncultured bacterium"
"dc513e5446c0c2b6f4cef643dda7dba0",4,0,0,0,0,3,0,0,0,3,0,0,0,1,0,2,0,0,0,0,0,0,1,0,0,0,0,0,0,0,0,0,1,0,2,3,0,0,0,"D_0__Bacteria; D_1__Latescibacteria; D_2__Latescibacteria; D_3__Latescibacterales; D_4__Latescibacteraceae; D_5__Candidatus Latescibacter; D_6__uncultured bacterium"
"31ead949c621a7834a91d267edf2f3b2",1,0,0,0,0,0,0,0,0,0,0,0,3,0,9,0,0,0,0,0,0,0,0,0,0,0,0,0,0,0,0,0,0,0,1,0,0,0,0,"D_0__Bacteria; D_1__Planctomycetes; D_2__Phycisphaerae; D_3__Pla1 lineage; D_4__uncultured bacterium; D_5__uncultured bacterium; D_6__uncultured bacterium"
"35dcff8246528169aa124d0b949466b5",0,0,0,0,0,0,0,0,0,0,0,0,0,0,0,0,0,0,0,0,0,0,0,0,0,6,0,0,6,0,0,0,0,0,0,0,0,0,0,"D_0__Bacteria; D_1__Armatimonadetes; D_2__uncultured"
"05bbec6839136aba548042cf5f3b0dc7",5,0,0,0,0,0,13,0,4,0,0,0,2,0,9,12,0,7,27,0,13,0,15,0,2,5,6,0,8,0,0,0,20,4,2,0,0,0,0,"D_0__Bacteria; D_1__Bacteroidetes; D_2__Bacteroidia; D_3__Bacteroidales; D_4__Prolixibacteraceae; D_5__uncultured"
"2bab144e13ea4a07b19f39230fbd320e",7,0,3,0,0,4,0,0,0,0,0,0,0,0,0,2,0,2,0,0,0,0,0,0,0,0,0,0,0,6,0,0,0,0,0,0,0,0,0,"D_0__Bacteria; D_1__Firmicutes; D_2__Clostridia; D_3__Clostridiales; D_4__Peptococcaceae; D_5__uncultured; D_6__uncultured bacterium"
"b12cec96c66029071475c3df8a58499e",6,0,2,0,0,0,0,0,0,0,0,0,0,0,0,0,0,0,0,0,0,0,0,2,0,0,0,0,0,0,0,0,0,0,0,0,0,0,0,"D_0__Bacteria; D_1__Firmicutes; D_2__Clostridia; D_3__Clostridiales"
"81b78a8cf305e065049d2c79dcb3c338",0,0,0,0,0,11,0,0,0,7,0,0,0,0,0,4,0,0,0,0,0,0,0,0,0,0,0,0,0,0,0,0,2,0,0,0,0,0,0,"D_0__Bacteria; D_1__Chloroflexi; D_2__Anaerolineae; D_3__RBG-13-54-9; D_4__uncultured bacterium; D_5__uncultured bacterium; D_6__uncultured bacterium"
"bce87dc0e99d96562b7649691b1facf6",233,0,79,50,254,27,20,22,26,9,300,0,325,59,544,22,0,286,29,0,55,0,51,297,27,16,13,159,25,0,263,0,31,623,226,307,0,0,0,"D_0__Bacteria; D_1__Firmicutes; D_2__Clostridia; D_3__Clostridiales; D_4__Defluviitaleaceae; D_5__Defluviitaleaceae UCG-011; D_6__uncultured Clostridia bacterium"
"38abc3425eaca90452cba73eb097949d",3,0,45,9,15,21,0,7,3,13,0,0,29,11,65,18,0,29,3,0,0,0,0,5,3,3,0,0,2,0,0,0,3,81,50,59,0,0,0,"D_0__Bacteria; D_1__Proteobacteria; D_2__Deltaproteobacteria; D_3__Desulfuromonadales; D_4__Desulfuromonadaceae; D_5__Pelobacter"
"1f38fef35193a350e0a952d33881eeed",19,0,0,0,0,0,0,0,0,4,3,0,6,0,10,0,0,6,4,0,0,0,2,21,0,0,0,0,0,0,0,0,2,12,4,13,0,0,0,"D_0__Bacteria; D_1__Planctomycetes; D_2__Phycisphaerae; D_3__Phycisphaerales; D_4__AKAU3564 sediment group; D_5__uncultured bacterium; D_6__uncultured bacterium"
"319d18c9241f66955ec564b4ee7fd164",0,0,3,0,0,0,0,0,0,0,2,0,0,5,0,0,0,0,0,0,0,0,0,0,0,0,0,0,0,0,0,0,0,0,0,0,0,0,0,"D_0__Bacteria; D_1__Actinobacteria; D_2__Coriobacteriia; D_3__FS118-23B-02; Ambiguous_taxa; Ambiguous_taxa; Ambiguous_taxa"
"89e280bab208705f301bfc2e9c02c004",0,0,9,3,5,0,0,1,0,3,14,0,0,0,8,0,0,1,0,0,0,0,0,0,0,0,0,12,0,0,15,0,0,0,1,6,0,0,0,"D_0__Bacteria; D_1__Firmicutes; D_2__Clostridia; D_3__Clostridiales"
"4df1e506abc24e2b59993c9e93d1b789",0,0,4,0,0,0,0,0,0,0,0,0,3,0,0,0,2,0,0,0,0,0,0,0,0,0,0,0,0,0,0,0,0,0,0,0,0,2,0,"D_0__Bacteria; D_1__Synergistetes; D_2__Synergistia; D_3__Synergistales; D_4__Synergistaceae; D_5__Thermovirga; D_6__uncultured Synergistaceae bacterium"
"7e90d90e48089105772155ec2072e510",0,0,7,0,0,0,0,0,6,0,0,0,0,0,0,0,0,0,0,0,0,0,0,0,9,0,0,0,0,0,0,0,0,0,0,0,0,0,0,"D_0__Bacteria; D_1__Proteobacteria; D_2__Deltaproteobacteria; D_3__Desulfobacterales; D_4__Desulfobacteraceae; D_5__Desulfobacter; Ambiguous_taxa"
"b0015aa996cbb4d22a0bdcc518d472c0",15,7,75,50,325,951,54,2,9,189,317,0,146,23,561,0,0,103,45,0,77,0,33,23,24,83,10,163,41,41,409,0,26,546,110,194,13,20,2,"D_0__Bacteria; D_1__Firmicutes; D_2__Clostridia; D_3__Clostridiales; D_4__Peptostreptococcaceae"
"b011b3904c105036aeb8fe9fd73875c1",0,0,0,0,0,1,0,0,0,6,0,0,0,0,0,11,4,4,0,0,0,1,0,0,0,0,0,0,1,3,0,0,0,0,0,0,0,1,0,"D_0__Bacteria; D_1__Synergistetes; D_2__Synergistia; D_3__Synergistales; D_4__Synergistaceae; D_5__Thermovirga"
"73460c5ed72fc20ee74837230609b053",7,0,0,0,0,3,31,0,48,4,0,0,10,0,2,0,0,0,47,5,53,0,69,3,37,31,15,2,47,0,0,10,38,0,0,0,0,0,0,"D_0__Bacteria; D_1__Bacteroidetes; D_2__Bacteroidia; D_3__Bacteroidales; D_4__Prolixibacteraceae; D_5__uncultured"
"44ae129a3e157251ef775d9dc04b33af",0,0,0,0,0,0,0,0,0,0,0,0,0,0,0,33,0,0,0,0,0,0,0,0,0,0,0,0,0,0,0,0,0,0,0,0,0,0,0,"D_0__Bacteria; D_1__Firmicutes; D_2__Clostridia; D_3__Thermoanaerobacterales; D_4__SRB2"
"ceeabe4d729632e7fbcae534cf7532be",0,0,0,0,0,0,0,0,0,0,0,0,0,0,4,0,0,1,2,0,0,0,0,0,0,0,0,5,0,0,0,0,0,0,0,0,0,0,0,"D_0__Bacteria; D_1__Firmicutes; D_2__Clostridia; D_3__Clostridiales; D_4__Clostridiaceae 4"
"a00cd1c02502783ef6a3fb1d98682148",0,0,8,3,0,0,0,4,0,0,0,0,0,2,0,0,0,0,0,0,0,0,0,0,0,0,0,0,0,0,0,0,0,0,0,0,0,0,0,"D_0__Bacteria; D_1__Chloroflexi; D_2__Anaerolineae; D_3__Anaerolineales; D_4__Anaerolineaceae; D_5__uncultured"
"84d3f4c922f80014d9ee03441759dcf9",0,0,7,0,0,0,0,0,0,0,0,0,5,0,0,0,0,3,0,0,3,0,0,0,0,0,0,0,2,0,0,0,2,3,2,3,0,0,0,"D_0__Bacteria; D_1__Firmicutes; D_2__Clostridia; D_3__Clostridiales; D_4__Christensenellaceae; D_5__uncultured"
"cef6915b225bad44366c95ad75d4c057",0,0,2,0,0,0,0,0,0,0,0,0,0,3,0,0,0,2,0,0,0,0,0,0,0,0,0,0,4,0,0,0,2,0,0,0,0,0,0,"D_0__Bacteria; D_1__Lentisphaerae; D_2__Oligosphaeria; D_3__Oligosphaerales; D_4__Lenti-02; D_5__uncultured bacterium; D_6__uncultured bacterium"
"433d9ff98f45519ebbbb201064a383f1",0,0,0,0,0,0,0,0,0,0,0,0,25,0,19,0,0,29,0,0,0,0,0,0,0,0,0,0,0,0,17,0,0,5,0,0,0,0,0,"D_0__Bacteria; D_1__Firmicutes; D_2__Clostridia; D_3__Thermoanaerobacterales; D_4__SRB2"
"11806d3ec48517ba1304a45d51c5cc23",0,0,0,0,0,0,2,0,0,0,0,0,0,0,0,0,0,0,0,0,0,0,2,0,0,3,0,2,0,0,0,5,0,0,0,0,0,0,0,"D_0__Bacteria; D_1__Chloroflexi; D_2__Anaerolineae; D_3__Anaerolineales; D_4__Anaerolineaceae; D_5__uncultured"
"09c73f07705ad7653e0877740f0528e6",4,0,0,0,0,10,2,0,0,4,0,0,0,0,2,8,0,0,7,0,3,0,4,1,0,2,0,0,0,0,0,0,3,0,0,0,0,0,0,"D_0__Bacteria; D_1__Bacteroidetes; D_2__Bacteroidia; D_3__Bacteroidales; D_4__Prolixibacteraceae; D_5__uncultured"
"b3956df26e0b1e141b79433c19bdd8c8",0,0,0,0,0,0,0,0,0,0,0,0,0,0,0,16,0,0,0,0,0,0,0,0,0,0,0,0,0,0,0,0,0,0,0,0,0,0,0,"D_0__Bacteria; D_1__Firmicutes; D_2__Bacilli; D_3__Bacillales; D_4__Bacillaceae"
"99fee7363c153c949ccb639f155f0232",52,2,13,0,596,80,5,2,4,44,200,3,26,4,42,60,4,18,2,0,8,10,3,45,1,5,0,398,7,20,195,0,2,20,18,32,5,14,3,"D_0__Bacteria; D_1__Firmicutes; D_2__Clostridia; D_3__Clostridiales; D_4__Clostridiaceae 3; D_5__Brassicibacter; D_6__uncultured Firmicutes bacterium"
"d521ea34753874a38037effc67e68fcb",0,0,0,0,0,0,0,0,0,0,0,0,0,0,13,0,0,0,0,0,0,0,0,0,0,0,0,0,0,0,0,0,0,0,0,0,0,0,0,"D_0__Bacteria; D_1__Firmicutes; D_2__Clostridia; D_3__Thermoanaerobacterales; D_4__SRB2"
"b9e22a870d2ac1be55ad8fe95689417d",19,0,24,0,75,2,0,7,0,0,37,0,9,0,10,0,2,2,0,0,0,0,0,19,0,0,0,72,0,6,45,0,0,16,2,14,0,3,3,"D_0__Bacteria; D_1__Firmicutes; D_2__Clostridia; D_3__Clostridiales"
"399c647b1142a936d1c25ed66e573e78",0,0,0,0,1,0,0,0,2,0,5,0,0,0,0,0,0,2,0,0,0,0,0,3,0,0,0,0,0,0,2,0,0,3,2,0,0,0,0,"D_0__Bacteria; D_1__Firmicutes; D_2__Clostridia; D_3__Clostridiales"
"68bdfe9bfd913199cb1cdb86afcc61c1",0,0,0,0,3,0,2,0,0,0,0,0,14,0,2,2,0,7,2,0,0,0,3,3,0,2,0,0,1,0,0,0,2,2,1,1,0,0,0,"D_0__Bacteria; D_1__Firmicutes; D_2__Clostridia; D_3__Clostridiales; D_4__Clostridiaceae 4; D_5__Salimesophilobacter; D_6__Salimesophilobacter vulgaris"
"b7403d1117b7f6030f3b6b175ac56e87",0,0,0,0,0,0,2,0,0,0,0,0,0,0,0,0,0,0,0,0,0,0,3,0,0,0,0,0,0,0,0,3,3,0,0,0,0,0,0,"D_0__Bacteria; D_1__Chloroflexi; D_2__Anaerolineae; D_3__Anaerolineales; D_4__Anaerolineaceae; D_5__ADurb.Bin120"
"bccaf022711224b7f0625b3862f02bac",3,0,0,0,0,0,0,0,0,0,0,0,0,0,0,0,0,2,0,0,0,0,0,4,0,0,0,0,0,0,0,0,0,0,2,0,0,0,0,"D_0__Bacteria; D_1__Firmicutes; D_2__Clostridia; D_3__Clostridiales; D_4__Peptococcaceae; D_5__uncultured; D_6__uncultured bacterium"
"d08c4828245bbd835cfeb4c9850038da",0,0,0,0,0,0,3,0,0,4,2,0,10,0,0,3,0,11,3,0,1,0,4,0,0,1,0,4,7,0,0,0,4,7,1,1,0,0,0,"D_0__Bacteria; D_1__Bacteroidetes; D_2__Bacteroidia; D_3__Bacteroidales; D_4__Prolixibacteraceae; D_5__uncultured"
"420b924287fae81c643d7d0724d71742",17,0,2,0,2,0,14,0,0,0,0,0,1,0,9,0,0,14,0,0,7,0,11,13,0,7,1,0,6,0,0,0,20,18,10,25,0,0,0,"D_0__Bacteria; D_1__Bacteroidetes; D_2__Bacteroidia; D_3__Bacteroidales; D_4__Prolixibacteraceae; D_5__uncultured"
"645b563c5d189fac42217c6f1ba20a49",0,0,7,0,0,0,0,0,0,0,0,0,1,0,0,0,24,2,0,0,0,25,0,3,0,0,0,0,0,143,0,0,0,1,0,5,0,143,0,"D_0__Bacteria; D_1__Chloroflexi; D_2__Anaerolineae; D_3__Anaerolineales; D_4__Anaerolineaceae; D_5__ADurb.Bin120; Ambiguous_taxa"
"49bd821f931bbfd1d3981b93ec593cf5",4,0,2,0,0,3,0,0,2,0,0,0,0,0,2,0,0,0,2,0,3,0,4,5,0,0,0,0,0,0,0,0,0,0,0,0,0,0,0,"D_0__Bacteria; D_1__Firmicutes; D_2__Clostridia; D_3__Clostridiales; D_4__Christensenellaceae; D_5__uncultured"
"e2c23093fb1bbc988d06b580d8db4273",0,0,0,0,0,0,0,0,2,0,0,0,3,0,0,0,0,0,3,0,0,0,2,0,0,3,0,0,5,0,0,0,7,0,0,0,0,0,0,"D_0__Bacteria; D_1__Chloroflexi; D_2__Anaerolineae; D_3__Anaerolineales; D_4__Anaerolineaceae; D_5__ADurb.Bin120; D_6__uncultured Anaerolineaceae bacterium"
"daf23e4c2f15f5d19c8b416a8862345d",0,0,0,0,0,2,0,0,3,0,3,0,2,0,2,0,0,0,5,0,3,0,5,0,2,3,2,0,2,0,0,0,2,0,0,0,0,0,0,"D_0__Bacteria; D_1__WS1; D_2__uncultured organism; D_3__uncultured organism; D_4__uncultured organism; D_5__uncultured organism; D_6__uncultured organism"
"c8a918a42bcf927ec1ec30b07e2db690",0,0,0,0,0,3,3,0,0,0,0,0,0,0,0,0,0,0,2,22,4,0,3,0,0,2,0,0,2,0,0,40,0,0,0,0,0,0,0,"D_0__Bacteria; D_1__Firmicutes; D_2__Clostridia; D_3__Clostridiales; D_4__Clostridiales Incertae Sedis; D_5__Dethiosulfatibacter; D_6__uncultured bacterium"
"1069b3854110721956d24bb5f8d9f269",0,0,0,0,0,0,0,0,0,0,6,0,2,0,3,0,0,0,0,0,0,0,0,0,0,0,0,0,0,0,3,0,0,7,0,0,0,0,0,"D_0__Bacteria; D_1__Firmicutes; D_2__Clostridia; D_3__Clostridiales; D_4__Clostridiaceae 4; D_5__Salimesophilobacter"
"cfc5e7daf82b68473e1a336275f3192b",0,0,24,9,0,7,0,2,0,0,0,0,0,12,0,0,151,0,0,0,2,235,0,0,0,0,0,0,0,45,2,0,0,0,0,0,0,37,0,"D_0__Bacteria; D_1__Firmicutes; D_2__Clostridia; D_3__Clostridiales"
"0ff7768066ac615ec4f440384a331e38",0,0,2,0,0,3,0,0,0,0,0,0,0,0,0,0,0,5,3,0,1,0,2,2,0,0,3,0,0,0,0,0,1,0,2,0,0,0,0,"D_0__Bacteria; D_1__WS1; D_2__uncultured organism; D_3__uncultured organism; D_4__uncultured organism; D_5__uncultured organism; D_6__uncultured organism"
"9387a0c513d52e2477b53bcc0208cf8e",0,0,13,0,4,0,4,3,3,0,1,0,5,6,0,0,0,7,4,0,4,0,6,3,0,2,0,0,3,3,0,0,0,7,9,3,0,3,0,"D_0__Bacteria; D_1__WS1; D_2__uncultured bacterium; D_3__uncultured bacterium; D_4__uncultured bacterium; D_5__uncultured bacterium; D_6__uncultured bacterium"
"ae4d3e1f9e72cdce65271bae2b3ca1a3",0,0,0,0,0,0,0,0,0,0,0,0,0,0,3,0,0,4,0,0,0,0,0,0,0,0,0,0,0,0,0,0,0,4,5,2,0,0,0,"D_0__Bacteria; D_1__Bacteroidetes; D_2__Bacteroidia; D_3__Bacteroidales; D_4__Bacteroidetes BD2-2"
"abd585fc5685dba5d185abe0a2f482c0",0,0,0,0,0,0,0,0,0,0,0,0,0,0,3,0,0,0,0,0,0,0,0,3,0,0,0,0,0,0,0,0,0,8,0,3,0,0,0,"D_0__Bacteria; D_1__Chloroflexi; D_2__Anaerolineae; D_3__RBG-13-54-9; D_4__uncultured bacterium; D_5__uncultured bacterium; D_6__uncultured bacterium"
"7b81c0a22fc958d7d5685284cdf9b331",0,0,4,2,0,0,0,0,0,2,0,0,0,3,0,0,0,0,0,0,0,0,0,0,0,0,0,0,0,0,0,0,0,0,0,0,0,0,0,"D_0__Bacteria; D_1__Proteobacteria; D_2__Deltaproteobacteria; D_3__Desulfuromonadales; D_4__Desulfuromonadaceae; D_5__Pelobacter; D_6__uncultured bacterium"
"833babc41974f85a52b01ff42b9abf50",6,0,14,9,0,0,2,0,3,5,2,0,9,3,0,4,0,6,2,0,0,0,2,2,0,2,0,0,2,3,0,0,3,10,5,14,0,0,0,"D_0__Bacteria; D_1__Planctomycetes; D_2__Phycisphaerae; D_3__MSBL9; D_4__KCLunmb-38-53"
"c75b3c572001d1d62f0ee847f733a045",3,0,0,0,0,0,0,0,0,0,0,0,0,0,0,4,0,0,0,0,0,0,0,5,0,0,0,0,0,0,0,0,0,0,0,0,2,4,0,"D_0__Bacteria; D_1__Firmicutes; D_2__Clostridia; D_3__Clostridiales; D_4__Peptococcaceae; D_5__uncultured; D_6__uncultured bacterium"
"495a46493ea4a3fc1aa94dba9e631ef6",3,0,0,0,0,4,5,0,2,5,2,0,5,2,12,0,0,2,16,7,16,0,18,8,7,10,2,0,12,0,0,8,14,0,0,6,0,0,0,"D_0__Bacteria; D_1__Bacteroidetes; D_2__Bacteroidia; D_3__Bacteroidales; D_4__ML635J-40 aquatic group; D_5__uncultured bacterium; D_6__uncultured bacterium"
"ecb745618b9040216c2126395111e469",0,0,89,26,0,0,0,9,0,0,0,0,0,37,0,0,0,0,0,0,0,0,0,0,0,0,0,0,0,0,0,0,0,0,0,0,0,0,0,"D_0__Bacteria; D_1__WS2; D_2__uncultured bacterium; D_3__uncultured bacterium; D_4__uncultured bacterium; D_5__uncultured bacterium; D_6__uncultured bacterium"
"e8a75018c3fb54b60cccd878ba147532",118,0,6,6,17,15,10,0,5,15,3,0,23,8,57,42,0,33,33,0,17,0,24,117,5,10,8,19,9,0,3,0,13,54,28,57,0,0,0,"D_0__Bacteria; D_1__Firmicutes; D_2__Clostridia; D_3__Thermoanaerobacterales; D_4__SRB2"
"3169a954bf79971f10b6952a681e5901",0,0,0,0,0,0,0,0,2,0,8,0,3,0,0,50,0,0,0,0,0,0,0,0,5,0,0,0,0,0,1,0,0,0,0,0,0,0,0,"D_0__Bacteria; D_1__Firmicutes; D_2__Clostridia; D_3__Thermoanaerobacterales; D_4__SRB2"
"948882b05f3dfaaa93a3a6d3723a0c5f",0,0,0,0,0,0,0,0,3,0,9,0,0,0,0,6,0,0,0,0,0,0,0,0,0,0,0,0,0,0,0,0,0,3,0,0,0,0,0,"D_0__Bacteria; D_1__Firmicutes; D_2__Bacilli; D_3__Bacillales; D_4__Bacillaceae"
"b73d19060e24315ba367ff581090966b",2,0,3,0,0,0,0,0,0,0,0,0,0,0,0,0,0,0,0,0,0,0,0,0,0,0,0,0,0,0,0,0,0,0,3,3,0,0,0,"D_0__Bacteria; D_1__Firmicutes; D_2__Clostridia; D_3__Clostridiales; D_4__Christensenellaceae; D_5__uncultured"
"a463dd6911b327c99849cde10268b221",7,0,0,0,2,7,0,0,0,0,0,0,0,0,2,4,0,0,0,0,0,0,0,5,0,0,0,2,2,0,0,0,0,2,0,3,0,0,0,"D_0__Bacteria; D_1__Planctomycetes; D_2__Phycisphaerae; D_3__Phycisphaerales; D_4__AKAU3564 sediment group"
"2fe8ae4816afb3ab2303b2d53b98ecdf",26,0,0,4,0,0,0,0,0,0,9,0,1,8,2,0,0,1,0,0,0,0,0,0,0,0,0,2,0,0,0,0,0,0,2,0,0,0,0,"D_0__Bacteria; D_1__Chloroflexi; D_2__Anaerolineae; D_3__Anaerolineales; D_4__Anaerolineaceae; D_5__ADurb.Bin120; Ambiguous_taxa"
"a88a8d9f239da3098d29d255d1150576",0,0,0,0,0,5,0,0,0,0,0,0,0,0,0,5,0,0,0,0,0,0,0,0,3,0,0,0,0,0,0,0,0,0,0,0,0,0,0,"D_0__Bacteria; D_1__Proteobacteria; D_2__Deltaproteobacteria; D_3__Desulfobacterales; D_4__Desulfobacteraceae; D_5__Desulfonatronobacter; D_6__uncultured bacterium"
"4dd8104891e60e2d1289ea5c3511be87",0,0,0,0,0,0,3,0,0,0,0,0,0,0,0,0,0,0,5,0,1,0,4,0,0,3,1,0,0,0,0,0,11,0,3,7,0,0,0,"D_0__Bacteria; D_1__Bacteroidetes; D_2__Bacteroidia; D_3__Bacteroidales; D_4__Prolixibacteraceae; D_5__uncultured; D_6__benzene mineralizing consortium clone SB-1"
"829f0256c393c6a9f19028e4d9e58c64",1,0,0,0,9,0,0,0,0,0,0,0,0,0,0,20,0,0,1,0,3,0,0,0,0,0,0,1,0,0,0,0,0,0,1,0,0,0,0,"D_0__Bacteria; D_1__Halanaerobiaeota; D_2__Halanaerobiia; D_3__Halanaerobiales; D_4__Halobacteroidaceae; D_5__uncultured"
"8e7c704b08f0cff28ae1cb20900e6121",31,0,6,0,181,0,0,0,0,0,28,0,5,0,16,1105,0,0,0,38,2,0,1,30,0,0,0,75,0,0,24,42,0,11,21,29,0,0,0,"D_0__Bacteria; D_1__Proteobacteria; D_2__Gammaproteobacteria; D_3__Ectothiorhodospirales; D_4__Thioalkalispiraceae; D_5__Thioalkalispira"
"05936879b3e06c6477440746ec580662",0,0,0,0,0,0,0,0,5,2,0,0,0,0,0,0,0,0,0,0,0,0,0,0,5,0,0,0,0,0,0,0,0,0,0,0,0,0,0,"D_0__Bacteria; D_1__Firmicutes; D_2__Clostridia; D_3__Clostridiales; D_4__Family XIII; D_5__Anaerovorax"
"f16058cb3689e4720cebf879d97adbbe",14,0,5,4,39,5,0,0,0,0,0,0,15,5,16,15,0,14,0,0,0,0,0,10,0,0,0,15,0,0,0,0,0,16,15,24,0,0,0,"D_0__Bacteria; D_1__Latescibacteria; D_2__Latescibacteria; D_3__Latescibacterales; D_4__Latescibacteraceae; D_5__Candidatus Latescibacter; D_6__uncultured bacterium"
"647f25926f1af540059f6df2bbe18617",0,0,3,0,0,9,18,0,34,0,0,0,2,2,2,0,11,0,36,31,27,19,35,0,22,16,5,0,37,12,0,46,35,6,0,2,0,9,0,"D_0__Bacteria; D_1__Chloroflexi; D_2__Anaerolineae; D_3__Anaerolineales; D_4__Anaerolineaceae; D_5__ADurb.Bin120; D_6__uncultured bacterium"
"70f4c0240ee5e540b276d6f7e545ca95",0,0,4295,5699,894,10,0,1210,0,9,64,0,49,6295,5,9,0,48,0,0,0,0,2,5,0,0,0,525,0,0,68,2,0,2,76,89,0,0,0,"D_0__Bacteria; D_1__Proteobacteria; D_2__Deltaproteobacteria; D_3__Desulfobacterales; D_4__Desulfobacteraceae; D_5__Desulfococcus; D_6__bacterium enrichment culture clone Oil_45"
"12c60f646646051701a9da037eef8012",0,0,0,0,0,8,5,0,8,3,0,0,0,2,0,0,0,0,10,8,14,2,6,0,5,9,0,0,6,0,0,6,10,0,0,0,0,0,0,"D_0__Bacteria; D_1__Bacteroidetes; D_2__Bacteroidia; D_3__Bacteroidales; D_4__Marinilabiliaceae; D_5__uncultured; D_6__bacterium YC-ZSS-LKJ7"
"d97aeb96797277e1a598dd4296a68626",0,0,0,0,0,0,0,0,0,0,0,0,0,0,0,0,9,0,0,0,0,12,0,0,0,0,0,0,0,5,0,0,0,0,0,0,0,3,0,"D_0__Bacteria; D_1__Proteobacteria; D_2__Deltaproteobacteria; D_3__Syntrophobacterales; D_4__Syntrophaceae; D_5__uncultured; D_6__uncultured bacterium"
"03459e4156f80ae24cc7761b7dac09d9",8,0,11,6,0,7,20,3,18,2,8,0,7,11,3,9,7,11,27,0,15,7,22,16,19,17,7,7,20,4,4,0,31,19,6,14,0,8,4,"D_0__Bacteria; D_1__Armatimonadetes; D_2__uncultured"
"d4df868681adb7dc10a5fb0963966567",0,0,0,0,0,0,0,0,4,0,0,0,4,3,0,0,0,4,2,0,2,0,0,0,0,1,0,0,0,0,0,0,0,0,0,0,0,0,0,"D_0__Bacteria; D_1__Chloroflexi; D_2__Anaerolineae; D_3__SBR1031"
"08e3a75f7b42967c984dc83ae000595c",0,0,0,0,0,3,0,0,2,0,0,0,0,0,0,0,0,2,2,3,0,0,0,0,1,0,0,0,0,0,0,4,0,0,0,0,0,0,0,"D_0__Bacteria; D_1__Firmicutes; D_2__Clostridia; D_3__Clostridiales; D_4__Eubacteriaceae; D_5__Alkalibacter; Ambiguous_taxa"
"3dcdb435655e7eea7af8770a0953df69",0,0,0,0,0,0,0,0,0,0,0,0,4,0,0,0,0,6,0,0,0,0,0,3,0,0,0,0,0,0,0,0,0,0,0,0,0,0,0,"D_0__Bacteria; D_1__Spirochaetes; D_2__Spirochaetia; D_3__Spirochaetales; D_4__Spirochaetaceae; D_5__Alkalispirochaeta; D_6__uncultured organism"
"7a567ef0b580abf11d67a3e08cbd7dea",2,0,0,0,0,0,4,0,2,0,0,0,2,0,0,0,0,0,4,0,4,0,0,0,0,0,0,0,2,0,0,0,5,6,4,0,0,0,0,"D_0__Bacteria; D_1__Spirochaetes; D_2__Spirochaetia; D_3__Spirochaetales; D_4__Spirochaetaceae; D_5__Sphaerochaeta; D_6__bacterium enrichment culture clone M235"
"ffeb1c71c9b47a75d48069a688a4029b",0,0,0,0,0,0,0,0,0,0,0,0,0,0,0,0,2,0,0,0,0,2,0,0,0,0,0,0,0,3,0,0,0,0,0,0,0,3,0,"D_0__Bacteria; D_1__Proteobacteria; D_2__Deltaproteobacteria; D_3__SAR324 clade(Marine group B); D_4__uncultured bacterium zdt-33i5; D_5__uncultured bacterium zdt-33i5; D_6__uncultured bacterium zdt-33i5"
"43374cfe5bb3b224600a530a2a817882",0,0,0,0,2,4,0,0,0,0,0,0,5,0,7,0,0,0,0,0,0,0,0,0,0,0,0,5,0,0,0,0,0,3,2,6,0,0,0,"D_0__Bacteria; D_1__Latescibacteria; D_2__Latescibacteria; D_3__Latescibacterales; D_4__Latescibacteraceae; D_5__Candidatus Latescibacter"
"78b183a7ac3aeec6ac2b171c432e520e",0,0,0,0,0,0,0,0,0,3,0,0,0,0,0,0,0,0,4,3,0,0,0,0,0,0,0,0,0,0,0,7,0,0,0,0,0,0,0,"D_0__Bacteria; D_1__Atribacteria; D_2__JS1"
"157ddd1fec1ee7fe3eca5910ca739c8f",0,0,0,0,0,5,0,0,0,0,0,0,0,0,0,7,0,0,0,0,0,0,0,0,0,0,0,6,0,0,6,0,0,2,0,0,0,0,0,"D_0__Bacteria; D_1__Actinobacteria; D_2__Actinobacteria; D_3__Propionibacteriales; D_4__Propionibacteriaceae; D_5__Cutibacterium"
"63613af773bb149640e6bfc5a31ac3ff",0,0,2,0,0,0,4,0,12,0,0,2,0,0,0,0,82,0,4,6,2,106,4,0,7,3,0,0,0,84,0,3,4,0,0,0,0,69,2,"D_0__Bacteria; D_1__Chloroflexi; D_2__Anaerolineae; D_3__Anaerolineales; D_4__Anaerolineaceae; D_5__uncultured; D_6__uncultured Longilinea sp."
"9f183da7d52b0c9d4e5dc429bae66801",3,2,24,31,2,5,0,12,0,14,0,2,0,35,2,10,0,3,0,0,0,0,0,10,0,0,0,0,0,2,0,0,0,0,2,1,0,0,0,"D_0__Bacteria; D_1__Proteobacteria; D_2__Deltaproteobacteria; D_3__Desulfovibrionales; D_4__Desulfovibrionaceae; D_5__Desulfovibrio"
"b808ea603dec7c2bb2c8ede2c63bd212",0,6,0,0,0,0,0,0,0,0,0,1,0,0,0,0,2,0,0,0,0,0,0,0,0,0,0,0,0,0,0,0,0,0,0,0,2,0,20,"D_0__Bacteria; D_1__Firmicutes; D_2__Clostridia; D_3__Clostridiales; D_4__Ruminococcaceae"
"f5822677aa1fb0d28954dfb8520b6931",25,0,2,0,0,0,0,0,2,5,7,0,7,6,15,0,0,6,0,0,0,0,0,23,0,0,0,3,0,0,0,0,0,9,5,6,0,0,0,"D_0__Bacteria; D_1__Planctomycetes; D_2__Phycisphaerae; D_3__mle1-8; D_4__uncultured Schlesneria sp.; D_5__uncultured Schlesneria sp.; D_6__uncultured Schlesneria sp."
"8ae3bcc2ac927674648006acf91a50a9",0,0,0,0,12,0,0,0,0,0,0,0,0,0,0,0,0,0,0,0,0,0,0,0,0,0,0,0,0,0,0,0,0,0,0,0,0,0,0,"D_0__Bacteria; D_1__Firmicutes; D_2__Clostridia; D_3__Clostridiales; D_4__Lachnospiraceae; D_5__Vallitalea; D_6__Clostridium sp. AN-AS6C"
"890bb320d35237dcca93086eabfbc41c",0,0,0,0,0,0,0,0,0,0,0,0,7,2,6,0,0,7,0,0,0,0,0,3,0,0,0,0,0,0,0,0,0,0,0,0,0,0,0,"D_0__Bacteria; D_1__Proteobacteria; D_2__Deltaproteobacteria; D_3__Desulfobacterales; D_4__Desulfobacteraceae; D_5__Desulfatitalea; D_6__uncultured bacterium"
"4fbc90de675b2a5c9cd66375048c0453",58,0,15,2,149,30,15,3,22,15,71,0,19,6,56,63,1,16,12,0,19,2,19,70,10,7,2,69,8,10,71,0,16,39,16,16,2,3,3,"D_0__Bacteria; D_1__Firmicutes; D_2__Clostridia; D_3__Clostridiales; D_4__Clostridiaceae; D_5__Anaeromicrobium; D_6__Firmicutes bacterium"
"4d1591a802439417a0be7f0dc72f646a",0,0,0,0,0,9,0,0,0,0,5,0,0,0,0,0,0,0,0,0,0,0,0,3,0,0,0,0,0,0,2,0,0,0,0,0,0,0,0,"D_0__Bacteria; D_1__Firmicutes; D_2__Clostridia; D_3__Clostridiales; D_4__Clostridiaceae 1"
"6581e2edf9ad2d57bed2100d4e810d5e",0,0,0,1,12,0,0,0,0,0,0,0,1,0,0,0,0,0,0,0,0,0,0,0,2,0,0,0,0,0,0,0,4,2,0,0,0,0,0,"D_0__Bacteria; D_1__Firmicutes; D_2__Clostridia; D_3__Clostridiales; D_4__Clostridiaceae 1; D_5__Proteiniclasticum; Ambiguous_taxa"
"3eca3ee37e0c69e36afa5843793c3c10",0,0,8,0,206,654,1,2,3,535,0,0,1,0,75,0,0,6,8,17,4,0,7,0,0,2,2,157,0,0,0,57,10,107,20,32,0,0,0,"D_0__Bacteria; D_1__Proteobacteria; D_2__Gammaproteobacteria; D_3__Ectothiorhodospirales; D_4__Thioalkalispiraceae; D_5__Thioalkalispira"
"a55a94b1f598f93eea071cbdecaaf54c",0,0,0,0,0,2,1,0,4,2,0,0,5,0,2,8,0,2,5,0,4,3,1,0,3,1,2,0,4,0,0,0,6,1,0,0,0,0,0,"D_0__Bacteria; D_1__Firmicutes; D_2__Clostridia; D_3__Clostridiales; D_4__Ruminococcaceae; D_5__Ercella"
"3304ff99a368a44eb8ef3b85dc825723",0,0,0,0,0,0,0,0,0,0,0,0,0,0,0,0,0,0,0,16,0,0,0,0,0,0,0,0,0,0,0,8,0,0,0,0,0,0,0,"D_0__Bacteria; D_1__Proteobacteria; D_2__Gammaproteobacteria; D_3__Alteromonadales; D_4__Marinobacteraceae; D_5__Marinobacter"
"a90a81a9419e038b1dd11b15255208a0",0,0,32,0,0,0,0,7,0,0,0,0,0,5,0,0,0,0,0,0,0,0,0,0,0,0,0,0,0,0,0,0,0,0,0,0,0,0,0,"D_0__Bacteria; D_1__Proteobacteria; D_2__Deltaproteobacteria"
"35dd8f1bb7e90174898a63087e43c745",33,0,0,2,0,0,13,0,94,2,0,0,15,0,5,80,0,9,17,0,6,0,22,64,97,4,4,0,8,0,3,0,11,8,3,0,0,0,0,"D_0__Bacteria; D_1__Bacteroidetes; D_2__Bacteroidia; D_3__Bacteroidales; D_4__Prolixibacteraceae; D_5__uncultured; D_6__benzene mineralizing consortium clone SB-1"
"db6104d7209247cbe8cc08cd8ec386c9",0,0,0,0,0,0,0,0,0,0,0,0,0,0,0,0,0,0,0,9,0,0,0,0,0,0,0,0,0,0,0,9,0,0,0,0,0,0,0,"D_0__Bacteria; D_1__Proteobacteria; D_2__Gammaproteobacteria; D_3__Thiotrichales; D_4__Thiotrichaceae; D_5__uncultured; D_6__uncultured gamma proteobacterium"
"d179943c28db43e24fd04788b8e1180d",21,0,9,7,6,0,0,0,3,2,3,0,18,5,20,12,0,15,0,0,0,0,4,54,0,0,0,6,0,0,12,0,0,18,10,14,0,0,0,"D_0__Bacteria; D_1__Proteobacteria; D_2__Deltaproteobacteria; D_3__Desulfuromonadales; D_4__Desulfuromonadaceae; D_5__Pelobacter; D_6__uncultured bacterium"
"c1bef89703d41bed6101e9cbe234c109",202,6,36,15,69,76,9,0,52,30,20,4,122,15,138,240,0,123,28,0,37,0,38,180,52,19,6,37,7,0,9,0,43,160,60,75,4,3,21,"D_0__Bacteria; D_1__Proteobacteria; D_2__Deltaproteobacteria; D_3__Desulfobacterales; D_4__Desulfobulbaceae; D_5__Desulfofustis; Ambiguous_taxa"
"59d1eb02a53bedddfc1464ea29141af2",9,0,0,0,0,6,0,0,0,0,9,0,0,0,2,0,0,4,3,0,0,0,0,11,0,0,0,3,0,0,4,0,3,9,6,8,0,0,0,"D_0__Bacteria; D_1__Firmicutes; D_2__Clostridia; D_3__Clostridiales; D_4__Lachnospiraceae; D_5__uncultured; D_6__Lachnospiraceae bacterium S37_09_2"
"b6864d10f6d565e3bca5d0e071f6a5da",0,0,2,0,0,0,0,0,0,3,0,0,0,0,3,0,0,0,0,0,0,0,0,0,0,0,0,0,0,0,0,0,2,0,0,0,0,0,0,"D_0__Bacteria; D_1__Actinobacteria; D_2__WCHB1-81; D_3__uncultured bacterium; D_4__uncultured bacterium; D_5__uncultured bacterium; D_6__uncultured bacterium"
"a758590ef8337c7f076b633d1c0eac9e",0,0,0,0,0,0,0,0,0,0,0,0,5,0,0,0,0,0,4,0,0,0,0,0,0,0,0,1,2,0,0,0,2,0,0,12,0,0,0,"D_0__Bacteria; D_1__Firmicutes; D_2__Clostridia; D_3__Clostridiales; D_4__Family XI; D_5__Sedimentibacter; D_6__Sedimentibacter acidaminivorans"
"ad6f1433b7d91f34e950b1fb26fc461b",2,0,2,0,5,0,0,0,0,2,2,0,0,0,0,4,0,3,0,0,0,2,2,5,0,0,0,5,0,0,0,0,0,3,2,2,0,0,0,"D_0__Bacteria; D_1__Firmicutes; D_2__Clostridia; D_3__Clostridiales; D_4__Clostridiaceae 1; D_5__Clostridium sensu stricto 1; D_6__Clostridium sartagoforme AAU1"
"078118aff8985e76e27860d887ff7eed",33,0,0,0,0,6,0,0,0,7,0,5,11,0,0,25,0,7,0,0,0,0,0,28,0,0,0,0,0,9,3,0,0,0,6,0,8,5,0,"D_0__Bacteria; D_1__Firmicutes; D_2__Clostridia; D_3__Clostridiales; D_4__Peptococcaceae; D_5__uncultured; D_6__uncultured bacterium"
"b195852226da279bd8ac236f25af89a8",1,2,0,0,0,10,0,0,0,0,0,2,2,0,0,2,0,0,0,0,0,0,0,8,0,0,0,0,0,7,0,0,0,0,0,0,2,3,0,"D_0__Bacteria; D_1__Firmicutes; D_2__Clostridia; D_3__Clostridiales; D_4__Peptococcaceae; D_5__uncultured; D_6__uncultured bacterium"
"e5eb8bf91fba122642a2f54bb14b383b",2,0,0,0,0,0,0,0,0,5,3,0,0,0,0,1,0,0,0,0,0,0,0,0,0,0,0,0,0,0,0,0,0,0,0,0,0,0,0,"D_0__Bacteria; D_1__Proteobacteria; D_2__Gammaproteobacteria; D_3__Pseudomonadales; D_4__Moraxellaceae; D_5__Acinetobacter"
"640403eb1d9fe7eba5d8a5bfcb8aaaae",0,0,2,2,0,0,0,0,0,0,0,0,0,0,0,0,5,0,0,1,1,1,0,0,0,5,0,0,0,0,0,2,3,0,0,0,0,1,0,"D_0__Bacteria; D_1__Chloroflexi; D_2__Anaerolineae; D_3__Anaerolineales; D_4__Anaerolineaceae; D_5__Pelolinea; D_6__uncultured bacterium"
"3e7f9d63e283938341a03bc8641dd3b0",0,0,0,0,0,0,0,5,0,0,0,0,0,3,0,6,0,0,0,0,0,0,0,0,0,0,0,3,0,0,0,0,0,0,0,2,0,0,0,"D_0__Bacteria; D_1__Chloroflexi; D_2__Anaerolineae; D_3__Anaerolineales; D_4__Anaerolineaceae; D_5__uncultured"
"a1892560da0d61b8349d9fb03b144074",2,0,0,0,0,19,0,0,0,16,0,0,0,0,0,30,0,0,0,0,0,0,0,0,0,0,0,3,0,0,2,0,0,0,0,0,0,0,0,"D_0__Bacteria; D_1__Halanaerobiaeota; D_2__Halanaerobiia; D_3__Halanaerobiales; D_4__Halobacteroidaceae; D_5__uncultured"
"5defe20edaa4c8657276c14c13d20015",9,0,0,0,1,0,7,0,0,0,2,0,0,0,0,2,0,0,1,0,6,0,0,0,1,2,5,2,0,0,0,0,0,0,0,0,0,0,0,"D_0__Bacteria; D_1__Bacteroidetes; D_2__Bacteroidia; D_3__Bacteroidales; D_4__Prolixibacteraceae; D_5__uncultured"
"0a21af94761a1593b5ffbf2c1ced66c7",4,0,0,0,0,0,0,0,0,4,0,0,0,0,0,0,0,0,0,0,0,0,0,5,0,0,0,0,0,0,0,0,0,2,0,0,0,0,0,"D_0__Bacteria; D_1__Firmicutes; D_2__Clostridia; D_3__Clostridiales; D_4__Clostridiaceae 4; D_5__Salimesophilobacter"
"6d12b021d67d2ae0bd91ecd7ce22ec16",0,0,0,0,0,0,0,0,0,0,0,0,0,2,0,4,0,1,0,0,0,0,2,0,0,1,0,0,0,0,0,0,0,0,0,0,0,0,0,"D_0__Bacteria; D_1__Chloroflexi; D_2__Dehalococcoidia; D_3__vadinBA26; D_4__uncultured Chloroflexi bacterium; D_5__uncultured Chloroflexi bacterium; D_6__uncultured Chloroflexi bacterium"
"3bc40df6ebf69acd09c75f28cc2be03c",0,0,0,0,0,0,0,0,0,0,0,0,0,0,0,0,0,0,0,0,0,0,0,0,0,2,0,0,3,0,0,0,0,0,62,69,0,0,0,"D_0__Bacteria; D_1__Firmicutes; D_2__Clostridia; D_3__Clostridiales; D_4__Ruminococcaceae"
"a664dc085a5f4f0104874a42722b762b",0,0,0,0,0,0,0,0,5,0,0,0,0,0,0,3,1,0,1,0,3,0,4,0,3,6,2,0,0,0,0,2,2,0,0,0,0,0,0,"D_0__Bacteria; D_1__Synergistetes; D_2__Synergistia; D_3__Synergistales; D_4__Synergistaceae; D_5__uncultured; D_6__uncultured bacterium"
"7a32ded5c78b190971fffe325e0be009",0,0,0,0,10,4,0,0,0,2,0,0,0,0,0,13,0,4,2,0,0,0,0,0,0,0,0,1,2,0,0,0,0,0,0,0,0,0,0,"D_0__Bacteria; D_1__Tenericutes; D_2__Mollicutes; D_3__Haloplasmatales; D_4__Haloplasmataceae; D_5__Haloplasma; D_6__uncultured bacterium"
"c96a9cfa89dbfeebbdfaa19d660e7943",3,0,0,0,0,0,0,0,0,0,0,0,0,0,0,5,0,0,0,0,0,0,0,6,0,0,0,0,0,0,0,0,0,0,2,0,0,0,0,"D_0__Bacteria; D_1__Planctomycetes; D_2__Phycisphaerae; D_3__MSBL9; D_4__SG8-4"
"e324d074c400cce725f92b5fbd98ad76",0,0,11,0,0,0,0,0,0,0,0,0,0,0,0,0,0,0,0,0,0,0,0,0,0,0,0,0,0,0,0,0,0,0,0,0,0,0,0,"D_0__Bacteria; D_1__Planctomycetes; D_2__Phycisphaerae; D_3__Phycisphaerales; D_4__Phycisphaeraceae; D_5__uncultured; D_6__uncultured organism"
"3370e57e455c5467b775599242ed6d36",0,0,0,0,64,0,0,0,0,0,3,0,7,2,0,0,0,0,0,0,2,0,2,0,0,0,0,36,0,0,0,0,0,0,0,0,0,0,0,"D_0__Bacteria; D_1__Tenericutes; D_2__Mollicutes; D_3__Haloplasmatales; D_4__Haloplasmataceae; D_5__Haloplasma; D_6__uncultured bacterium"
"615ef6427495fb726d95291c48316fe9",0,0,0,0,0,0,0,0,0,2,0,0,0,0,0,0,0,0,0,3,0,0,0,0,0,0,0,0,0,0,0,2,0,3,0,0,0,0,0,"D_0__Bacteria; D_1__Firmicutes; D_2__Clostridia; D_3__Clostridiales; D_4__Ruminococcaceae"
"0081c8e3b09a4c78612c0d80835a5a1c",0,0,17,3,0,0,0,6,0,0,0,0,0,13,0,0,0,0,0,0,0,0,0,0,0,0,0,0,0,0,0,0,0,0,0,0,0,0,0,"D_0__Bacteria; D_1__Planctomycetes; D_2__Phycisphaerae; D_3__Phycisphaerales; D_4__AKAU3564 sediment group; D_5__uncultured bacterium; D_6__uncultured bacterium"
"1303b64a826ed3038b8bf7ff1ed96cef",0,0,0,0,0,0,11,0,8,0,0,0,0,0,0,0,0,2,13,5,17,0,18,7,5,12,0,0,11,0,0,5,15,0,0,0,0,0,0,"D_0__Bacteria; D_1__Bacteroidetes; D_2__Bacteroidia; D_3__Bacteroidales; D_4__Prolixibacteraceae; D_5__uncultured"
"e8f2d6f7494fbdeff2200f0852753b13",12,0,0,0,15,0,0,0,0,0,7,0,8,0,11,0,0,7,0,0,0,0,0,7,0,5,0,0,0,0,3,0,2,19,17,15,0,0,0,"D_0__Bacteria; D_1__Firmicutes; D_2__Clostridia; D_3__Clostridiales; D_4__Clostridiaceae 1; D_5__Oxobacter"
"844325eef6c5c32b9c96fc4fb1d897db",0,0,0,0,0,0,0,0,0,0,13,0,12,0,2,0,0,3,0,0,0,0,0,2,0,0,0,0,0,0,3,0,0,0,3,4,0,0,0,"D_0__Bacteria; D_1__Firmicutes; D_2__Clostridia; D_3__Clostridiales; D_4__Ruminococcaceae"
"22694dafe65ad00cdebb3b9ef5cd3da2",5,0,0,3,10,639,8,0,11,437,16,0,7,0,1,374,0,17,12,0,8,0,11,10,10,9,4,0,4,0,12,0,15,19,2,6,0,0,0,"D_0__Bacteria; D_1__Firmicutes; D_2__Clostridia; D_3__Clostridiales; D_4__Lachnospiraceae"
"6b2b14534d077ccfd99a3abe9874bd34",4,0,3,0,0,2,1,0,1,1,0,0,1,0,0,8,0,0,4,3,0,0,0,0,4,3,1,0,4,0,0,3,2,7,0,3,0,0,0,"D_0__Bacteria; D_1__Bacteroidetes; D_2__Bacteroidia; D_3__Bacteroidales; D_4__Marinilabiliaceae; D_5__uncultured; D_6__bacterium YC-ZSS-LKJ7"
"ffb96c3f3198856ffefac9d5e852e4a6",0,0,2,0,0,5,8,2,0,0,0,0,0,0,0,0,0,0,10,0,17,0,18,0,0,12,4,2,14,0,0,0,7,0,0,0,0,0,0,"D_0__Bacteria; D_1__Bacteroidetes; D_2__Bacteroidia; D_3__Bacteroidales; D_4__Prolixibacteraceae; D_5__uncultured"
"4876acda8a4f096d50a15d946a074793",0,0,0,0,0,0,10,0,24,0,0,0,0,0,10,0,0,0,21,2,11,0,18,0,13,7,7,0,20,0,0,0,16,0,1,1,0,0,0,"D_0__Bacteria; D_1__Bacteroidetes; D_2__Bacteroidia; D_3__Bacteroidales; D_4__Prolixibacteraceae; D_5__uncultured; D_6__benzene mineralizing consortium clone SB-1"
"9c7e5df2543d676992ac7ceb7f43cace",0,0,2,0,0,0,0,0,0,0,0,0,2,2,0,1,0,0,0,0,0,0,0,3,0,0,0,0,0,0,0,0,0,6,0,0,0,0,0,"D_0__Bacteria; D_1__Proteobacteria; D_2__Deltaproteobacteria; D_3__Desulfobacterales; D_4__Desulfobulbaceae; D_5__Desulfofustis; Ambiguous_taxa"
"5f35e358a811571230dc8d7af876b43f",0,0,0,0,10,0,0,0,0,0,0,0,0,0,0,0,0,0,0,0,0,0,0,0,0,0,0,0,0,0,0,0,0,0,0,0,0,0,0,"D_0__Bacteria; D_1__Actinobacteria; D_2__Actinobacteria; D_3__Corynebacteriales; D_4__Corynebacteriaceae; D_5__Corynebacterium 1; D_6__Corynebacterium stationis"
"fdebaae4f8fcf07faa52d178b4860fe9",0,0,0,0,3,0,0,0,0,0,0,0,0,0,0,0,0,0,0,0,0,0,0,2,0,0,0,8,0,0,0,0,0,0,0,0,0,0,0,"D_0__Bacteria; D_1__Actinobacteria; D_2__RBG-16-55-12; D_3__uncultured actinomycete; D_4__uncultured actinomycete; D_5__uncultured actinomycete; D_6__uncultured actinomycete"
"3bb6e643382fd72661ac7f7f0e3e8e71",2,0,9,2,0,0,0,4,0,0,5,0,6,0,0,0,0,0,0,0,0,0,0,4,0,0,0,0,0,0,1,0,0,0,0,0,0,0,0,"D_0__Bacteria; D_1__Planctomycetes; D_2__Planctomycetacia; D_3__Pirellulales; D_4__Pirellulaceae; D_5__uncultured; D_6__uncultured organism"
"ec387454027f61f12e824f2317cd6b8a",2,0,0,0,6,0,0,0,0,0,0,0,0,0,0,0,0,0,0,0,0,0,0,3,0,0,0,2,0,0,0,0,0,0,0,2,0,0,0,"D_0__Bacteria; D_1__Firmicutes; D_2__Clostridia; D_3__Clostridiales; D_4__Syntrophomonadaceae; D_5__Dethiobacter; D_6__uncultured bacterium"
"f5141b66e46d43d2cc20a1051f1711db",21,0,0,0,24,0,0,0,2,0,0,0,0,0,24,0,0,0,0,0,0,0,0,13,1,0,0,8,0,0,0,0,0,22,0,2,0,0,0,"D_0__Bacteria; D_1__Firmicutes; D_2__Bacilli; D_3__Bacillales; D_4__Bacillaceae; D_5__Bacillus"
"1c026d4e45070d20ce63c4aa99f5e828",0,0,2,0,0,0,0,0,0,0,0,0,0,0,0,0,0,0,4,2,4,2,0,0,0,0,0,0,3,3,0,1,0,0,0,0,0,0,0,"D_0__Bacteria; D_1__Chloroflexi; D_2__Anaerolineae; D_3__Anaerolineales; D_4__Anaerolineaceae; D_5__ADurb.Bin120; D_6__uncultured Chloroflexi bacterium"
"48aa0c3fc39ea98f06b91412e759c1df",2,0,0,0,0,0,4,0,7,0,0,0,0,0,2,0,0,0,10,0,6,0,2,0,6,2,3,0,8,0,0,0,5,0,0,0,0,3,0,"D_0__Bacteria; D_1__Bacteroidetes; D_2__Bacteroidia; D_3__Bacteroidales; D_4__Prolixibacteraceae; D_5__uncultured"
"d7090ca3fcfe4448cd26036d192b6fd2",0,0,0,0,0,12,0,0,0,2,0,0,7,4,0,4,7,6,0,0,0,6,0,0,0,0,0,0,0,16,3,0,0,2,4,6,0,6,3,"D_0__Bacteria; D_1__Proteobacteria; D_2__Deltaproteobacteria; D_3__Desulfarculales; D_4__Desulfarculaceae; D_5__Desulfatiglans"
"8fd65da0c40962f55e971e5d5eaabab1",0,0,0,0,0,0,7,0,6,3,0,0,0,0,0,5,0,4,10,0,15,4,11,4,5,8,4,2,11,0,0,0,10,0,0,0,0,0,0,"D_0__Bacteria; D_1__Firmicutes; D_2__Clostridia; D_3__Clostridiales; D_4__Ruminococcaceae; D_5__Ercella; D_6__uncultured bacterium"
"ec6b0cf114b3d3efec7c72c7eb868ec8",0,0,0,0,0,0,0,0,0,0,0,0,0,0,0,0,0,0,2,0,0,0,0,2,0,0,0,0,0,0,6,0,0,0,0,0,0,0,0,"D_0__Bacteria; D_1__Firmicutes; D_2__Clostridia; D_3__Clostridiales; D_4__Clostridiaceae 4; D_5__Salimesophilobacter; Ambiguous_taxa"
"6ce10280fba578a3e0811b44315b0383",0,0,0,0,0,0,0,0,0,0,0,0,2,0,0,0,0,0,3,0,2,0,0,0,0,0,0,0,0,0,0,0,2,9,0,0,0,0,0,"D_0__Bacteria; D_1__Firmicutes; D_2__Clostridia; D_3__Clostridiales; D_4__Christensenellaceae; D_5__uncultured"
"625a313ee0158a69bb218a2bd15c1447",15,0,0,0,0,0,0,0,0,0,0,0,0,0,0,0,0,0,0,0,0,0,0,28,0,0,0,0,0,0,0,0,0,0,0,0,0,0,0,"D_0__Bacteria; D_1__Firmicutes; D_2__Bacilli; D_3__Bacillales; D_4__Bacillaceae; D_5__Bacillus"
"dcb7626ab7a92d092be2ebbe70baa3cf",0,0,3,2,0,0,3,0,2,0,0,0,0,0,0,0,0,0,5,0,1,0,4,0,3,0,0,0,0,2,0,4,6,0,0,0,0,0,0,"D_0__Bacteria; D_1__Chloroflexi; D_2__Anaerolineae; D_3__Anaerolineales; D_4__Anaerolineaceae; D_5__Pelolinea; D_6__uncultured bacterium"
"06a135c12b084408d9b052355dfe029e",0,0,0,0,0,5,0,0,0,0,0,0,3,0,0,2,0,0,0,0,0,0,0,0,0,0,0,0,0,0,0,0,0,0,0,0,0,0,0,"D_0__Bacteria; D_1__Chloroflexi; D_2__Anaerolineae; D_3__SBR1031"
"74e2e676be105b563888756ece92d8dc",2,0,0,0,3,4,0,0,0,0,0,0,0,0,0,3,0,0,0,0,0,0,0,0,0,2,0,0,0,0,0,0,0,0,0,0,0,0,0,"D_0__Bacteria; D_1__Chloroflexi; D_2__Anaerolineae; D_3__RBG-13-54-9; D_4__uncultured bacterium; D_5__uncultured bacterium; D_6__uncultured bacterium"
"6598019f63b6f3e9efa838a8d00a5445",3,0,5,0,2,0,2,0,7,5,0,0,2,0,0,0,63,3,0,12,0,84,4,5,4,2,2,0,3,115,0,11,2,0,2,3,0,99,0,"D_0__Bacteria; D_1__Bacteroidetes; D_2__Bacteroidia; D_3__Bacteroidales"
"595851e8b3ce5a4109ce92349bfefafa",0,0,0,0,4,0,0,0,0,0,4,0,0,0,3,0,0,0,0,0,0,0,0,0,0,0,0,0,0,0,0,0,0,0,0,0,0,0,0,"D_0__Bacteria; D_1__Proteobacteria; D_2__Gammaproteobacteria; D_3__Betaproteobacteriales; D_4__Burkholderiaceae; D_5__Undibacterium; D_6__uncultured organism"
"1c2082c9adb96e06cacefd8950b7c12e",47,0,9,0,5,12,0,2,0,4,12,0,37,0,45,3,0,37,2,0,3,7,3,64,0,0,0,10,0,4,14,0,7,15,28,48,0,5,0,"D_0__Bacteria; D_1__Planctomycetes; D_2__Planctomycetacia; D_3__Pirellulales; D_4__Pirellulaceae; D_5__Pir4 lineage"
"58d45c4dc7e548be8c6f0923badc71b2",0,0,0,0,0,5,0,0,0,0,1,0,0,0,0,0,0,0,0,0,0,0,0,0,0,0,0,0,0,0,0,0,0,0,5,0,0,0,0,"D_0__Bacteria; D_1__Firmicutes; D_2__Limnochordia; D_3__Limnochordales; D_4__uncultured; Ambiguous_taxa; Ambiguous_taxa"
"a8f7daa76f311428bbb945d3b422aeb4",0,0,0,0,0,0,0,0,0,0,0,0,0,0,0,0,0,0,7,0,8,0,9,0,0,0,2,0,0,0,0,0,0,0,0,0,0,0,0,"D_0__Bacteria; D_1__Bacteroidetes; D_2__Bacteroidia; D_3__Bacteroidales; D_4__Prolixibacteraceae; D_5__uncultured"
"e0053a4fd31d3c7478557dc8b09975b6",6,0,2,0,0,2,0,0,0,0,0,0,2,0,4,0,0,3,0,0,0,0,0,0,0,0,0,0,0,0,0,0,0,4,2,9,0,0,0,"D_0__Bacteria; D_1__Bacteroidetes; D_2__Bacteroidia; D_3__Bacteroidales; D_4__Marinilabiliaceae; D_5__uncultured; D_6__bacterium YC-ZSS-LKJ7"
"f1439707c8eb870880b5558303b895a8",0,0,0,0,0,0,0,0,0,0,0,0,0,0,6,0,0,0,0,0,0,0,0,0,0,0,0,0,0,0,8,0,0,0,0,0,0,0,0,"D_0__Bacteria; D_1__Bacteroidetes; D_2__Bacteroidia; D_3__Bacteroidales; D_4__Prolixibacteraceae; D_5__uncultured; D_6__benzene mineralizing consortium clone SB-1"
"03e63b4101d4651feb8c9c125aaa7790",0,0,0,0,0,0,0,0,2,0,0,0,0,0,0,3,0,0,0,0,0,0,0,0,6,0,0,0,0,0,0,0,0,0,0,0,0,0,0,"D_0__Bacteria; D_1__Firmicutes; D_2__Clostridia; D_3__Clostridiales; D_4__Christensenellaceae; D_5__uncultured"
"d6fb8fcf0a11862e8b38046f29d3a42d",2,0,0,0,0,0,0,0,4,0,0,0,0,0,6,0,0,5,0,0,0,0,0,2,2,0,0,0,0,0,0,0,0,7,5,0,2,0,0,"D_0__Bacteria; D_1__Tenericutes; D_2__Mollicutes; D_3__Izimaplasmatales; D_4__uncultured bacterium; D_5__uncultured bacterium; D_6__uncultured bacterium"
"dfb2f37902afd2892e5b008d7adec18f",0,0,0,0,0,2,0,0,0,0,0,0,5,0,5,3,0,2,0,0,0,0,0,6,0,0,0,0,0,0,0,0,0,3,5,2,0,0,0,"D_0__Bacteria; D_1__Planctomycetes; D_2__Phycisphaerae; D_3__MSBL9; D_4__SM23-30"
"c67efa23c1c1f5e6509a7282ce9cc394",3,5,8,2,0,3,0,0,3,0,0,2,0,5,0,2,23,0,0,0,0,26,3,4,3,0,0,0,0,3,0,0,0,0,0,0,2,3,16,"D_0__Bacteria; D_1__Chloroflexi; D_2__Dehalococcoidia; D_3__vadinBA26; D_4__uncultured bacterium; D_5__uncultured bacterium; D_6__uncultured bacterium"
"2a0f73f08a977d8045170262c8869f95",0,0,1,0,0,3,5,0,14,0,0,0,0,6,0,2,0,5,24,18,10,0,20,3,14,8,0,0,17,3,0,17,12,0,0,0,0,4,0,"D_0__Bacteria; D_1__Atribacteria; D_2__JS1; D_3__uncultured organism; D_4__uncultured organism; D_5__uncultured organism; D_6__uncultured organism"
"e701b733e640e4f71525b3562ae30724",15,0,0,3,2,5,3,0,3,6,0,0,6,0,14,2,0,3,9,0,7,0,11,4,4,4,3,4,0,0,0,0,5,3,0,2,0,0,0,"D_0__Bacteria; D_1__Firmicutes; D_2__Clostridia; D_3__Clostridiales; D_4__Christensenellaceae; D_5__uncultured"
"95ba9bf247e58b97d3e5a8ddb9788973",0,0,3,0,0,0,0,0,0,0,0,0,0,0,0,0,0,0,0,0,0,0,0,0,0,0,0,6,0,0,0,0,0,7,0,0,0,0,0,"D_0__Bacteria; D_1__Firmicutes; D_2__Clostridia; D_3__Clostridiales; D_4__Clostridiaceae 1; D_5__Proteiniclasticum; Ambiguous_taxa"
"25749f0603977c9883e35203faa5bfc1",0,0,0,0,0,0,0,0,5,0,0,0,0,0,0,0,0,0,0,0,0,5,0,0,0,0,0,0,0,0,0,0,2,0,0,0,0,0,0,"D_0__Bacteria; D_1__Firmicutes; D_2__Clostridia; D_3__Clostridiales; D_4__Clostridiaceae 3; D_5__Brassicibacter; D_6__uncultured Firmicutes bacterium"
"cc12c90a609ca6b5820598fa93bc31d1",0,0,0,0,0,2,0,0,2,0,0,0,4,0,0,0,0,4,1,0,0,0,2,6,0,0,0,0,0,5,0,0,0,0,0,0,0,1,0,"D_0__Bacteria; D_1__Synergistetes; D_2__Synergistia; D_3__Synergistales; D_4__Synergistaceae; D_5__Thermovirga"
"466423e91ccf2517969d54d4adf946ca",0,0,0,0,0,0,6,0,6,4,0,0,0,0,0,6,0,0,11,0,12,5,17,2,7,3,4,0,9,3,0,0,10,0,0,0,0,4,2,"D_0__Bacteria; D_1__Firmicutes; D_2__Clostridia; D_3__Clostridiales; D_4__Ruminococcaceae; D_5__Ercella; D_6__uncultured bacterium SHA-33"
"206c0633bf7f5b270636c698b5b73380",0,0,2,0,0,6,15,0,22,6,0,0,0,0,0,0,2,2,26,10,31,5,13,0,5,13,6,0,21,0,0,17,39,0,0,0,0,0,0,"D_0__Bacteria; D_1__Bacteroidetes; D_2__Bacteroidia; D_3__Bacteroidales; D_4__Bacteroidetes BD2-2"
"f4a6f54451a175b88424590439dccd70",1,0,8,2,9,21,44,0,21,28,2,0,15,6,17,12,8,0,56,24,49,5,60,0,19,41,13,10,63,8,3,47,46,25,5,6,0,11,0,"D_0__Bacteria; D_1__Bacteroidetes; D_2__Bacteroidia; D_3__Bacteroidales; D_4__Marinilabiliaceae; D_5__uncultured; D_6__bacterium YC-ZSS-LKJ7"
"810456c52cddc05af273ee23bc15e3e0",9,0,0,2,0,0,0,0,0,7,0,0,0,0,0,0,0,8,0,0,2,0,0,12,0,0,0,0,0,0,2,0,0,2,0,3,0,0,0,"D_0__Bacteria; D_1__Firmicutes; D_2__Clostridia; D_3__Clostridiales; D_4__Christensenellaceae; D_5__Christensenellaceae R-7 group"
"91be6fd0d338ce055b9d10c007b98877",0,0,4,3,0,0,16,3,32,5,0,0,6,4,0,0,3,0,19,0,42,4,47,0,30,20,15,0,28,11,0,3,29,0,0,0,2,6,0,"D_0__Bacteria; D_1__Firmicutes; D_2__Clostridia; D_3__Clostridiales; D_4__Clostridiales Incertae Sedis; D_5__Dethiosulfatibacter; Ambiguous_taxa"
"3d9ebf00eae6b3fc71e6aeb6d0726c08",7,0,0,0,2,10,11,0,12,8,4,0,35,0,33,25,0,25,28,7,16,2,26,20,20,10,11,6,22,0,0,14,23,22,9,41,0,2,0,"D_0__Bacteria; D_1__Bacteroidetes; D_2__Bacteroidia; D_3__Bacteroidales; D_4__Bacteroidetes BD2-2; D_5__uncultured Bacteroidales bacterium; D_6__uncultured Bacteroidales bacterium"
"619f3fa4e438bb885b92bbb1d7919397",0,0,0,0,0,13,0,0,0,3,0,0,0,0,0,2,0,0,0,0,0,0,0,0,0,0,0,0,0,0,0,0,0,0,0,0,0,0,0,"D_0__Bacteria; D_1__Firmicutes; D_2__Clostridia; D_3__Thermoanaerobacterales; D_4__SRB2; D_5__iron-reducing bacterium enrichment culture clone HN-HFO75; D_6__iron-reducing bacterium enrichment culture clone HN-HFO75"
"8b190b6fec7d0d44b0f00cab0faac5e0",0,0,0,0,0,0,0,0,0,0,0,0,7,0,0,0,0,0,0,0,0,0,0,0,0,0,0,0,0,0,0,0,0,3,0,3,0,0,0,"D_0__Bacteria; D_1__Kiritimatiellaeota; D_2__Kiritimatiellae; D_3__Kiritimatiellales; D_4__Kiritimatiellaceae; D_5__R76-B128; D_6__uncultured organism"
"4a4149257b0a6890b1d6f9e552726710",2,0,6,0,0,0,0,0,0,0,0,0,0,0,0,2,0,0,0,0,0,0,0,8,3,0,0,0,0,0,0,0,0,0,0,0,0,0,0,"D_0__Bacteria; D_1__Firmicutes; D_2__Clostridia; D_3__Clostridiales; D_4__Peptococcaceae"
"878976f9a7f3fea8898e98edbc7a1c7a",0,0,5,6,0,7,9,5,17,0,0,0,4,0,0,8,9,1,4,0,10,4,12,1,26,6,4,0,0,5,0,2,0,0,0,0,0,0,0,"D_0__Bacteria; D_1__Synergistetes; D_2__Synergistia; D_3__Synergistales; D_4__Synergistaceae; D_5__Thermovirga; D_6__uncultured Synergistaceae bacterium"
"45299a5ce5605a4ce0b9b463ed09bebd",0,0,0,0,0,3,0,0,3,3,0,0,0,0,0,0,0,0,4,0,1,0,0,0,2,2,0,0,0,0,0,2,0,0,0,0,0,0,0,"D_0__Bacteria; D_1__Bacteroidetes; D_2__Ignavibacteria; D_3__Ignavibacteriales; D_4__Melioribacteraceae; D_5__IheB3-7; D_6__uncultured Chlorobi bacterium"
"88b190e430c6b58f840af9c64fb97b8c",0,0,0,0,11,26,0,0,0,15,0,0,0,0,0,0,0,0,5,0,2,0,7,0,0,0,0,3,5,0,2,0,2,0,1,0,0,0,0,"D_0__Bacteria; D_1__Bacteroidetes; D_2__Bacteroidia; D_3__Bacteroidales; D_4__Prolixibacteraceae; D_5__uncultured; D_6__benzene mineralizing consortium clone SB-1"
"2800c571f041cc6e8d879e75234a0c23",0,0,20,0,0,4,3,5,0,0,0,0,2,1,0,2,2,0,4,0,0,8,4,0,2,3,4,0,2,3,0,0,3,0,0,0,0,3,0,"D_0__Bacteria; D_1__Chloroflexi; D_2__Anaerolineae; D_3__Anaerolineales; D_4__Anaerolineaceae; D_5__Pelolinea"
"a406ca487ae14916a9bbe64fc8fe7e84",0,0,0,0,0,0,0,0,0,0,0,0,0,0,0,0,0,0,0,0,0,0,0,10,0,0,0,0,0,2,0,0,0,0,0,0,0,0,0,"D_0__Bacteria; D_1__Firmicutes; D_2__Clostridia; D_3__Clostridiales; D_4__Peptococcaceae; D_5__Desulfotomaculum; D_6__Desulfotomaculum tongense"
"2ed54f0c4cca1869acee950aafcc180e",33,0,0,0,0,18,0,0,1,1,0,0,17,2,26,0,0,13,7,0,6,0,3,35,0,3,0,2,5,0,0,0,5,15,18,0,0,0,0,"D_0__Bacteria; D_1__Firmicutes; D_2__Clostridia; D_3__Thermoanaerobacterales; D_4__SRB2"
"37f62cd697977c1c020e3b0b75e9438e",29,0,26,0,20,9,0,0,6,0,34,0,3,0,0,21,3,0,3,0,0,0,0,114,6,5,0,18,2,1,106,0,0,0,4,10,0,2,0,"D_0__Bacteria; D_1__Firmicutes; D_2__Limnochordia; D_3__Limnochordales; D_4__uncultured"
"3145bc5073753da331c23f0e724d2469",17,0,22,13,11,66,71,6,192,57,11,0,29,17,28,55,237,26,137,88,82,404,120,25,141,67,34,9,109,549,4,152,106,40,20,21,8,423,5,"D_0__Bacteria; D_1__Synergistetes; D_2__Synergistia; D_3__Synergistales; D_4__Synergistaceae; D_5__Thermovirga"
"d82cdef546bc9f98e3e92f7659a6ede3",8,0,0,0,0,8,14,0,4,2,0,0,3,0,12,7,0,5,0,0,7,0,17,5,10,11,4,2,7,0,5,0,10,18,0,8,0,0,0,"D_0__Bacteria; D_1__Firmicutes; D_2__Clostridia; D_3__Clostridiales; D_4__Family XI; D_5__Sedimentibacter"
"e63d2eb6064235dfa2ff1f4576277c7e",6,0,0,0,0,0,0,0,0,0,4,0,0,0,0,0,0,4,0,0,0,0,0,0,0,0,0,0,0,0,0,0,0,0,0,0,0,0,0,"D_0__Bacteria; D_1__Firmicutes; D_2__Clostridia; D_3__Clostridiales; D_4__Clostridiaceae 4; D_5__Salimesophilobacter"
"c7d94f746192c26bea427a42875cd91f",0,0,9,0,3,0,17,4,0,0,0,0,9,0,30,0,0,14,27,0,33,0,23,0,2,12,9,7,11,0,0,0,15,56,31,43,0,0,0,"D_0__Bacteria; D_1__Firmicutes; D_2__Clostridia; D_3__Clostridiales; D_4__Ruminococcaceae"
"e1ccff761c7f02281329fce5f4e0da76",0,0,0,0,0,0,0,0,2,0,0,0,0,0,0,0,0,0,2,7,0,0,0,3,0,0,0,0,3,0,0,4,0,0,0,0,0,0,0,"D_0__Bacteria; D_1__Chloroflexi; D_2__Anaerolineae; D_3__Anaerolineales; D_4__Anaerolineaceae; D_5__ADurb.Bin120"
"cd1d12c83be0089912b4c7890e7d3bcf",8,0,0,0,0,0,29,0,39,3,0,0,10,0,7,19,0,22,63,2,60,0,52,6,46,31,10,0,37,0,0,0,38,4,6,6,0,0,0,"D_0__Bacteria; D_1__Bacteroidetes; D_2__Bacteroidia; D_3__Bacteroidales; D_4__Prolixibacteraceae; D_5__uncultured"
"52c03a8022688d74d926c898fcf8dcba",4,0,0,0,2,0,0,0,0,0,0,0,0,0,4,37,0,6,0,0,0,0,0,4,0,0,0,3,0,0,0,3,1,0,2,0,0,0,0,"D_0__Bacteria; D_1__Epsilonbacteraeota; D_2__Campylobacteria; D_3__Campylobacterales; D_4__Thiovulaceae; D_5__Sulfurimonas"
"7de25825ca0e34cbbbffc3bfbc4ac14c",2,0,0,0,0,0,0,0,0,0,0,0,0,0,0,0,0,2,2,0,0,0,0,5,0,0,0,0,0,0,0,0,0,0,0,0,0,0,0,"D_0__Bacteria; D_1__Firmicutes; D_2__Clostridia; D_3__Clostridiales; D_4__Caldicoprobacteraceae; D_5__Caldicoprobacter; D_6__uncultured bacterium"
"86a1ef49ef4f4ec2dc5ff850bc4b6d5f",0,0,15,0,0,0,0,3,0,0,0,0,0,0,0,0,0,0,0,0,0,0,0,0,0,0,0,0,0,0,0,0,0,0,0,0,0,0,0,"D_0__Bacteria; D_1__Proteobacteria; D_2__Deltaproteobacteria"
"135250c8fedb3919339f43eff04c97dc",25,0,0,0,7,9,19,0,48,2,10,0,21,0,32,21,0,15,56,0,50,0,34,10,47,18,10,0,40,0,6,0,32,45,8,15,0,0,0,"D_0__Bacteria; D_1__Bacteroidetes; D_2__Bacteroidia; D_3__Bacteroidales; D_4__Prolixibacteraceae; D_5__uncultured; D_6__benzene mineralizing consortium clone SB-1"
"55470116d05dce045f1d1a0d5dc5e82e",0,0,0,0,0,25,0,0,0,16,0,0,0,0,0,0,0,0,0,0,0,0,0,0,0,0,0,0,0,0,0,0,0,0,0,0,0,0,0,"D_0__Bacteria; D_1__Bacteroidetes; D_2__Bacteroidia; D_3__Bacteroidales; D_4__Marinilabiliaceae; D_5__Alkaliflexus"
"71d8ed0839860aa090996c6a20a3ab8b",0,0,0,0,0,0,0,0,0,0,0,0,0,0,5,0,0,0,0,0,0,5,0,0,0,0,0,0,0,0,0,0,0,0,1,0,0,0,0,"D_0__Bacteria; D_1__Synergistetes; D_2__Synergistia; D_3__Synergistales; D_4__Synergistaceae; D_5__Thermovirga; D_6__uncultured Synergistaceae bacterium"
"a1e4d00b1036fd5e034db53aa32b1aa6",0,0,0,0,0,0,0,0,0,0,0,0,0,0,0,0,0,0,2,0,2,0,0,4,0,2,0,0,0,0,0,0,2,0,0,0,0,0,0,"D_0__Bacteria; D_1__Firmicutes; D_2__Clostridia; D_3__Clostridiales; D_4__Peptococcaceae"
"1583c14b67922a5a13e81dcacc65318e",0,0,0,0,0,0,0,0,0,0,0,0,0,0,0,0,0,0,0,0,0,0,0,0,0,0,0,10,0,0,0,0,0,0,0,0,0,0,0,"D_0__Bacteria; D_1__Firmicutes; D_2__Clostridia; D_3__Clostridiales; D_4__Clostridiaceae 1"
"5e8723c9d5829e78d501a3b46ff0433b",55,0,0,0,18,38,0,0,4,10,18,0,11,0,39,17,0,7,5,0,3,0,6,41,0,1,0,16,0,0,16,2,6,22,24,17,0,0,0,"D_0__Bacteria; D_1__Bacteroidetes; D_2__Bacteroidia; D_3__Bacteroidales; D_4__Prolixibacteraceae; D_5__uncultured; D_6__uncultured Bacteroidetes bacterium"
"65a2c0abf9f2aa49602095b3f3926a65",7,0,2,0,0,0,2,2,0,3,8,0,0,0,0,3,0,2,0,0,2,0,0,2,0,0,0,0,0,0,6,0,0,12,2,7,0,0,0,"D_0__Bacteria; D_1__BRC1"
"8766076fe0ba5996e6e7b98704d4d283",41,0,6,0,0,18,0,4,3,3,2,0,0,7,4,0,0,5,1,0,2,0,0,0,0,0,0,0,4,0,5,0,2,16,4,10,0,0,0,"D_0__Bacteria; D_1__Planctomycetes; D_2__Phycisphaerae; D_3__MSBL9; D_4__SG8-4"
"754179636a0e8ede5d64e7a28e128ab5",0,0,0,0,0,0,6,0,3,3,0,0,0,0,0,0,0,2,1,5,6,0,9,0,0,4,0,0,2,0,0,3,5,0,0,0,0,0,0,"D_0__Bacteria; D_1__Firmicutes; D_2__Clostridia; D_3__Clostridiales; D_4__Clostridiales Incertae Sedis; D_5__Dethiosulfatibacter; D_6__uncultured organism"
"33e93e66c663eb2c44b54e428b2e6bb9",0,0,0,0,0,0,0,0,0,0,0,0,0,0,0,15,0,0,0,0,0,0,0,0,0,0,0,0,0,0,0,0,0,0,0,0,0,0,0,"D_0__Bacteria; D_1__Firmicutes; D_2__Clostridia; D_3__Thermoanaerobacterales; D_4__SRB2; D_5__iron-reducing bacterium enrichment culture clone HN-HFO75; D_6__iron-reducing bacterium enrichment culture clone HN-HFO75"
"819f8cf5a2b601fe667f99f7ded9da78",14,0,0,0,0,0,0,0,0,0,0,0,0,0,0,0,0,0,0,0,0,0,0,15,0,0,0,0,0,0,0,0,0,0,0,0,0,0,0,"D_0__Bacteria; D_1__Firmicutes; D_2__Clostridia; D_3__Clostridiales; D_4__Peptococcaceae; D_5__uncultured; D_6__uncultured bacterium"
"5e661a81a60ce91758ddb6f938c1d18b",0,0,0,0,0,3,0,0,0,0,0,0,3,0,0,0,0,0,0,0,3,0,0,1,0,0,0,0,0,0,0,0,0,0,0,0,0,0,0,"D_0__Bacteria; D_1__Spirochaetes; D_2__Spirochaetia; D_3__Spirochaetales; D_4__Spirochaetaceae; D_5__Candidatus Marispirochaeta"
"a6d3348b20133a4b0143653c17d02152",3,0,0,0,0,0,0,0,0,0,0,0,0,0,0,0,0,0,0,0,0,0,0,0,0,0,0,0,0,0,0,0,0,7,0,0,0,0,0,"D_0__Bacteria; D_1__Firmicutes; D_2__Clostridia; D_3__Clostridiales; D_4__Ruminococcaceae"
"f5edca456ed35168991e5dc9034bb5a5",305,2,8,5,12,213,94,0,111,107,13,0,35,4,54,393,0,51,101,8,131,3,102,363,87,100,24,10,159,6,4,17,141,48,25,37,2,3,0,"D_0__Bacteria; D_1__Bacteroidetes; D_2__Bacteroidia; D_3__Bacteroidales"
"4f9ab3bd25d38bebb04c3da2828376fb",0,0,5,0,0,5,11,0,14,0,0,0,0,5,0,0,7,0,24,19,21,7,16,0,5,12,9,0,10,3,0,34,15,0,0,0,0,2,0,"D_0__Bacteria; D_1__Chloroflexi; D_2__Anaerolineae; D_3__Anaerolineales; D_4__Anaerolineaceae; D_5__Pelolinea"
"ffdc03b7c460accc2cc77f9c06253ff2",22,0,7,3,69,0,3,0,0,0,64,0,10,0,40,42,0,14,0,0,3,0,0,20,0,0,0,63,0,0,58,0,2,46,14,10,0,0,0,"D_0__Bacteria; D_1__Firmicutes; D_2__Bacilli; D_3__Bacillales; D_4__Bacillaceae; D_5__Anaerobacillus"
"e348d554c30255649e5e6e112d4158d2",0,0,2,4,12,6,0,0,0,5,17,0,38,4,5,5,0,22,0,0,0,1,0,0,0,0,0,3,0,0,16,0,0,11,0,2,0,0,0,"D_0__Bacteria; D_1__Halanaerobiaeota; D_2__Halanaerobiia; D_3__Halanaerobiales; D_4__Halobacteroidaceae; D_5__uncultured; D_6__uncultured Halanaerobiales bacterium"
"c8fedf1cae9bfed132c4b637b1537051",0,0,0,0,0,0,0,0,0,0,0,0,0,0,2,2,2,0,0,0,0,0,0,0,0,0,0,0,0,0,0,0,0,2,0,3,0,0,0,"D_0__Bacteria; D_1__Planctomycetes; D_2__Phycisphaerae; D_3__MSBL9; D_4__SG8-4"
"f43ba6d794572b25413f20a3229cdfa1",0,0,8,0,0,0,0,4,0,0,0,0,0,0,0,0,0,0,0,0,0,0,0,0,0,0,0,0,0,0,0,0,0,0,0,0,0,0,0,"D_0__Bacteria; D_1__Planctomycetes"
"b7a55ffbb43d395d392c97ff1e3eca4b",30,0,5,0,9,8,76,0,141,6,0,2,38,3,27,35,0,37,135,10,118,0,139,48,110,96,49,0,128,0,0,9,125,10,31,31,0,0,3,"D_0__Bacteria; D_1__Bacteroidetes; D_2__Bacteroidia; D_3__Bacteroidales; D_4__Prolixibacteraceae; D_5__uncultured"
"ad776f3a5952d02481e1489357346782",0,0,4,0,3,0,0,0,0,0,0,0,3,0,5,0,0,0,2,0,0,0,3,0,0,0,0,0,0,0,5,0,3,6,5,0,0,0,0,"D_0__Bacteria; D_1__Planctomycetes; D_2__Planctomycetacia; D_3__Pirellulales; D_4__Pirellulaceae; D_5__Pir4 lineage"
"8017c35eb34aba271401431f9d6b6565",8,0,0,0,4,0,0,0,0,0,7,0,0,0,2,7,0,0,0,0,0,0,0,11,0,0,0,0,0,0,4,0,0,3,0,0,0,0,0,"D_0__Bacteria; D_1__Proteobacteria; D_2__Gammaproteobacteria; D_3__Ectothiorhodospirales; D_4__Ectothiorhodospiraceae; D_5__Thioalbus; Ambiguous_taxa"
"1ca14846385abe023ff9f0f9940bfdb7",6,0,4,0,0,0,8,0,4,0,0,0,5,0,2,0,0,2,1,0,15,4,13,1,12,12,0,0,1,0,0,0,6,3,3,0,0,0,0,"D_0__Bacteria; D_1__Synergistetes; D_2__Synergistia; D_3__Synergistales; D_4__Synergistaceae; D_5__Thermovirga"
"d08d00bf4966cfe096b278264690ff95",0,0,0,0,0,6,0,0,0,0,5,0,0,0,0,5,0,0,0,0,0,0,0,10,0,0,0,0,0,0,5,0,0,0,0,0,0,0,0,"D_0__Bacteria; D_1__Firmicutes; D_2__Clostridia; D_3__Clostridiales; D_4__Peptococcaceae; D_5__uncultured; D_6__uncultured bacterium"
"fe8fcc021d1254f557a5f2accefebf82",0,0,0,0,0,0,0,0,4,0,0,0,0,0,0,0,0,0,5,12,6,0,5,0,3,2,2,0,4,0,0,22,2,0,0,0,0,0,0,"D_0__Bacteria; D_1__Proteobacteria; D_2__Deltaproteobacteria; D_3__Desulfuromonadales"
"a857022cfa2d79613e1ce82f56437ed7",2,0,0,0,5,0,0,0,0,0,0,0,0,0,0,11,0,0,0,0,0,0,0,0,0,0,0,0,0,0,2,0,0,0,0,0,0,0,0,"D_0__Bacteria; D_1__Firmicutes; D_2__Clostridia; D_3__Clostridiales; D_4__Clostridiaceae 1; D_5__Clostridium sensu stricto 1"
"d84638d2d41270423a7f0e46eb355e58",0,0,0,0,3,0,5,0,4,0,0,0,0,0,0,6,0,0,5,0,8,0,7,0,0,2,3,0,4,0,0,0,8,0,0,0,0,0,0,"D_0__Bacteria; D_1__Armatimonadetes; D_2__uncultured"
"4c2b386a364292d5720c867af5053764",0,0,0,0,0,0,0,0,5,0,0,0,0,0,0,0,0,0,0,2,0,0,0,0,3,0,0,0,0,0,0,0,0,0,0,0,0,0,0,"D_0__Bacteria; D_1__Firmicutes; D_2__Clostridia; D_3__Clostridiales; D_4__Peptococcaceae; D_5__uncultured; D_6__uncultured bacterium"
"ac44201cc960562ceb851ec72a997e01",5,0,2,0,19,0,0,0,0,0,0,0,0,0,0,24,0,5,0,0,0,0,0,2,0,0,0,1,0,0,0,0,0,3,0,0,0,0,0,"D_0__Bacteria; D_1__Bacteroidetes; D_2__Ignavibacteria; D_3__Ignavibacteriales; D_4__Melioribacteraceae; D_5__Melioribacter; D_6__uncultured organism"
"662ba0b2b1beedfd7f3d752b4c5a927e",0,0,0,0,0,0,2,0,7,0,0,0,0,2,0,0,0,0,9,15,1,0,7,0,4,5,1,0,4,0,0,38,10,0,0,0,0,2,0,"D_0__Bacteria; D_1__Atribacteria; D_2__JS1"
"0ba16844bf7ad239760e896f8774f721",0,0,6,0,10,10,0,3,0,4,0,0,0,0,3,0,0,0,0,0,0,0,0,1,0,0,0,0,0,0,0,0,0,0,2,6,0,0,0,"D_0__Bacteria; D_1__Epsilonbacteraeota; D_2__Campylobacteria; D_3__Campylobacterales; D_4__Sulfurovaceae; D_5__Sulfurovum; D_6__uncultured Salimesophilobacter sp."
"e1e1b099d56aeedd54fdfa26555d3c5c",0,0,0,0,0,0,0,0,0,0,0,0,0,3,0,0,0,0,0,0,0,4,0,0,0,0,0,0,0,3,0,0,0,0,0,0,0,7,0,"D_0__Bacteria; D_1__Chloroflexi; D_2__Anaerolineae; D_3__uncultured; Ambiguous_taxa; Ambiguous_taxa; Ambiguous_taxa"
"dadcd86111905a3ad93108018b654568",0,0,0,0,0,0,0,0,2,0,0,0,0,0,0,0,0,0,3,4,3,0,0,0,0,2,0,0,2,0,0,7,4,0,0,0,0,0,0,"D_0__Bacteria; D_1__Proteobacteria; D_2__Deltaproteobacteria; D_3__Desulfobacterales; D_4__Desulfobulbaceae; D_5__uncultured"
"380afe41b627f33aff7875f9e4436439",0,0,0,0,0,0,0,0,0,0,0,0,0,0,0,17,0,0,0,0,0,0,0,0,0,0,0,0,0,0,0,0,0,0,0,0,0,0,0,"D_0__Bacteria; D_1__Actinobacteria; D_2__Actinobacteria; D_3__Corynebacteriales; D_4__Corynebacteriaceae; D_5__Corynebacterium 1; D_6__Corynebacterium thomssenii"
"df4f915008606ab94a019126eee0da81",0,0,0,0,0,4,6,0,4,0,0,0,0,0,2,0,0,0,18,0,13,0,16,4,4,11,9,0,3,0,0,0,13,0,0,0,0,0,0,"D_0__Bacteria; D_1__Bacteroidetes; D_2__Bacteroidia; D_3__Bacteroidales; D_4__Prolixibacteraceae; D_5__uncultured"
"6c4edb65981521a59ee7a0ff602036c9",4,0,0,0,0,3,0,0,0,2,0,0,0,0,0,8,0,0,0,0,0,0,2,0,0,0,0,0,2,0,0,0,0,0,0,3,0,0,0,"D_0__Bacteria; D_1__Planctomycetes; D_2__Phycisphaerae; D_3__Pla1 lineage; D_4__uncultured bacterium; D_5__uncultured bacterium; D_6__uncultured bacterium"
"892d13eef067db219bcaf8d8b97af0a2",0,0,0,0,0,0,0,0,0,0,0,0,0,0,0,0,0,0,2,7,0,0,0,0,0,0,0,0,0,0,0,15,0,0,0,0,0,0,0,"D_0__Bacteria; D_1__Proteobacteria; D_2__Gammaproteobacteria; D_3__Thiotrichales; D_4__Thiotrichaceae; D_5__uncultured"
"b1071c8cb19f8ae0d4510e9ec7ef4ec4",7,0,8,2,2,0,0,0,0,0,0,2,1,0,2,0,0,0,0,0,0,0,0,7,0,2,0,0,0,0,0,0,0,0,0,4,0,0,0,"D_0__Bacteria; D_1__Proteobacteria; D_2__Deltaproteobacteria; D_3__Desulfobacterales; D_4__Desulfobacteraceae; D_5__Desulfonatronobacter; D_6__uncultured bacterium"
"bc8041c358ef203bec7eb383b14c0501",3,0,0,0,0,48,2,0,3,16,0,0,3,0,6,13,0,8,0,0,0,0,0,0,2,2,0,0,0,0,2,0,3,2,0,0,0,0,0,"D_0__Bacteria; D_1__Bacteroidetes; D_2__Bacteroidia; D_3__Bacteroidales; D_4__Prolixibacteraceae; D_5__Roseimarinus; D_6__Roseimarinus sediminis"
"2ae6b93e43ac448390a05fdf98da3b3d",0,0,2,2,0,3,5,0,6,0,0,0,3,0,0,4,4,2,8,3,7,2,8,0,4,5,0,0,0,4,0,0,8,0,0,3,0,2,0,"D_0__Bacteria; D_1__Chloroflexi; D_2__Anaerolineae; D_3__RBG-13-54-9; D_4__uncultured bacterium; D_5__uncultured bacterium; D_6__uncultured bacterium"
"5a30257c99e49b1bdd759cf6b07f6c3e",12,0,0,3,0,0,0,4,1,3,6,0,4,4,4,0,0,5,0,0,0,0,0,0,0,0,0,0,0,0,0,0,0,0,0,0,0,0,0,"D_0__Bacteria; D_1__Firmicutes; D_2__Limnochordia; D_3__Limnochordales; D_4__uncultured"
"2c583cc88fe630fc5f24901fa73d8dd5",0,0,0,0,0,0,2,0,0,0,0,0,0,0,0,0,0,6,0,10,4,0,4,0,0,2,0,0,0,2,0,6,5,0,0,0,0,0,0,"D_0__Bacteria; D_1__Proteobacteria; D_2__Gammaproteobacteria; D_3__Gammaproteobacteria Incertae Sedis; D_4__Unknown Family; D_5__Sulfuriflexus; D_6__Sulfuriflexus mobilis"
"33fc9102bbdb5be14079e74c937b74c3",8,0,4,9,4,37,25,4,29,12,0,0,4,3,4,16,0,10,43,21,69,0,50,10,15,37,25,2,35,0,1,30,64,11,3,0,0,0,0,"D_0__Bacteria; D_1__Bacteroidetes; D_2__Bacteroidia; D_3__Bacteroidales; D_4__Marinilabiliaceae; D_5__uncultured; D_6__bacterium YC-ZSS-LKJ7"
"f58a30bfb14561e14e6c14cd609c2268",0,0,0,0,0,2,0,0,0,0,1,0,0,0,0,12,0,0,0,0,0,0,2,0,0,0,0,0,0,0,4,0,0,0,0,0,0,0,0,"D_0__Bacteria; D_1__Halanaerobiaeota; D_2__Halanaerobiia; D_3__Halanaerobiales; D_4__Halobacteroidaceae; D_5__uncultured"
"a0d25f6609f3199b31b333efe271d3d1",0,0,0,0,0,0,2,0,1,0,0,0,0,0,0,0,0,0,0,3,1,0,0,0,0,0,0,0,0,0,0,8,0,0,0,0,0,0,0,"D_0__Bacteria; D_1__Firmicutes; D_2__Clostridia; D_3__Clostridiales; D_4__Family XII; D_5__Fusibacter; D_6__uncultured organism"
"cb8e5fa0d1531128e62f355d40d0bf27",0,0,0,0,0,0,0,0,0,0,0,0,4,0,0,0,0,1,0,0,0,0,0,0,4,0,0,0,0,0,0,0,0,0,0,0,0,2,0,"D_0__Bacteria; D_1__Synergistetes; D_2__Synergistia; D_3__Synergistales; D_4__Synergistaceae; D_5__Thermovirga"
"7d8ea555dd8d19de053fe52fe90b58ef",0,0,0,0,0,0,0,0,0,0,0,0,2,0,0,7,0,3,0,0,0,0,0,0,0,0,0,0,0,0,0,0,0,6,2,0,0,0,0,"D_0__Bacteria; D_1__Proteobacteria; D_2__Deltaproteobacteria; D_3__Desulfarculales; D_4__Desulfarculaceae; D_5__Desulfatiglans"
"dd8494d3e43103af86b625db6de3ba5a",14,0,4,0,0,10,0,0,0,16,0,4,0,0,0,28,0,1,0,0,0,0,0,46,0,2,0,0,0,11,2,0,0,0,0,1,4,1,3,"D_0__Bacteria; D_1__Firmicutes; D_2__Clostridia; D_3__Clostridiales; D_4__Peptococcaceae; D_5__uncultured; D_6__uncultured bacterium"
"4af192b19cf6c6606c26e435a929d16d",7,0,3,3,0,0,3,0,0,0,2,0,15,2,10,0,0,17,0,0,3,0,0,6,0,0,0,2,0,0,9,0,0,14,11,7,0,0,0,"D_0__Bacteria; D_1__Planctomycetes; D_2__Phycisphaerae; D_3__Phycisphaerales; D_4__AKAU3564 sediment group"
"5f45dbc50c28e8d62d5e73f081843813",3,0,0,0,0,0,0,0,0,0,0,0,2,2,5,0,0,2,0,0,0,0,0,11,0,0,0,0,0,0,0,0,0,6,6,2,0,0,0,"D_0__Bacteria; D_1__Planctomycetes; D_2__Phycisphaerae; D_3__MSBL9; D_4__SG8-4"
"9c933fc980a25cdfab81b50f9b0616a3",8,0,7,0,7,4,7,0,4,5,23,0,2,2,12,0,0,3,5,0,5,0,6,2,4,4,2,21,7,0,32,0,8,5,9,5,0,0,0,"D_0__Bacteria; D_1__Firmicutes; D_2__Clostridia; D_3__Clostridiales; D_4__Lachnospiraceae"
"795852048ca761ff535cf05ee458611c",6,0,4,2,1,6,91,0,124,8,3,0,26,2,11,23,0,14,125,0,133,0,75,21,121,69,23,0,66,0,9,0,141,3,4,5,0,0,0,"D_0__Bacteria; D_1__Firmicutes; D_2__Clostridia; D_3__Clostridiales; D_4__MAT-CR-H4-C10; D_5__uncultured organism; D_6__uncultured organism"
"6073fe25e17877b80f8e642999636025",0,0,0,0,0,0,0,0,0,0,0,0,0,1,0,0,0,0,5,0,4,0,0,0,0,0,0,0,0,2,0,0,1,0,0,0,0,0,0,"D_0__Bacteria; D_1__Chloroflexi; D_2__Anaerolineae; D_3__Anaerolineales; D_4__Anaerolineaceae; D_5__Pelolinea; D_6__uncultured bacterium"
"f3a4bcf327c3809646ea1bcdef092f75",12,0,0,0,0,0,7,0,0,0,0,0,11,0,16,0,0,4,3,0,9,0,15,12,1,2,0,0,10,0,0,0,6,5,2,6,0,0,0,"D_0__Bacteria; D_1__Bacteroidetes; D_2__Bacteroidia; D_3__Bacteroidales; D_4__Prolixibacteraceae; D_5__uncultured; D_6__benzene mineralizing consortium clone SB-1"
"ae811bca71c2c4ddeece86ee1d3eecc4",0,0,0,0,0,4,0,0,0,0,0,0,0,0,2,4,0,0,2,0,0,0,0,2,0,0,0,0,0,0,4,0,0,0,1,2,0,0,0,"D_0__Bacteria; D_1__Firmicutes; D_2__Clostridia; D_3__Clostridiales; D_4__Christensenellaceae; D_5__uncultured"
"1556f14cf182775ed9238dff54bfaf24",18,0,18,0,110,24,0,4,0,0,95,0,8,0,25,38,0,0,0,0,0,0,0,36,0,0,0,43,0,3,40,0,0,27,10,13,0,0,0,"D_0__Bacteria; D_1__Epsilonbacteraeota; D_2__Campylobacteria; D_3__Campylobacterales; D_4__Sulfurovaceae; D_5__Sulfurovum; D_6__uncultured Salimesophilobacter sp."
"bbbefa4eff141d5a3aed8dd49515a948",5,0,2,0,3,0,0,0,0,0,2,0,0,0,0,0,0,0,0,0,0,0,0,11,0,0,0,4,0,0,2,0,0,0,0,0,0,0,0,"D_0__Bacteria; D_1__Firmicutes; D_2__Clostridia; D_3__Clostridiales"
"a9d1092998dc98f5c65e3ecd957e6034",0,0,0,0,0,0,0,0,0,0,0,0,0,0,0,0,0,0,2,3,0,0,0,0,2,0,0,0,0,0,0,5,3,3,0,0,0,0,0,"D_0__Bacteria; D_1__Proteobacteria; D_2__Deltaproteobacteria; D_3__Desulfarculales; D_4__Desulfarculaceae; D_5__Desulfatiglans"
"9597fc100d53593488106bfa6a0208f3",0,0,0,0,0,4,0,0,0,0,0,0,0,0,1,0,0,0,0,0,0,0,0,0,0,0,0,0,0,0,0,0,0,0,0,5,0,0,0,"D_0__Bacteria; D_1__Firmicutes; D_2__Clostridia; D_3__Clostridiales; D_4__Clostridiaceae 1; D_5__Proteiniclasticum; Ambiguous_taxa"
"f347135281e7a423df123ed8a7eb979f",2,0,0,0,0,0,5,0,2,0,0,0,0,0,0,2,0,0,4,1,0,0,3,0,0,4,6,0,0,0,0,1,13,0,0,0,0,0,0,"D_0__Bacteria; D_1__Bacteroidetes; D_2__Bacteroidia; D_3__Bacteroidales; D_4__Prolixibacteraceae; D_5__uncultured"
"9a5884add8aa0781cb18dc1e0354a8a9",0,2,0,0,0,3,0,0,0,2,0,0,0,0,0,0,42,0,0,0,0,76,0,0,2,0,0,0,0,0,0,0,0,0,0,0,0,0,4,"D_0__Bacteria; D_1__Spirochaetes; D_2__Leptospirae; D_3__Leptospirales; D_4__Leptospiraceae; D_5__RBG-16-49-21; D_6__metagenome"
"34ce4db01df31039567fd19064c78257",0,0,0,0,0,0,0,0,0,1,0,0,0,0,0,0,8,0,0,0,0,5,0,0,0,0,0,0,0,0,0,3,0,0,0,0,0,0,0,"D_0__Bacteria; D_1__Proteobacteria; D_2__Deltaproteobacteria; D_3__Syntrophobacterales; D_4__Syntrophaceae; D_5__uncultured; D_6__uncultured bacterium"
"45e61a10abe87f75e183eec07b58f034",0,0,0,0,0,0,0,0,0,0,0,0,2,0,0,0,0,0,0,0,0,0,0,0,0,0,0,0,0,0,0,0,0,0,3,6,0,0,0,"D_0__Bacteria; D_1__Firmicutes; D_2__Clostridia; D_3__Thermoanaerobacterales; D_4__SRB2"
"3007528027e3e424217ea72552825534",0,0,0,0,0,10,0,0,0,3,0,0,0,0,0,0,0,0,0,0,0,0,3,0,0,0,0,0,0,0,0,0,0,0,0,0,0,0,0,"D_0__Bacteria; D_1__Firmicutes; D_2__Clostridia; D_3__Clostridiales; D_4__Clostridiaceae 1; D_5__Clostridium sensu stricto 13; D_6__uncultured bacterium"
"ca00ccbe52d64c4b740ffc701835e511",0,0,5,2,0,0,0,0,0,3,0,0,0,0,0,4,0,0,0,0,0,0,0,0,0,0,0,0,0,0,0,0,0,0,0,0,0,0,0,"D_0__Bacteria; D_1__Bacteroidetes; D_2__Ignavibacteria; D_3__Ignavibacteriales; D_4__Melioribacteraceae; D_5__Melioribacter; D_6__uncultured organism"
"eec1aa21c238ceb4b720075c0afe7bc8",0,0,3,0,0,6,20,0,34,7,0,0,7,9,3,2,4,4,31,15,25,7,25,0,22,17,5,0,15,13,0,51,34,6,0,2,0,12,0,"D_0__Bacteria; D_1__Chloroflexi; D_2__Anaerolineae; D_3__Anaerolineales; D_4__Anaerolineaceae; D_5__ADurb.Bin120; D_6__uncultured bacterium"
"c8cebcdb4413a4d1d0939a7776cfe715",28,0,2,0,102,48,1,0,0,29,253,2,17,0,26,92,10,18,6,0,5,12,2,27,6,5,0,89,6,12,319,0,0,12,0,3,5,13,7,"D_0__Bacteria; D_1__Firmicutes; D_2__Erysipelotrichia; D_3__Erysipelotrichales; D_4__Erysipelotrichaceae; D_5__Turicibacter; D_6__Turicibacter sp. S37_09_1"
"11f31f0bb3ac60b62c5972a7e9f789cd",0,0,0,0,0,2,0,0,0,11,0,0,0,3,0,6,0,4,0,0,0,0,0,0,0,0,0,0,0,0,0,0,0,0,0,0,0,0,0,"D_0__Bacteria; D_1__Epsilonbacteraeota; D_2__Campylobacteria; D_3__Campylobacterales; D_4__Sulfurovaceae; D_5__Sulfurovum; D_6__uncultured Salimesophilobacter sp."
"ffc1b4345442d80f09d272cc8114d0be",2,0,0,0,0,1,0,0,0,0,0,0,0,1,1,0,0,0,0,0,0,0,0,0,0,0,0,0,0,8,0,0,0,0,5,7,0,1,0,"D_0__Bacteria; D_1__Chloroflexi; D_2__Anaerolineae; D_3__Anaerolineales; D_4__Anaerolineaceae; D_5__ADurb.Bin120; D_6__uncultured Anaerolineaceae bacterium"
"8200f51560cde45888498c8d62efcf89",0,0,2,0,0,4,6,0,2,0,0,0,0,0,0,2,0,0,8,0,10,0,10,0,0,2,3,0,5,0,0,0,7,3,0,0,0,0,0,"D_0__Bacteria; D_1__Proteobacteria; D_2__Deltaproteobacteria; D_3__Desulfobacterales; D_4__Desulfobacteraceae; D_5__uncultured"
"19dbb66cf26d013702f2f79cde8bacce",0,0,0,0,0,0,0,0,0,0,0,0,3,0,0,0,0,0,0,0,0,0,3,2,0,0,0,4,0,0,0,0,0,0,0,0,0,0,0,"D_0__Bacteria; D_1__Bacteroidetes; D_2__Bacteroidia; D_3__Bacteroidales; D_4__Marinilabiliaceae; D_5__Marinilabilia"
"b8099efe36554598ce5ed09370c60ff4",0,0,0,0,11,0,0,0,0,0,0,0,0,0,0,0,0,0,0,0,0,0,0,0,0,0,0,0,0,0,0,0,0,0,0,0,0,0,0,"D_0__Bacteria; D_1__Tenericutes; D_2__Mollicutes; D_3__Haloplasmatales; D_4__Haloplasmataceae; D_5__Haloplasma; D_6__uncultured bacterium"
"6d98d338e27d92c5b264a81f3a4fb703",0,0,5,0,8,14,22,0,30,4,0,0,2,0,0,4,6,0,32,4,25,0,39,0,37,28,10,5,32,0,0,0,39,7,0,2,0,0,0,"D_0__Bacteria; D_1__Proteobacteria; D_2__Deltaproteobacteria; D_3__Desulfobacterales; D_4__Desulfobulbaceae; D_5__Desulfopila; Ambiguous_taxa"
"b147e5106592b54ace4ac109f19f699f",0,0,0,2,0,7,3,0,4,4,0,0,0,0,0,6,0,7,11,0,0,2,13,3,4,9,0,3,0,0,0,0,0,5,0,0,0,0,0,"D_0__Bacteria; D_1__Firmicutes; D_2__Clostridia; D_3__Clostridiales; D_4__Ruminococcaceae; D_5__Ercella"
"28db910f86199a4ba572d5f4229daafe",8,0,2,0,3,0,0,0,0,0,0,0,0,0,0,0,0,0,0,0,0,0,0,9,0,0,0,0,0,0,0,0,0,0,0,0,0,0,0,"D_0__Bacteria; D_1__Firmicutes; D_2__Clostridia; D_3__Clostridiales; D_4__Christensenellaceae; D_5__uncultured"
"a2922872b5977823fcea8bcd8cd05746",11,0,0,0,0,0,0,0,0,0,0,0,0,0,1,1,0,4,0,0,0,0,0,20,0,0,0,0,0,0,4,0,0,7,1,0,0,0,0,"D_0__Bacteria; D_1__Firmicutes; D_2__Clostridia; D_3__Clostridiales; D_4__Peptococcaceae; D_5__Desulfotomaculum; D_6__Desulfotomaculum tongense"
"74938cb383eb87e9c044afae935d15e7",0,0,0,0,0,0,0,0,0,0,0,0,5,0,1,0,0,0,0,0,0,0,3,2,2,0,0,0,0,0,0,0,0,0,0,0,0,0,0,"D_0__Bacteria; D_1__Synergistetes; D_2__Synergistia; D_3__Synergistales; D_4__Synergistaceae; D_5__Thermovirga; D_6__uncultured Synergistaceae bacterium"
"7bdb56f9e2866f167d725a216b415971",2,0,0,0,0,8,2,0,3,0,0,0,15,0,0,3,0,9,5,0,0,0,0,5,0,0,0,3,0,0,0,0,2,6,3,9,0,0,0,"D_0__Bacteria; D_1__Bacteroidetes; D_2__Bacteroidia; D_3__Bacteroidales; D_4__Prolixibacteraceae; D_5__uncultured"
"1be4e917890498a7a94a09ea72bcc986",1,0,0,0,0,0,0,0,0,0,0,0,0,0,0,0,0,0,0,0,0,0,0,3,0,0,0,0,0,0,0,0,0,4,5,3,0,0,0,"D_0__Bacteria; D_1__Planctomycetes; D_2__Phycisphaerae; D_3__MSBL9; D_4__SM23-30; D_5__uncultured organism; D_6__uncultured organism"
"39a0cb4e910b50b33a1f446d57e8f5dd",0,0,0,0,0,0,0,0,0,0,0,0,3,0,0,0,0,4,6,0,4,0,0,0,0,0,0,0,4,0,0,0,0,0,0,0,0,0,0,"D_0__Bacteria; D_1__Firmicutes; D_2__Clostridia; D_3__Clostridiales; D_4__Clostridiaceae 4; D_5__Salimesophilobacter; Ambiguous_taxa"
"6e6a6bfcf1ec3a746047acf94a3b2272",0,0,0,0,5,7,0,0,0,0,6,0,0,0,0,2,0,5,0,0,0,0,0,0,0,0,0,4,0,2,25,0,0,0,6,5,0,0,2,"D_0__Bacteria; D_1__Firmicutes; D_2__Clostridia; D_3__Clostridiales; D_4__Peptostreptococcaceae; D_5__Tepidibacter; Ambiguous_taxa"
"cba08f37c48ada635b1f648e59a0816f",4,0,0,0,0,0,0,0,0,0,0,0,0,0,0,14,0,0,0,0,0,0,0,0,0,0,0,0,0,0,0,0,0,0,0,0,0,0,0,"D_0__Bacteria; D_1__Firmicutes; D_2__Clostridia; D_3__Clostridiales; D_4__Lachnospiraceae; D_5__Lachnospira; D_6__uncultured bacterium"
"bb9befb1875acc05f7c2a5da81bc3a19",0,0,0,2,0,2,6,0,8,0,0,0,0,0,0,0,0,0,13,0,12,0,15,0,2,3,6,0,7,0,0,0,13,0,0,0,0,0,0,"D_0__Bacteria; D_1__Chloroflexi; D_2__Anaerolineae; D_3__Anaerolineales; D_4__Anaerolineaceae; D_5__Pelolinea; D_6__uncultured bacterium"
"7835833ee3b86e10ba07535fbc315aa9",3,0,0,0,9,0,0,0,0,0,4,0,0,0,2,2,0,2,0,0,0,0,0,6,2,0,0,0,0,0,0,0,0,0,0,5,0,0,0,"D_0__Bacteria; D_1__Firmicutes; D_2__Clostridia; D_3__Clostridiales; D_4__Clostridiaceae 4"
"87299d364c7536ea01317e54b4570332",4,0,9,3,13,4,0,3,0,8,8,0,6,2,13,3,0,4,0,0,0,0,0,4,0,0,0,15,0,0,4,0,0,8,3,8,0,0,0,"D_0__Bacteria; D_1__Planctomycetes; D_2__Planctomycetacia; D_3__Pirellulales; D_4__Pirellulaceae"
"ad511e8783b3bfd9ad3a00ec7da53c60",0,0,7,7,7,2,0,0,0,0,0,0,8,11,10,8,0,4,0,0,0,0,0,3,0,0,0,2,0,0,0,0,0,0,0,2,0,0,0,"D_0__Bacteria; D_1__Chloroflexi; D_2__Dehalococcoidia; D_3__GIF9; D_4__uncultured bacterium; D_5__uncultured bacterium; D_6__uncultured bacterium"
"2ac892b7649d1c0ce9955d4e24d7fdda",0,0,9,0,0,0,0,0,0,0,2,0,2,0,0,2,0,0,0,0,0,0,0,0,0,0,0,0,0,0,0,3,0,0,0,0,0,0,0,"D_0__Bacteria; D_1__Chloroflexi; D_2__Dehalococcoidia; D_3__GIF9; D_4__AB-539-J10"
"d41efaae3cb3644c7eb182ba056f29e3",0,0,0,0,0,7,0,0,0,0,0,0,0,0,0,0,2,0,0,0,0,0,0,0,0,0,0,0,2,0,0,0,0,0,2,1,0,0,0,"D_0__Bacteria; D_1__Firmicutes; D_2__Clostridia; D_3__Clostridiales; D_4__Clostridiaceae; D_5__Anaeromicrobium; D_6__Firmicutes bacterium"
"b245a00d5e5fc48d93ff19d307b3ca78",21,0,0,0,11,9,0,0,0,5,4,0,15,0,9,18,0,10,0,0,0,0,0,36,0,0,0,3,0,0,0,0,4,22,9,3,0,0,0,"D_0__Bacteria; D_1__Bacteroidetes; D_2__Ignavibacteria; D_3__Ignavibacteriales; D_4__Melioribacteraceae; D_5__Melioribacter; D_6__uncultured organism"
"2684f48a5fa01f040ece08ec5f941cc1",3,0,0,0,0,0,0,0,0,0,0,0,0,0,0,0,2,0,0,2,0,0,0,0,0,0,0,2,0,3,0,0,0,0,0,0,0,0,0,"D_0__Bacteria; D_1__Chloroflexi; D_2__Dehalococcoidia; D_3__GIF9; D_4__uncultured bacterium; D_5__uncultured bacterium; D_6__uncultured bacterium"
"a0efffc7fafb27db36ba34458137f1d7",0,0,0,0,0,0,0,0,0,0,6,0,0,0,0,0,0,0,0,0,0,0,0,0,0,0,0,0,0,0,0,0,0,0,2,2,0,0,0,"D_0__Bacteria; D_1__Firmicutes; D_2__Clostridia; D_3__Clostridiales; D_4__Clostridiaceae 1; D_5__Clostridium sensu stricto 1"
"defac699c67fb1a8a7669efcdc617612",0,0,0,0,2,0,3,0,2,3,0,0,0,0,3,2,0,4,0,0,0,0,3,3,2,2,0,0,0,0,0,0,0,2,0,0,0,0,0,"D_0__Bacteria; D_1__Firmicutes; D_2__Clostridia; D_3__Clostridiales; D_4__Peptococcaceae; D_5__Desulfosporosinus; D_6__Desulfosporosinus sp. enrichment culture"
"9cfa77888394895539c61f7bbcf38d28",4,2,21,3,0,20,29,2,57,17,0,0,15,8,2,38,13,13,60,0,33,19,42,4,40,34,4,0,30,15,0,3,34,10,3,2,0,17,8,"D_0__Bacteria; D_1__Proteobacteria; D_2__Deltaproteobacteria; D_3__Desulfobacterales; D_4__Desulfobacteraceae; D_5__uncultured"
"fab5b754122e36864ef6cab72a7c227d",4,0,0,0,2,2,9,0,11,0,2,0,0,3,0,2,2,3,20,2,23,0,16,0,11,7,4,0,10,3,0,0,18,0,0,0,0,0,0,"D_0__Bacteria; D_1__Firmicutes; D_2__Clostridia; D_3__Clostridiales; D_4__Clostridiales Incertae Sedis; D_5__Dethiosulfatibacter; D_6__uncultured bacterium"
"04f8c02511d570b50ae629882cb98f55",4,0,0,0,0,0,2,0,0,3,0,0,9,0,6,3,0,8,0,0,0,0,0,4,0,0,0,0,0,0,0,0,0,13,7,6,0,0,0,"D_0__Bacteria; D_1__Latescibacteria; D_2__Latescibacteria; D_3__Latescibacterales; D_4__Latescibacteraceae; D_5__Candidatus Latescibacter"
"a78d4e1ed3c6cc2b221165469e167dae",0,0,4,0,0,0,2,0,6,0,0,0,0,0,0,0,0,0,19,5,16,3,6,0,9,6,8,0,6,0,0,7,16,0,0,0,0,1,0,"D_0__Bacteria; D_1__Chloroflexi; D_2__Anaerolineae; D_3__Anaerolineales; D_4__Anaerolineaceae; D_5__Pelolinea; D_6__uncultured bacterium"
"1c9db308a68c64c5b2c22ab47df55672",21,0,0,0,0,0,0,0,0,0,0,0,5,0,1,0,0,2,0,0,0,0,0,28,0,0,0,0,0,0,2,0,0,0,0,0,0,0,0,"D_0__Bacteria; D_1__Firmicutes; D_2__Clostridia; D_3__Clostridiales"
"08d6248f3bbe3be972766c506fb7037c",0,0,0,0,6,0,0,0,0,0,0,0,0,0,0,38,0,0,0,0,0,0,0,0,0,0,0,0,0,0,0,0,0,0,0,0,0,0,0,"D_0__Bacteria; D_1__Firmicutes; D_2__Clostridia; D_3__Clostridiales; D_4__Peptostreptococcaceae; D_5__Tepidibacter; Ambiguous_taxa"
"e3b275f833a8a6d78b3277eec2fed888",0,0,0,0,0,0,0,0,0,0,0,0,0,0,0,0,0,0,0,9,0,0,0,0,0,0,0,0,0,0,0,4,0,0,0,0,0,0,0,"D_0__Bacteria; D_1__Proteobacteria; D_2__Gammaproteobacteria; D_3__Alteromonadales; D_4__Marinobacteraceae; D_5__Marinobacter"
"43b9a0ddef756298fc0f79169b8b4b91",0,0,0,0,0,2,3,0,0,0,0,0,0,0,0,0,0,0,3,0,0,0,0,0,0,0,0,0,3,0,0,0,0,0,0,0,0,0,0,"D_0__Bacteria; D_1__Firmicutes; D_2__Clostridia; D_3__Clostridiales; D_4__Ruminococcaceae"
"9d44831275a876f4e3dece18da457d39",0,0,0,0,0,0,3,0,0,0,0,0,0,0,0,0,0,0,0,0,2,0,0,2,0,1,0,0,0,0,0,4,2,0,2,0,0,0,0,"D_0__Bacteria; D_1__Bacteroidetes; D_2__Bacteroidia; D_3__Bacteroidales; D_4__Prolixibacteraceae; D_5__uncultured; D_6__uncultured bacterium"
"aeca53ff468f1bf6397fedb075f2dd72",0,0,0,0,0,0,0,0,1,10,2,0,0,0,0,0,0,0,0,0,0,0,0,0,0,0,0,0,0,0,0,0,0,1,0,0,0,0,0,"D_0__Bacteria; D_1__Halanaerobiaeota; D_2__Halanaerobiia; D_3__Halanaerobiales; D_4__Halobacteroidaceae; D_5__uncultured"
"49c6264c946c32bf80cfdefb3cfdcf2a",0,0,0,0,12,5,0,0,0,3,7,0,0,0,0,11,0,0,0,0,0,0,0,0,0,0,0,11,0,0,0,0,0,0,0,0,0,0,0,"D_0__Bacteria; D_1__Proteobacteria; D_2__Gammaproteobacteria; D_3__Alteromonadales; D_4__Shewanellaceae; D_5__Shewanella"
"7a972b170da0ccea6cbc072d4299eb57",9,2,41,11,6,11,0,9,0,4,0,4,0,27,3,16,0,3,0,0,0,0,0,6,0,0,0,0,0,3,0,4,0,11,0,6,5,2,7,"D_0__Bacteria; D_1__Proteobacteria; D_2__Deltaproteobacteria; D_3__Desulfovibrionales; D_4__Desulfovibrionaceae; D_5__Desulfovibrio"
"f76fa0acee2d0a33a824a39d5bea2432",9,0,0,0,0,0,0,0,0,0,0,0,0,0,0,0,0,0,0,0,0,0,0,0,0,0,0,0,0,2,0,0,0,0,3,0,0,0,0,"D_0__Bacteria; D_1__Planctomycetes; D_2__Phycisphaerae; D_3__MSBL9; D_4__4572-13; D_5__uncultured organism; D_6__uncultured organism"
"404a1e72e76d8852ec0e730720551f7d",6,0,0,0,0,0,0,0,0,0,0,0,0,0,0,0,0,0,1,0,0,0,0,2,0,0,0,0,0,0,0,0,2,0,0,3,0,0,0,"D_0__Bacteria; D_1__Firmicutes; D_2__Clostridia; D_3__Clostridiales; D_4__Ruminococcaceae; D_5__uncultured"
"93fc55743dd5a9aaeed282b1da25dd47",0,0,0,0,0,0,2,0,0,0,0,0,5,0,0,0,0,0,0,0,2,0,5,0,0,0,0,0,2,0,0,0,0,3,0,0,0,0,0,"D_0__Bacteria; D_1__Bacteroidetes; D_2__Bacteroidia; D_3__Bacteroidales; D_4__Prolixibacteraceae; D_5__uncultured; D_6__uncultured organism"
"afb96aa010e0295b314ce71ac679244a",0,0,7,0,0,0,0,0,0,0,0,0,0,0,0,8,0,0,0,0,0,0,0,6,0,0,0,3,0,0,0,0,0,0,0,0,0,0,0,"D_0__Bacteria; D_1__Firmicutes; D_2__Clostridia; D_3__Clostridiales; D_4__Peptococcaceae; D_5__Desulfosporosinus; D_6__Desulfosporosinus sp. enrichment culture"
"807cf16143f43d8474dd942a495f9f98",10,0,0,0,0,0,0,0,0,0,0,0,0,0,4,0,0,0,6,46,5,0,0,7,0,0,0,0,2,0,0,91,0,0,0,0,0,0,0,"D_0__Bacteria; D_1__Proteobacteria; D_2__Gammaproteobacteria; D_3__Alteromonadales; D_4__Idiomarinaceae; D_5__Idiomarina; Ambiguous_taxa"
"6574e53244bcab1371ee9de0aff25afb",0,0,0,0,3,9,0,0,0,2,0,0,0,0,0,0,0,0,0,0,0,0,0,5,0,0,0,2,0,0,0,0,0,0,0,0,0,0,0,"D_0__Bacteria; D_1__Proteobacteria; D_2__Gammaproteobacteria; D_3__Pseudomonadales; D_4__Pseudomonadaceae; D_5__Pseudomonas"
"703a3ec4d2a928aaedc18624dfedc9fb",1,0,30,21,0,2,0,8,1,2,0,0,0,32,2,0,0,0,3,0,0,0,0,0,0,0,0,0,1,0,0,0,0,3,2,0,0,0,0,"D_0__Bacteria; D_1__Chloroflexi; D_2__Anaerolineae; D_3__Anaerolineales; D_4__Anaerolineaceae; D_5__ADurb.Bin120; D_6__uncultured Chloroflexi bacterium"
"0c3f81b3edf370d8da84cdf35a6a5087",0,0,0,0,0,0,3,0,5,5,0,0,11,0,6,0,0,9,5,0,8,0,3,0,1,2,0,0,1,0,0,0,0,3,4,3,0,0,0,"D_0__Bacteria; D_1__Firmicutes; D_2__Clostridia; D_3__Clostridiales; D_4__MAT-CR-H4-C10; D_5__uncultured bacterium; D_6__uncultured bacterium"
"fee8ee7f3b2867908939a2b7e733fc0e",0,0,0,0,15,0,0,0,0,0,0,0,0,0,0,10,0,0,0,0,2,0,1,0,0,0,0,2,0,0,0,0,0,0,0,0,0,0,0,"D_0__Bacteria; D_1__Halanaerobiaeota; D_2__Halanaerobiia; D_3__Halanaerobiales; D_4__Halobacteroidaceae; D_5__uncultured"
"f323708e71770e69fd978cfb9ad766f8",0,0,0,0,5,4,3,0,2,0,0,0,5,0,0,22,0,10,0,0,0,0,2,6,0,0,0,7,0,0,0,0,0,3,3,5,0,0,0,"D_0__Bacteria; D_1__Lentisphaerae; D_2__Oligosphaeria; D_3__SS1-B-02-17; D_4__uncultured bacterium; D_5__uncultured bacterium; D_6__uncultured bacterium"
"2af66ba50ff985b1124dba5dd711963e",0,0,0,0,0,0,2,0,0,0,0,0,0,0,0,0,0,5,2,0,0,0,0,2,0,0,0,0,0,0,0,0,0,0,3,6,0,0,0,"D_0__Bacteria; D_1__Firmicutes; D_2__Clostridia; D_3__Clostridiales; D_4__Ruminococcaceae; D_5__uncultured"
"8daa8b4d332d02d23814ad4a98d45676",0,0,0,0,2,2,0,0,0,0,0,0,0,0,7,4,0,0,0,0,0,0,0,0,0,0,0,2,0,0,0,0,0,0,2,0,0,0,0,"D_0__Bacteria; D_1__Gemmatimonadetes; D_2__MD2902-B12; Ambiguous_taxa; Ambiguous_taxa; Ambiguous_taxa; Ambiguous_taxa"
"2eb2ba94440b841dcf141fa147ebcca3",0,0,0,0,0,0,0,0,0,0,0,0,0,0,3,0,0,3,2,0,0,0,0,6,0,2,0,0,0,0,0,0,2,0,0,0,0,0,0,"D_0__Bacteria; D_1__Bacteroidetes; D_2__Bacteroidia; D_3__Bacteroidales; D_4__Prolixibacteraceae; D_5__uncultured"
"37d2282fe6d047af5d5c7de57ac28dc3",0,0,0,0,5,0,0,0,0,0,2,0,4,0,3,0,0,0,0,0,0,0,0,0,0,0,0,0,0,0,0,0,0,4,0,0,0,0,0,"D_0__Bacteria; D_1__Planctomycetes; D_2__Phycisphaerae; D_3__MSBL9; D_4__4572-13; D_5__uncultured organism; D_6__uncultured organism"
"eb087604bcfd0784c8ac524641ca8c4e",0,0,0,0,0,0,0,0,5,0,0,0,0,0,0,0,0,0,6,5,4,0,7,0,5,0,2,0,0,0,0,4,7,0,0,0,0,0,0,"D_0__Bacteria; D_1__Chloroflexi; D_2__Anaerolineae; D_3__Anaerolineales; D_4__Anaerolineaceae; D_5__ADurb.Bin120; D_6__uncultured Chloroflexi bacterium"
"5edad03a31da679ac944f5ce5b07a262",2,0,4,0,0,5,5,0,13,0,0,0,0,4,3,11,0,3,7,3,13,0,12,0,14,13,3,2,11,0,0,8,15,4,0,3,0,0,0,"D_0__Bacteria; D_1__Bacteroidetes; D_2__Bacteroidia; D_3__Bacteroidales; D_4__Bacteroidetes vadinHA17"
"7390bc248f4bc65cb650bb89363fb1dc",0,0,7,2,8,8,2,2,0,5,14,0,0,0,6,0,0,0,0,0,0,0,3,0,0,3,0,11,5,2,13,0,2,7,6,7,0,2,0,"D_0__Bacteria; D_1__Firmicutes; D_2__Clostridia; D_3__Clostridiales; D_4__Peptostreptococcaceae"
"8eb1bdf29a446393bc0c9412fa745c02",2,0,5,0,0,6,17,0,22,0,0,0,6,2,2,0,0,4,33,6,17,0,27,3,13,16,5,0,20,0,0,7,18,6,2,2,0,0,0,"D_0__Bacteria; D_1__Bacteroidetes; D_2__Bacteroidia; D_3__Bacteroidales; D_4__Prolixibacteraceae; D_5__uncultured"
"7b610bbcaaac8545564085a58e574187",0,0,2,0,0,5,0,0,3,0,0,0,0,2,0,0,0,0,3,0,2,0,0,0,4,5,0,0,2,0,0,2,4,0,0,0,0,0,0,"D_0__Bacteria; D_1__Patescibacteria; D_2__Parcubacteria; D_3__Candidatus Moranbacteria; D_4__uncultured bacterium; D_5__uncultured bacterium; D_6__uncultured bacterium"
"9f0dc3a2ca9dcd731763318c3ccda757",0,0,0,0,0,0,0,0,0,0,0,0,0,8,0,0,0,0,0,0,0,0,0,0,0,0,0,0,0,0,1,0,0,2,4,0,0,0,0,"D_0__Bacteria; D_1__Chloroflexi; D_2__Anaerolineae; D_3__Anaerolineales; D_4__Anaerolineaceae; D_5__ADurb.Bin120; Ambiguous_taxa"
"cfa22ed92a46bb9b08f43613e1400332",5,0,2,0,0,0,0,0,0,0,0,0,0,0,0,0,0,0,0,0,0,0,0,3,0,0,0,0,0,0,0,0,0,0,0,0,0,0,0,"D_0__Bacteria; D_1__Firmicutes; D_2__Clostridia; D_3__Clostridiales"
"b1506d2e6484d4786e2b8c3678c9b537",51,0,5,0,5,4,5,0,3,7,2,0,5,0,21,9,0,20,6,0,11,0,11,78,1,0,2,0,5,0,0,0,10,12,13,19,0,0,0,"D_0__Bacteria; D_1__Firmicutes; D_2__Clostridia; D_3__Thermoanaerobacterales; D_4__SRB2"
"2245aaddc33a14172315572a614f5ec4",2,0,6,0,0,0,0,0,0,0,0,0,2,3,0,0,0,5,0,0,0,0,0,2,2,0,2,0,0,0,0,0,0,0,4,0,0,0,0,"D_0__Bacteria; D_1__Chloroflexi; D_2__Anaerolineae; D_3__SBR1031"
"88ff0a55a2f41d5f085d2795bf096284",0,0,0,0,7,16,0,0,0,7,3,0,0,0,4,0,0,0,0,0,0,0,0,0,0,0,0,4,0,0,2,0,0,0,0,0,0,0,0,"D_0__Bacteria; D_1__Proteobacteria; D_2__Gammaproteobacteria; D_3__Oceanospirillales; D_4__Halomonadaceae; D_5__Halomonas"
"d53c8ae006923b7a0cbc58200ff8c71a",0,0,3,0,0,0,0,0,0,0,0,0,0,0,0,3,0,0,0,0,0,0,0,0,2,0,0,0,0,0,0,0,0,3,0,0,0,0,0,"D_0__Bacteria; D_1__Firmicutes; D_2__Clostridia; D_3__Clostridiales; D_4__Christensenellaceae; D_5__uncultured; D_6__uncultured bacterium"
"bbf6330c0afbb216ff43ea6e828f5b14",2,0,0,0,0,0,0,0,0,0,0,0,4,0,7,0,0,5,0,0,0,0,0,4,0,0,0,3,0,0,0,0,0,7,5,13,0,0,0,"D_0__Bacteria; D_1__Lentisphaerae; D_2__Oligosphaeria; D_3__Oligosphaerales; D_4__Lenti-02"
"4ad0f2946aa22e10dd14f7fb76719dcc",20,0,0,0,0,8,5,0,10,2,10,2,32,0,11,10,0,22,36,4,28,0,30,14,9,11,4,2,18,0,5,8,16,22,35,40,0,0,0,"D_0__Bacteria; D_1__Bacteroidetes; D_2__Bacteroidia; D_3__Sphingobacteriales; D_4__Lentimicrobiaceae"
"f578023db26d8baf44ea4f2637344e8e",0,0,0,0,4,1,0,0,0,0,0,0,0,0,0,0,0,0,0,0,1,0,0,2,2,0,0,0,3,0,0,0,0,0,0,0,0,0,0,"D_0__Bacteria; D_1__Proteobacteria; D_2__Deltaproteobacteria; D_3__Desulfobacterales; D_4__Desulfobacteraceae; D_5__Desulfofaba; D_6__Desulfofaba fastidiosa"
"64bf553c80f99c1f18f5685154010e4f",0,0,0,0,0,0,0,0,2,4,0,0,0,0,0,7,0,0,3,0,0,0,0,0,0,0,0,0,0,0,0,0,0,0,0,0,0,0,0,"D_0__Bacteria; D_1__Chloroflexi; D_2__Anaerolineae; D_3__SBR1031"
"1f73d0cdfd1eb26810e53313645e9020",3,0,0,2,4,9,0,0,0,3,2,0,7,0,1,5,0,9,0,0,0,0,0,2,0,0,0,3,0,0,4,0,0,5,3,0,0,0,0,"D_0__Bacteria; D_1__Planctomycetes; D_2__Phycisphaerae; D_3__MSBL9; D_4__SG8-4"
"07649b581408f9040334756e8e8b8cdc",0,0,1,0,0,2,4,0,0,0,0,0,0,0,0,0,1,0,0,0,1,0,14,0,0,0,0,0,0,0,0,0,0,0,0,0,0,0,0,"D_0__Bacteria; D_1__Cloacimonetes; D_2__Cloacimonadia; D_3__Cloacimonadales; D_4__Cloacimonadaceae; D_5__Candidatus Cloacimonas; D_6__uncultured bacterium"
"7693c432366269312b2cdd715a395d0d",1,0,3,6,0,0,0,0,3,4,0,0,6,4,0,0,0,7,5,0,6,0,3,2,2,0,0,0,3,0,0,0,3,0,7,6,0,0,0,"D_0__Bacteria; D_1__Firmicutes; D_2__Clostridia; D_3__Clostridiales; D_4__Ruminococcaceae"
"ef784c2825803087185f8e0aef7431af",0,0,7,4,0,4,0,0,2,0,2,0,8,0,0,6,3,0,3,0,2,0,6,2,0,0,0,0,3,2,2,4,0,0,0,0,0,2,0,"D_0__Bacteria; D_1__Chloroflexi; D_2__Anaerolineae; D_3__SBR1031"
"7743ee48540417ae748b8b877ba66685",9,0,0,0,0,0,0,0,0,0,0,0,3,0,0,0,0,0,0,0,0,0,0,3,0,0,0,0,0,0,0,0,0,0,0,5,0,0,0,"D_0__Bacteria; D_1__Planctomycetes; D_2__Phycisphaerae; D_3__MSBL9; D_4__4572-13; D_5__uncultured bacterium; D_6__uncultured bacterium"
"205f26de3e266b499ca5d04f6b919a3c",6,0,0,0,7,0,0,0,0,0,6,0,5,0,0,0,0,0,0,0,0,0,0,2,0,0,0,4,0,0,0,0,0,0,0,1,0,3,0,"D_0__Bacteria; D_1__Firmicutes; D_2__Clostridia; D_3__Clostridiales; D_4__Peptococcaceae; D_5__uncultured; D_6__uncultured bacterium"
"b588a0697bbc7142a2f2d9e74556ac19",3,0,11,4,0,2,5,0,9,3,2,0,2,4,0,0,0,0,5,0,8,0,2,0,4,2,0,0,5,2,3,0,6,3,0,0,0,0,0,"D_0__Bacteria; D_1__Chloroflexi; D_2__Anaerolineae; D_3__SBR1031"
"0be8fa2d212b01a2ed907e8f130ff5d6",26,0,22,19,0,26,12,4,21,13,14,0,40,32,23,68,5,69,19,7,25,13,17,57,17,14,4,0,14,13,16,12,14,8,7,8,0,10,0,"D_0__Bacteria; D_1__Actinobacteria; D_2__Coriobacteriia; D_3__OPB41"
"c3266356ca8222bbe769782fee1bedb9",0,0,0,0,0,0,6,0,3,5,0,0,4,0,4,10,0,10,4,0,6,0,3,0,0,5,0,0,5,0,7,0,6,2,3,5,0,0,0,"D_0__Bacteria; D_1__Firmicutes; D_2__Clostridia; D_3__Clostridiales; D_4__Eubacteriaceae; D_5__Garciella; D_6__Irregularibacter muris"
"5ec199ed1ffbb1fe22221c9ac6dc8fb8",0,0,0,0,0,10,0,0,0,0,0,0,0,0,0,0,0,0,0,0,0,0,0,0,0,0,0,0,0,0,0,0,0,0,0,0,0,0,0,"D_0__Bacteria; D_1__Firmicutes; D_2__Bacilli; D_3__Lactobacillales; D_4__Streptococcaceae; D_5__Streptococcus"
"5f430f7589ce6bbbea69836cdca2a719",63,0,13,5,34,0,0,4,0,2,30,0,29,9,27,18,0,16,0,0,0,0,0,43,0,0,0,22,0,0,51,0,0,22,17,25,0,0,0,"D_0__Bacteria; D_1__Firmicutes; D_2__Limnochordia; D_3__Limnochordales; D_4__uncultured; Ambiguous_taxa; Ambiguous_taxa"
"ae01a14b7c892365fcd9f4a5c0418fee",15,0,0,0,11,7,0,0,0,4,9,1,3,0,0,7,0,7,0,0,0,0,0,17,0,0,0,0,0,1,3,0,0,0,4,2,4,7,1,"D_0__Bacteria; D_1__Firmicutes; D_2__Clostridia; D_3__Clostridiales; D_4__Peptococcaceae; D_5__uncultured; D_6__uncultured bacterium"
"d03fef405e944ee2685d9db4e2506962",0,0,0,0,0,0,2,0,0,3,0,0,0,0,0,5,0,0,3,0,3,0,2,0,0,0,0,2,4,0,0,0,2,0,0,0,0,0,0,"D_0__Bacteria; D_1__Firmicutes; D_2__Clostridia; D_3__Clostridiales; D_4__Family XIII; D_5__uncultured; D_6__uncultured bacterium"
"730e23db3877fb044040a4f01dedee06",37,0,7,0,14,16,2,4,0,7,0,0,19,0,23,20,0,5,0,0,0,0,0,27,2,0,0,4,0,0,0,0,2,19,14,14,0,0,0,"D_0__Bacteria; D_1__Spirochaetes; D_2__Spirochaetia; D_3__Spirochaetales; D_4__Spirochaetaceae; D_5__Candidatus Marispirochaeta"
"b955e687f5fce59cc8b0c352dc26de3c",0,0,0,5,0,2,0,0,0,2,0,0,9,0,2,0,0,2,0,0,0,0,0,0,0,0,0,0,0,0,0,0,0,2,3,5,0,0,0,"D_0__Bacteria; D_1__Planctomycetes; D_2__Phycisphaerae; D_3__Phycisphaerales; D_4__AKAU3564 sediment group; D_5__uncultured bacterium; D_6__uncultured bacterium"
"4be120572ca93c20cadabd292355ad75",3,0,0,0,0,8,0,0,0,0,0,0,0,0,0,0,0,0,0,0,0,0,4,1,0,1,0,0,0,0,0,0,0,0,0,0,0,0,0,"D_0__Bacteria; D_1__Bacteroidetes; D_2__Bacteroidia; D_3__Bacteroidales; D_4__Prolixibacteraceae; D_5__uncultured"
"95bd1364a8d47558b4809e224a1a2ac3",0,0,0,0,0,0,4,0,5,0,0,0,0,0,0,3,0,0,9,0,4,0,5,0,5,2,0,0,4,0,0,0,5,0,0,0,0,0,0,"D_0__Bacteria; D_1__Firmicutes; D_2__Clostridia; D_3__Clostridiales; D_4__Family XIII; D_5__uncultured; D_6__uncultured bacterium"
"e42e2600dbb2de50e04ee6a58a593d50",0,0,0,0,6,8,0,0,0,0,0,0,0,0,0,0,0,0,0,0,0,0,0,0,0,0,0,0,0,0,0,0,0,0,0,0,0,0,0,"D_0__Bacteria; D_1__Chloroflexi; D_2__Anaerolineae; D_3__RBG-13-54-9; D_4__uncultured bacterium; D_5__uncultured bacterium; D_6__uncultured bacterium"
"a362e69026260002777a0719eb08b750",5,0,0,0,0,7,3,0,2,14,0,0,8,0,0,33,0,11,2,0,4,0,2,6,0,4,0,4,0,0,5,0,3,6,6,11,0,0,0,"D_0__Bacteria; D_1__Firmicutes; D_2__Clostridia; D_3__Clostridiales; D_4__Lachnospiraceae"
"ad66f336b633b323ee6368dda3a7b003",6,0,0,0,0,2,0,0,2,2,7,0,1,3,6,3,0,4,8,0,4,4,5,8,0,2,0,0,3,4,0,0,6,0,5,5,0,0,0,"D_0__Bacteria; D_1__Planctomycetes; D_2__Phycisphaerae; D_3__MSBL9; D_4__SG8-4"
"8db1725d9a2f8498f45ab530baebdcb8",0,0,0,0,0,0,0,0,7,0,0,0,0,0,0,0,0,0,5,4,6,0,4,0,2,0,0,0,3,2,0,11,4,0,0,0,0,4,0,"D_0__Bacteria; D_1__Chloroflexi; D_2__Anaerolineae; D_3__Anaerolineales; D_4__Anaerolineaceae; D_5__ADurb.Bin120"
"e88fd5f46545e009b7a0b389d1b79bfb",0,0,3,0,0,0,0,0,4,6,0,0,0,0,0,0,0,0,6,0,0,1,0,0,0,2,0,2,6,0,0,0,6,0,0,0,0,0,0,"D_0__Bacteria; D_1__Synergistetes; D_2__Synergistia; D_3__Synergistales; D_4__Synergistaceae; D_5__Thermovirga"
"c9ff675cf851b36f7d2a535e589a8ffb",0,0,2,2,1,4,0,0,0,6,7,0,3,0,0,2,4,6,0,0,0,4,0,0,0,0,0,0,0,0,2,0,0,0,0,6,0,1,2,"D_0__Bacteria; D_1__Proteobacteria; D_2__Gammaproteobacteria; D_3__Enterobacteriales; D_4__Enterobacteriaceae; D_5__Escherichia-Shigella"
"348a71fb3e24f822713544716d8d057b",0,0,0,0,0,0,0,0,0,0,11,0,4,0,0,0,0,4,0,0,0,0,0,0,0,0,0,0,0,0,4,0,0,8,0,0,0,0,0,"D_0__Bacteria; D_1__Planctomycetes; D_2__Phycisphaerae; D_3__MSBL9; D_4__4572-13; D_5__uncultured organism; D_6__uncultured organism"
"6250dd8efe23b64931ef41b8f62c36ef",0,0,0,0,5,0,0,0,0,0,6,0,0,0,0,0,0,0,0,0,0,0,0,0,0,0,0,0,0,0,0,0,0,0,0,0,0,0,0,"D_0__Bacteria; D_1__Firmicutes; D_2__Clostridia; D_3__Clostridiales; D_4__Peptococcaceae; D_5__Dehalobacterium; D_6__uncultured bacterium"
"7114b94270795d6bd77642ce3de517df",15,0,9,0,19,22,3,2,2,21,12,2,10,0,12,4,0,6,9,0,7,0,4,10,3,3,2,18,3,0,5,0,0,11,11,16,0,0,0,"D_0__Bacteria; D_1__Firmicutes; D_2__Clostridia; D_3__Clostridiales; D_4__Clostridiaceae 3; D_5__Sporosalibacterium"
"2a063c9f6772f0da4cf81ad7e3999f3d",0,0,0,0,0,4,0,0,0,0,0,0,0,0,0,0,0,0,2,0,2,0,4,2,0,2,0,0,3,0,0,0,3,1,0,0,0,0,0,"D_0__Bacteria; D_1__Firmicutes; D_2__Clostridia; D_3__Clostridiales; D_4__Clostridiaceae 3; D_5__Clostridiisalibacter; D_6__uncultured bacterium"
"337eeca7e5d5c54acae695da519c2a19",1,0,0,3,0,0,6,0,0,0,0,0,0,0,0,1,0,1,0,2,0,1,1,4,8,0,0,0,0,1,6,0,0,1,0,1,0,0,0,"D_0__Bacteria; D_1__Firmicutes; D_2__Clostridia; D_3__Clostridiales; D_4__Family XI; D_5__Soehngenia; D_6__uncultured Clostridium sp."
"3a8236827185ce17e78c18e1aadc2735",0,0,0,0,0,5,0,0,0,3,0,0,0,0,0,0,0,0,0,0,0,0,0,2,0,0,0,0,0,0,0,0,0,0,0,0,0,2,0,"D_0__Bacteria; D_1__Proteobacteria; D_2__Deltaproteobacteria; D_3__Desulfobacterales; D_4__Desulfobulbaceae; D_5__[Desulfobacterium] catecholicum group"
"b9f669a31d14c5d2049ce9b9fde61ff5",0,0,0,0,0,0,0,0,0,0,2,0,0,0,0,13,0,2,0,0,0,0,0,0,0,0,0,0,0,0,0,0,0,0,0,0,0,0,0,"D_0__Bacteria; D_1__Firmicutes; D_2__Clostridia; D_3__Clostridiales; D_4__Peptococcaceae; D_5__uncultured; D_6__uncultured bacterium"
"cf05068df417bdf8f4ed407565cd11a5",10,0,4,0,11,0,2,0,0,3,0,0,0,0,4,5,0,0,0,0,0,0,0,12,0,0,0,0,0,0,0,0,0,5,3,0,0,2,0,"D_0__Bacteria; D_1__Planctomycetes; D_2__Phycisphaerae; D_3__Phycisphaerales; D_4__AKAU3564 sediment group; D_5__uncultured bacterium; D_6__uncultured bacterium"
"191061971b0b35745140c81ae7ca8782",24,0,50,33,12,11,15,10,57,9,3,0,45,56,28,31,4,68,21,0,13,6,35,28,42,7,6,3,21,5,10,0,24,33,34,34,3,4,3,"D_0__Bacteria; D_1__Proteobacteria; D_2__Deltaproteobacteria; D_3__Desulfuromonadales; D_4__Desulfuromonadaceae; D_5__Pelobacter; D_6__uncultured delta proteobacterium"
"45eddb8fc88a871d2a94f1534b00683a",0,0,0,0,0,0,0,0,0,0,0,0,0,0,0,36,0,0,0,0,0,0,0,0,0,0,0,0,0,0,0,0,0,0,0,0,0,0,0,"D_0__Bacteria; D_1__Firmicutes; D_2__Clostridia; D_3__Clostridiales; D_4__Peptostreptococcaceae"
"e776dc1cdab2a7a7973d03c8616fbb18",5,0,4,0,4,10,0,0,0,5,0,0,2,4,5,8,0,0,6,0,5,0,5,4,0,3,0,7,0,0,0,0,2,7,5,2,0,2,0,"D_0__Bacteria; D_1__Chloroflexi; D_2__Anaerolineae; D_3__RBG-13-54-9; D_4__uncultured bacterium; D_5__uncultured bacterium; D_6__uncultured bacterium"
"95166736673d3e6c4260490fbd19b402",0,0,0,0,1,0,0,0,3,2,0,0,0,0,0,0,0,4,0,0,0,0,0,0,0,0,0,0,0,0,0,0,0,3,0,0,0,0,0,"D_0__Bacteria; D_1__Chloroflexi; D_2__Anaerolineae; D_3__SBR1031"
"3833af77ae8ec790cfe75b2687babfdf",0,0,0,0,0,0,0,0,0,0,0,0,0,0,0,0,0,0,2,3,0,0,0,0,0,0,0,0,3,0,0,4,0,0,0,0,0,0,0,"D_0__Bacteria; D_1__Bacteroidetes; D_2__Bacteroidia; D_3__Flavobacteriales; D_4__Flavobacteriaceae; D_5__Robiginitalea; D_6__uncultured bacterium"
"408326624d737d0a9500458db99d821b",0,0,0,0,0,3,3,0,0,0,0,0,0,0,0,2,0,3,5,0,4,0,4,0,0,5,0,0,2,0,2,0,2,2,0,4,0,0,0,"D_0__Bacteria; D_1__Hydrogenedentes; D_2__Hydrogenedentia; D_3__Hydrogenedentiales; D_4__Hydrogenedensaceae; D_5__uncultured bacterium; D_6__uncultured bacterium"
"366cc0c33d164049d651f447556dcefc",2,0,10,3,0,0,9,5,16,3,0,0,0,7,0,0,3,0,10,4,12,3,12,2,4,7,2,0,0,0,0,6,14,5,0,0,0,4,0,"D_0__Bacteria; D_1__Chloroflexi; D_2__Anaerolineae; D_3__Anaerolineales; D_4__Anaerolineaceae; D_5__uncultured; D_6__uncultured Chloroflexi bacterium"
"46cb8aa27e1bd1aadd3d88872bd337f6",0,0,0,0,0,2,1,0,0,0,1,0,1,0,0,0,0,0,1,0,0,0,1,9,0,0,1,0,1,0,7,0,7,0,0,2,0,0,0,"D_0__Bacteria; D_1__Firmicutes; D_2__Clostridia; D_3__Clostridiales"
"e206c60a350486c20376c021dab5b0b8",12,0,1,4,12,29,0,2,19,17,4,2,0,7,15,0,0,19,2,0,0,0,10,12,6,24,1,0,0,0,0,3,5,7,8,16,2,0,0,"D_0__Bacteria; D_1__Firmicutes; D_2__Clostridia"
"d3300990f7bad51521444587e12bfd77",0,0,0,0,0,0,2,0,3,0,0,0,2,0,3,1,0,0,0,0,0,0,0,0,3,0,0,0,0,0,0,1,0,0,0,0,0,0,0,"D_0__Bacteria; D_1__Proteobacteria; D_2__Deltaproteobacteria; D_3__Desulfuromonadales; D_4__Desulfuromonadaceae; D_5__Desulfuromonas; D_6__Desulfuromonas palmitatis"
"32273a101b3e85ebe472511f0265cfcf",0,0,0,0,0,5,4,0,4,0,0,0,0,0,0,0,2,0,5,0,2,3,0,0,6,0,0,0,6,5,0,6,2,0,0,0,0,0,0,"D_0__Bacteria; D_1__Atribacteria; D_2__JS1; D_3__uncultured organism; D_4__uncultured organism; D_5__uncultured organism; D_6__uncultured organism"
"288b3fd632d06ec66c051e6f47c32855",0,0,0,0,53,0,0,0,0,0,0,0,0,0,0,0,0,0,0,0,0,0,0,0,0,0,0,20,0,0,0,0,0,0,0,0,0,0,0,"D_0__Bacteria; D_1__Proteobacteria; D_2__Gammaproteobacteria; D_3__Alteromonadales; D_4__Marinobacteraceae; D_5__Marinobacter"
"c4e00217641503016e03d39314cefe76",0,0,0,2,0,5,2,0,0,3,0,0,2,0,3,7,0,2,11,0,2,0,5,3,3,3,4,0,4,0,0,4,4,5,6,10,0,0,0,"D_0__Bacteria; D_1__Planctomycetes"
"88a8806cfcfd43707bbf7cf0f964b447",4,0,0,0,10,52,0,0,0,86,2,0,0,0,0,0,0,0,0,0,0,0,5,0,1,0,3,0,1,0,6,0,0,6,0,4,0,2,0,"D_0__Bacteria; D_1__Halanaerobiaeota; D_2__Halanaerobiia; D_3__Halanaerobiales; D_4__Halobacteroidaceae; D_5__uncultured"
"3d659eb4fdb50c1f61269bbc5905f05c",9,0,2,0,0,0,2,0,5,0,0,0,0,0,0,0,0,1,8,0,1,0,6,4,1,0,3,0,5,0,0,0,1,0,4,6,0,0,0,"D_0__Bacteria; D_1__Firmicutes; D_2__Clostridia; D_3__Clostridiales; D_4__MAT-CR-H4-C10; D_5__uncultured bacterium; D_6__uncultured bacterium"
"21ee7a4810e00187427035b3ecd23643",24,0,0,0,0,0,10,0,11,3,3,0,17,0,18,5,0,13,18,0,39,0,40,24,10,23,7,0,17,0,0,0,29,20,11,36,0,0,0,"D_0__Bacteria; D_1__Bacteroidetes; D_2__Bacteroidia; D_3__Bacteroidales; D_4__Prolixibacteraceae; D_5__uncultured; D_6__benzene mineralizing consortium clone SB-1"
"7aedf00e189538cf039bc83ce5a1572d",4,0,0,0,0,0,2,0,2,0,0,0,0,0,0,4,0,0,5,0,0,0,0,2,4,0,2,0,0,0,0,0,3,0,0,2,0,0,0,"D_0__Bacteria; D_1__Firmicutes; D_2__Clostridia; D_3__Clostridiales; D_4__Family XI; D_5__Soehngenia; D_6__uncultured Clostridium sp."
"80baa1d70c3460c39b13b3459cd05cd8",0,0,2,2,2,0,0,0,0,0,0,0,2,0,0,3,0,0,0,0,0,0,0,5,2,0,0,0,0,0,0,0,0,0,0,2,0,0,0,"D_0__Bacteria; D_1__Firmicutes; D_2__Clostridia; D_3__Clostridiales; D_4__Christensenellaceae; D_5__uncultured"
"d2612bfca06ecb93fdd53a7fdbe71fa4",8,4,33,10,0,69,258,9,308,36,0,0,19,10,15,25,21,15,342,75,535,45,451,11,312,263,173,0,347,41,0,134,288,38,6,11,0,27,3,"D_0__Bacteria; D_1__Firmicutes; D_2__Clostridia; D_3__Clostridiales; D_4__Clostridiales Incertae Sedis; D_5__Dethiosulfatibacter; D_6__uncultured organism"
"58b9212afab19e48fb5f775b7c515675",0,0,0,0,0,0,0,0,0,0,0,0,0,0,0,0,0,0,0,4,0,0,0,0,0,0,0,6,0,0,0,2,0,0,0,0,0,0,0,"D_0__Bacteria; D_1__Firmicutes; D_2__Clostridia; D_3__Clostridiales; D_4__MAT-CR-H4-C10; D_5__uncultured organism; D_6__uncultured organism"
"06081a5a892c01a2a9168b76903a1846",13,0,0,0,0,24,0,0,0,5,0,0,11,0,0,31,0,2,0,0,0,0,0,17,0,0,0,0,0,0,0,0,0,8,0,0,1,2,2,"D_0__Bacteria; D_1__Firmicutes; D_2__Clostridia; D_3__Clostridiales; D_4__Peptococcaceae; D_5__uncultured; D_6__uncultured bacterium"
"c961b33f18dcf898f855df0161f7de6a",5,0,0,0,0,0,1,0,5,10,0,0,2,0,0,5,0,0,2,0,0,0,2,5,4,0,0,0,0,0,0,0,1,0,0,0,0,0,0,"D_0__Bacteria; D_1__Firmicutes; D_2__Clostridia; D_3__Clostridiales; D_4__MAT-CR-H4-C10; D_5__uncultured bacterium; D_6__uncultured bacterium"
"bb8baf082e630b4774a4f3925ce7ef4d",0,0,8,0,0,0,0,0,0,0,2,0,2,3,0,0,0,0,0,0,1,7,0,0,0,0,0,0,0,0,0,0,0,0,0,2,0,3,3,"D_0__Bacteria; D_1__Chloroflexi; D_2__Anaerolineae; D_3__Anaerolineales; D_4__Anaerolineaceae; D_5__uncultured; D_6__uncultured Chloroflexi bacterium"
"e6aff18c874603698aa40373d78bc300",0,0,0,0,0,0,0,0,4,0,0,0,0,0,0,0,0,0,4,0,5,0,0,0,0,6,0,0,3,0,0,4,0,0,0,0,0,0,0,"D_0__Bacteria; D_1__Atribacteria; D_2__JS1; D_3__uncultured organism; D_4__uncultured organism; D_5__uncultured organism; D_6__uncultured organism"
"cf354b43cfd06a7085028864ea3c7b34",10,0,5,0,0,3,0,2,0,4,0,0,6,4,0,4,0,6,0,0,0,0,0,5,0,0,0,0,0,0,2,0,3,0,3,0,0,0,0,"D_0__Bacteria; D_1__Firmicutes; D_2__Clostridia; D_3__Clostridiales; D_4__Christensenellaceae; D_5__uncultured"
"02503879fecd975133c628af38e199a5",0,0,0,0,0,0,0,0,0,2,0,0,6,0,0,0,0,0,0,0,0,0,0,0,0,0,0,0,0,0,0,2,0,5,0,0,0,0,0,"D_0__Bacteria; D_1__Proteobacteria; D_2__Deltaproteobacteria; D_3__Syntrophobacterales; D_4__Syntrophaceae; D_5__uncultured"
"e7c72c3d4f8837542439b206804f00c0",0,0,0,0,0,0,0,0,0,0,0,0,0,0,0,0,0,0,0,0,0,0,0,0,0,0,0,0,0,0,0,0,0,0,5,9,0,0,0,"D_0__Bacteria; D_1__Firmicutes; D_2__Clostridia; D_3__Clostridiales"
"010b5c00400507a62ce25a84447e1bd3",0,0,0,0,2,0,0,0,0,0,0,0,0,0,0,0,0,2,1,0,0,2,2,0,4,0,0,0,4,3,0,1,3,0,0,0,0,4,0,"D_0__Bacteria; D_1__Synergistetes; D_2__Synergistia; D_3__Synergistales; D_4__Synergistaceae; D_5__Thermovirga; Ambiguous_taxa"
"343b29e0caa428876f7a6fc1d6682937",0,0,0,0,0,0,3,0,0,0,0,0,0,0,0,0,0,0,0,0,0,0,0,0,3,3,0,0,0,0,0,0,2,0,0,0,0,0,0,"D_0__Bacteria; D_1__Firmicutes; D_2__Clostridia; D_3__Clostridiales; D_4__Ruminococcaceae; D_5__Ercella; D_6__uncultured bacterium"
"23c00fb7f88a6f5e1be382d85a04e134",0,0,0,0,0,0,2,0,0,0,0,0,0,0,0,2,5,0,1,0,1,3,2,0,2,0,0,0,0,3,2,2,1,0,0,0,0,4,0,"D_0__Bacteria; D_1__Synergistetes; D_2__Synergistia; D_3__Synergistales; D_4__Synergistaceae; D_5__Thermovirga; D_6__uncultured Synergistaceae bacterium"
"5b7a15aca092dbd11bc00e4e2553e0eb",10,0,0,0,0,45,0,0,2,0,0,0,22,0,1,36,0,17,1,0,0,0,0,12,0,0,0,18,0,0,0,0,0,2,12,35,0,0,0,"D_0__Bacteria; D_1__Bacteroidetes; D_2__Bacteroidia; D_3__Bacteroidales; D_4__Prolixibacteraceae; D_5__Sunxiuqinia; D_6__uncultured Sunxiuqinia sp."
"e2b227c5d34efe5b5d08d5b2eee28ae0",5,0,0,0,2,0,0,0,2,3,0,0,5,0,3,3,0,6,0,0,0,0,0,1,2,0,0,0,0,0,0,0,3,0,0,0,0,0,0,"D_0__Bacteria; D_1__Proteobacteria; D_2__Deltaproteobacteria; D_3__Desulfobacterales; D_4__Desulfobulbaceae; D_5__Desulfofustis; Ambiguous_taxa"
"5bb76bf6552fb007d0968c4144990e15",0,0,0,0,0,0,0,0,0,0,2,0,4,0,0,0,0,0,0,0,0,0,0,0,0,0,0,0,0,0,2,0,0,0,0,3,0,0,0,"D_0__Bacteria; D_1__Firmicutes; D_2__Clostridia; D_3__Clostridiales; D_4__Caldicoprobacteraceae; D_5__Caldicoprobacter; D_6__uncultured bacterium"
"e73cc7147e105a224e0e8f71f93e0181",0,0,0,0,0,0,0,0,0,0,0,0,0,0,0,0,6,0,0,0,0,4,0,0,0,0,0,0,0,0,0,0,0,0,0,0,0,0,0,"D_0__Bacteria; D_1__Kiritimatiellaeota; D_2__Kiritimatiellae; D_3__WCHB1-41; D_4__uncultured organism; D_5__uncultured organism; D_6__uncultured organism"
"38cd6d406013dbfd33332a00f34be849",32,0,0,0,18,0,0,0,1,0,0,0,3,0,43,0,0,2,0,0,2,0,0,37,1,0,0,11,0,0,0,0,0,64,0,0,0,0,0,"D_0__Bacteria; D_1__Firmicutes; D_2__Bacilli; D_3__Bacillales; D_4__Bacillaceae; D_5__Bacillus"
"188baccb96d16512e78c7ed72f77daf6",0,0,0,0,0,0,0,0,0,0,0,0,7,0,0,0,0,9,0,0,0,0,0,0,0,0,0,0,0,0,0,0,0,0,0,0,0,0,0,"D_0__Bacteria; D_1__Bacteroidetes; D_2__Bacteroidia; D_3__Bacteroidales"
"7dc63c3bd58fd7ffa6e06946777893c0",8,0,2,0,15,1,0,3,0,0,14,0,4,2,1,0,0,2,0,0,0,0,0,20,0,0,0,0,0,0,7,0,0,0,0,0,0,3,0,"D_0__Bacteria; D_1__Firmicutes; D_2__Clostridia; D_3__Clostridiales"
"6dc2577838b3cdce0ede44f2003a5cce",10,0,7,0,95,9,2,0,0,13,38,0,16,2,30,2,4,7,4,0,4,3,2,10,0,3,0,74,0,0,34,0,7,25,5,0,0,2,0,"D_0__Bacteria; D_1__Firmicutes; D_2__Clostridia; D_3__Clostridiales; D_4__Clostridiaceae 4; D_5__Caminicella"
"cca4526b10140e382c3b827f6dfaaa73",0,3,0,0,3,15,2,0,12,7,0,0,0,0,4,10,0,5,3,0,3,0,2,4,12,0,0,0,4,0,0,4,7,3,0,0,0,0,4,"D_0__Bacteria; D_1__Proteobacteria; D_2__Deltaproteobacteria; D_3__Desulfobacterales; D_4__Desulfobacteraceae; D_5__Desulfotignum"
"613b6f96d98afc47da7b7c6695b79d76",2,0,0,0,0,0,0,0,0,0,0,0,0,0,0,0,0,3,0,3,7,2,0,0,4,0,2,0,0,0,0,2,0,0,0,0,0,2,0,"D_0__Bacteria; D_1__Chloroflexi; D_2__Anaerolineae; D_3__SBR1031; D_4__uncultured organism; D_5__uncultured organism; D_6__uncultured organism"
"2f33bf5e3116456e70895be0b976dc5f",10,0,0,2,0,3,0,0,2,0,0,0,0,0,0,2,0,5,0,0,0,0,0,17,0,0,0,0,0,0,0,0,0,0,0,3,0,0,0,"D_0__Bacteria; D_1__Bacteroidetes; D_2__Bacteroidia; D_3__Bacteroidales; D_4__Prolixibacteraceae; D_5__uncultured"
"d4c255ae932cd19c397ee770c9393e08",25,0,0,0,0,1,8,0,57,0,3,0,3,0,0,17,0,5,11,0,26,0,29,28,42,13,7,0,20,0,0,0,8,0,1,11,0,0,0,"D_0__Bacteria; D_1__Bacteroidetes; D_2__Bacteroidia; D_3__Bacteroidales; D_4__Prolixibacteraceae; D_5__uncultured; D_6__benzene mineralizing consortium clone SB-1"
"ed7c99cde341f02b4b9adc7e6438102e",3,0,2,0,0,0,0,0,0,0,0,0,0,0,0,2,0,0,0,0,0,0,0,8,0,0,0,0,0,0,0,0,0,0,0,0,0,0,0,"D_0__Bacteria; D_1__Firmicutes; D_2__Clostridia; D_3__Clostridiales; D_4__Peptococcaceae; D_5__uncultured; D_6__uncultured bacterium"
"2589274421dfc552afe51448cfa3d3b4",30,0,0,0,6,17,36,0,46,11,8,0,18,0,7,15,0,20,60,2,50,0,70,27,34,36,17,10,53,0,8,3,59,9,11,17,3,0,3,"D_0__Bacteria; D_1__Bacteroidetes; D_2__Bacteroidia; D_3__Bacteroidales; D_4__Prolixibacteraceae; D_5__uncultured; D_6__uncultured Bacteroidetes bacterium"
"c04fdcad643302dc1afe04a9b5bd89b9",18,0,2,4,11,4,0,0,0,11,0,0,15,3,26,0,0,14,3,0,0,0,0,26,0,0,0,7,0,0,0,0,0,17,15,26,0,0,0,"D_0__Bacteria; D_1__Planctomycetes; D_2__Planctomycetacia; D_3__Pirellulales; D_4__Pirellulaceae; D_5__Pir4 lineage"
"8433b2b28eb3770d6c26651f082d7c6e",5,0,0,0,0,0,0,0,0,0,0,0,1,0,0,0,0,0,0,0,0,0,0,0,0,0,0,0,0,0,0,0,0,0,0,4,0,0,0,"D_0__Bacteria; D_1__Bacteroidetes; D_2__Bacteroidia; D_3__Bacteroidales; D_4__Prolixibacteraceae; D_5__uncultured"
"4f22752597099419b1fa43fa93bd21d5",0,0,0,0,0,0,0,0,2,0,0,0,0,0,0,0,0,0,0,0,3,0,2,0,0,0,0,0,0,0,0,3,0,0,0,0,0,0,0,"D_0__Bacteria; D_1__Chloroflexi; D_2__Anaerolineae; D_3__Anaerolineales; D_4__Anaerolineaceae; D_5__ADurb.Bin120"
"a7cf279777bdd4a9a59034a72262d252",0,0,0,0,0,0,0,0,0,0,0,0,0,0,0,21,0,0,0,0,0,0,0,0,0,0,0,0,0,0,0,0,0,0,0,0,0,0,0,"D_0__Bacteria; D_1__Firmicutes; D_2__Clostridia; D_3__Thermoanaerobacterales; D_4__SRB2"
"f3086984b9fb97ffd8cc6ca3f5a5eab3",0,0,0,0,0,0,0,0,0,0,0,0,0,0,0,9,0,0,0,0,0,0,0,0,0,0,0,0,0,0,9,0,0,0,0,0,0,0,0,"D_0__Bacteria; D_1__Firmicutes; D_2__Clostridia; D_3__Clostridiales; D_4__Peptococcaceae; D_5__uncultured; D_6__uncultured bacterium"
"cfa64a7c27f597cdd2a0ff56f4a637fc",2,0,0,0,0,0,0,0,0,0,0,0,0,2,0,0,0,0,0,0,0,3,0,5,0,0,0,0,0,0,2,0,0,0,3,0,0,0,0,"D_0__Bacteria; D_1__Planctomycetes; D_2__Phycisphaerae; D_3__Phycisphaerales; D_4__Phycisphaeraceae; D_5__uncultured; D_6__uncultured planctomycete"
"4e7ddc62f6a83a51cb6bdeb439e56904",2,0,0,0,0,0,0,0,0,0,0,0,0,0,1,0,0,0,0,6,0,0,0,0,0,2,0,0,0,0,0,3,0,0,0,0,0,0,0,"D_0__Bacteria; D_1__Spirochaetes; D_2__Spirochaetia; D_3__Spirochaetales; D_4__Spirochaetaceae"
"92d419b7dbf4775bb0d711048c2cc011",0,0,0,1,0,0,0,0,0,0,11,0,0,0,0,0,0,0,0,0,0,0,0,0,0,0,0,0,0,0,0,0,0,0,0,0,0,0,0,"D_0__Bacteria; D_1__Planctomycetes; D_2__Phycisphaerae; D_3__MSBL9; D_4__ST-NAGAB-D1; D_5__Phycisphaerae bacterium ST-NAGAB-D1; D_6__Phycisphaerae bacterium ST-NAGAB-D1"
"a27eeeb7f197e9ee8fdd7e1d3c435430",2,0,0,0,0,6,0,0,0,6,0,0,0,0,2,21,0,0,0,0,0,0,0,5,0,0,0,0,0,0,0,0,0,2,0,0,0,0,0,"D_0__Bacteria; D_1__Firmicutes; D_2__Clostridia; D_3__Clostridiales; D_4__Christensenellaceae; D_5__uncultured"
"a769ecaff0c6422bb59f97353ec82783",10,0,0,0,0,0,0,0,0,0,5,0,0,0,0,7,0,0,0,0,0,0,0,3,0,0,0,0,0,0,0,0,0,0,0,0,0,0,0,"D_0__Bacteria; D_1__Firmicutes; D_2__Clostridia; D_3__Clostridiales; D_4__Peptococcaceae; D_5__uncultured; D_6__uncultured bacterium"
"3b307a434704b47ecf515c96442239c4",23,0,0,0,10,0,0,0,0,0,9,0,16,0,6,0,0,13,0,0,0,0,0,13,2,0,0,0,0,0,6,0,0,9,4,9,0,0,0,"D_0__Bacteria; D_1__Firmicutes; D_2__Clostridia; D_3__Clostridiales; D_4__Ruminococcaceae"
"2ebbe7b6be9f7ccf06176909f6976e67",0,0,0,0,0,2,9,0,10,0,0,0,0,0,0,0,0,0,19,16,12,2,11,0,6,11,4,0,10,0,0,23,11,0,0,0,0,0,0,"D_0__Bacteria; D_1__Chloroflexi; D_2__Anaerolineae; D_3__Anaerolineales; D_4__Anaerolineaceae; D_5__uncultured"
"4ddee3c396dc292e130e10aad8cdc49b",0,0,24,4,0,0,0,2,4,0,0,0,0,4,3,0,54,0,0,2,0,73,0,0,0,0,0,0,0,13,0,5,0,0,0,0,0,9,3,"D_0__Bacteria; D_1__Chlamydiae; D_2__LD1-PA32; D_3__uncultured bacterium; D_4__uncultured bacterium; D_5__uncultured bacterium; D_6__uncultured bacterium"
"ed24de4bc65334d4c1795df5e650dfeb",0,0,2,0,0,0,0,0,0,0,3,0,0,0,2,0,0,0,0,0,0,0,5,2,0,0,0,0,0,0,0,0,5,0,0,2,0,0,0,"D_0__Bacteria; D_1__Firmicutes; D_2__Clostridia; D_3__Clostridiales; D_4__Ruminococcaceae; D_5__Ercella; D_6__uncultured bacterium"
"2ea204265d705871b0d3158bcd2f442d",0,0,0,0,0,0,6,0,0,0,0,0,0,0,0,3,6,0,1,0,0,7,2,0,3,1,0,0,6,3,0,2,0,0,0,0,0,0,0,"D_0__Bacteria; D_1__Synergistetes; D_2__Synergistia; D_3__Synergistales; D_4__Synergistaceae; D_5__Thermovirga; D_6__uncultured Synergistaceae bacterium"
"922417d46f9fa8b325a297b0986d6494",0,0,0,0,0,0,0,0,0,1,2,0,0,0,0,4,0,0,0,0,0,0,0,0,0,0,0,0,0,0,0,0,0,0,0,4,0,0,0,"D_0__Bacteria; D_1__Bacteroidetes; D_2__Bacteroidia; D_3__Bacteroidales; D_4__Prolixibacteraceae; D_5__uncultured; D_6__benzene mineralizing consortium clone SB-1"
"6b02e585ad453dcd3c11d4a0a96a66c8",0,0,0,2,0,0,0,0,0,0,0,0,2,0,2,0,0,2,0,0,0,0,0,4,0,0,0,0,0,0,0,0,0,0,3,2,0,0,0,"D_0__Bacteria; D_1__PAUC34f"
"af1f678ea919af2541abe25deddca7c8",0,0,0,0,0,0,0,0,0,0,0,0,0,0,0,0,0,0,2,3,0,0,2,0,0,0,0,0,0,0,0,4,2,0,0,0,0,0,0,"D_0__Bacteria; D_1__Planctomycetes; D_2__Phycisphaerae; D_3__Phycisphaerales; D_4__AKAU3564 sediment group; D_5__uncultured bacterium; D_6__uncultured bacterium"
"a6827d6c4dab76797499d59d762667f8",0,5,0,0,0,0,0,0,9,6,0,0,0,0,0,0,1362,0,0,0,0,1783,0,0,17,0,0,0,0,341,0,0,0,0,0,0,0,270,10,"D_0__Bacteria; D_1__Firmicutes; D_2__Clostridia; D_3__Clostridiales"
"8d0ee139b1d7f91becb8cc945e4a9d90",0,0,0,0,0,0,0,0,0,0,0,0,0,0,4,0,0,0,0,0,0,0,0,0,0,0,0,0,0,0,0,0,0,6,0,0,0,0,0,"D_0__Bacteria; D_1__Proteobacteria; D_2__Gammaproteobacteria; D_3__Enterobacteriales; D_4__Enterobacteriaceae"
"999a4ed031358e4a166fe835b6b974c9",43,0,68,23,4,16,10,11,40,7,0,0,87,31,26,17,0,76,17,0,10,0,20,25,19,14,0,5,12,0,0,4,17,24,44,42,0,0,2,"D_0__Bacteria; D_1__Proteobacteria; D_2__Deltaproteobacteria; D_3__Desulfobacterales; D_4__Desulfobacteraceae; D_5__Desulfatitalea; Ambiguous_taxa"
"e3dc16f00c3a447b6751f434861fe135",0,0,0,0,0,3,0,0,0,0,0,0,7,2,3,6,0,0,0,0,1,0,0,5,0,0,0,0,0,0,0,0,0,0,7,0,0,0,0,"D_0__Bacteria; D_1__Firmicutes; D_2__Clostridia; D_3__Clostridiales; D_4__Christensenellaceae; D_5__Christensenellaceae R-7 group"
"ba25710c67847bfc51bd05ee708c2285",0,0,0,0,0,0,3,0,2,0,0,0,0,4,0,2,0,0,2,3,3,0,3,0,4,5,0,0,3,0,0,4,0,0,0,0,0,0,0,"D_0__Bacteria; D_1__Chloroflexi; D_2__Anaerolineae; D_3__Anaerolineales; D_4__Anaerolineaceae; D_5__uncultured; D_6__uncultured Chloroflexi bacterium"
"998c8e9f1aeb55128bd9ec3f1c6b7801",0,0,0,0,0,0,3,0,6,0,0,0,0,0,0,0,0,0,16,12,6,0,5,0,4,3,0,0,2,0,0,23,6,0,0,0,0,0,0,"D_0__Bacteria; D_1__Bacteroidetes; D_2__Bacteroidia; D_3__Flavobacteriales; D_4__Flavobacteriaceae; D_5__Lutibacter; D_6__uncultured Flavobacterium sp."
"ef626f9ea47430fe56e51133fcf26871",0,0,0,0,0,23,0,0,0,5,0,0,1,0,0,32,0,0,0,0,0,0,0,0,0,0,0,1,2,0,0,0,0,21,6,1,0,0,0,"D_0__Bacteria; D_1__Bacteroidetes; D_2__Bacteroidia; D_3__Bacteroidales; D_4__Marinilabiliaceae; D_5__Marinilabilia"
"af0cdc4cf9231e8e4ce653c3d85ca54a",0,0,0,0,0,0,0,0,0,0,0,0,0,0,3,0,0,2,0,6,2,0,0,0,3,2,0,0,0,0,0,9,5,0,0,0,0,0,0,"D_0__Bacteria; D_1__Chloroflexi; D_2__Anaerolineae; D_3__Anaerolineales; D_4__Anaerolineaceae; D_5__ADurb.Bin120; D_6__uncultured bacterium"
"d10af895d3dc1424cc182de99caa6d39",2,0,0,0,6,10,4,0,0,9,0,0,22,0,22,63,0,12,2,0,1,0,0,60,0,0,0,3,1,0,0,0,0,4,20,4,0,0,0,"D_0__Bacteria; D_1__Planctomycetes; D_2__Phycisphaerae; D_3__MSBL9"
"32ff4231897a4e5ac62bcaba71cda332",9,0,0,0,10,17,2,0,0,11,37,0,4,2,5,24,0,0,4,0,0,2,2,14,2,0,0,0,0,0,15,0,2,3,3,3,0,2,0,"D_0__Bacteria; D_1__Firmicutes; D_2__Clostridia; D_3__Clostridiales; D_4__Lachnospiraceae; D_5__Cellulosilyticum; D_6__uncultured bacterium"
"07cebd166cc2122146b7446985947de0",1,0,0,0,9,3,0,0,0,0,0,0,5,0,23,0,0,0,2,0,0,0,2,0,0,1,0,0,0,0,0,0,0,1,5,1,0,0,0,"D_0__Bacteria; D_1__Bacteroidetes; D_2__Bacteroidia; D_3__Bacteroidales; D_4__Prolixibacteraceae; D_5__uncultured"
"c73b7c4d6c5fc0394cb4a0a4116099d5",17,0,2,0,3,8,9,0,6,7,4,0,12,3,18,20,0,7,22,0,16,0,10,18,5,10,6,0,7,0,4,3,21,17,14,21,0,0,0,"D_0__Bacteria; D_1__Lentisphaerae; D_2__Oligosphaeria; D_3__Oligosphaerales; D_4__Lenti-02"
"7695868ebd53a49f883e8481fae41395",0,0,0,2,0,0,9,0,0,0,0,0,8,0,3,5,0,0,6,6,4,0,2,0,0,0,0,0,0,0,0,6,2,5,0,0,0,0,0,"D_0__Bacteria; D_1__Marinimicrobia (SAR406 clade); D_2__uncultured eubacterium AB16; D_3__uncultured eubacterium AB16; D_4__uncultured eubacterium AB16; D_5__uncultured eubacterium AB16; D_6__uncultured eubacterium AB16"
"af16d9748715b7455ec135e31f58245d",0,0,0,0,3,11,0,0,5,12,0,0,0,0,3,14,0,0,3,22,2,0,0,0,2,0,0,0,2,0,5,29,2,3,0,0,0,0,0,"D_0__Bacteria; D_1__Proteobacteria; D_2__Gammaproteobacteria; D_3__AT-s16; Ambiguous_taxa; Ambiguous_taxa; Ambiguous_taxa"
"a0c85c722ae8a820ed4240ea5a977b07",0,0,0,0,0,14,0,0,0,11,0,0,0,0,0,0,0,0,0,0,0,0,0,0,0,0,0,0,0,0,0,0,0,0,0,0,0,0,0,"D_0__Bacteria; D_1__Firmicutes; D_2__Clostridia; D_3__Clostridiales; D_4__Ruminococcaceae"
"e9d6e1395a59506f879a8150e3b3047d",0,0,0,0,0,0,0,0,0,0,0,0,0,0,0,25,0,0,0,0,0,0,1,0,0,0,0,0,0,0,0,0,0,0,0,0,0,0,0,"D_0__Bacteria; D_1__Halanaerobiaeota; D_2__Halanaerobiia; D_3__Halanaerobiales; D_4__Halobacteroidaceae; D_5__uncultured"
"3c5d01bd09c0298094a4735eb65b81ed",3,0,5,2,0,0,2,0,7,0,0,0,7,4,7,5,0,6,8,0,3,2,4,7,3,5,2,2,2,0,0,0,6,10,3,3,0,0,0,"D_0__Bacteria; D_1__BRC1; D_2__uncultured organism; D_3__uncultured organism; D_4__uncultured organism; D_5__uncultured organism; D_6__uncultured organism"
"5d441746f09b982acb14b0fb72f1a0ab",0,0,0,0,0,5,0,0,0,5,0,0,0,0,0,0,0,0,0,0,0,0,0,0,0,0,0,0,0,0,0,0,0,0,0,0,0,0,0,"D_0__Bacteria; D_1__Proteobacteria; D_2__Deltaproteobacteria; D_3__Desulfovibrionales; D_4__Desulfovibrionaceae; D_5__Desulfovibrio"
"ef5a89d327216e0270b687d8ffcbf9f8",0,0,0,0,0,6,0,0,0,18,0,0,3,0,13,0,0,12,17,0,0,0,1,0,1,5,0,10,6,0,1,0,0,6,0,6,0,0,0,"D_0__Bacteria; D_1__Firmicutes; D_2__Clostridia; D_3__Thermoanaerobacterales; D_4__SRB2"
"3597d6c665d717cb3cd8dbe1af5d80dc",0,0,0,0,0,3,0,0,0,0,4,0,3,4,0,0,0,0,2,0,0,0,0,0,0,0,0,0,0,0,0,0,0,0,0,0,0,0,0,"D_0__Bacteria; D_1__Firmicutes; D_2__Clostridia; D_3__Clostridiales; D_4__Lachnospiraceae; D_5__Mobilitalea; D_6__Mobilitalea sibirica"
"688f9a44768f8009c65ca738fb862356",8,2,34,22,0,9,60,6,104,15,2,0,19,25,19,18,45,26,92,34,69,48,83,12,72,58,14,0,69,85,0,70,115,21,5,6,3,61,2,"D_0__Bacteria; D_1__Chloroflexi; D_2__Anaerolineae; D_3__Anaerolineales; D_4__Anaerolineaceae; D_5__ADurb.Bin120; D_6__uncultured bacterium"
"ac32d30e0aaf65cba3ecba6de68e8d8e",0,0,0,0,0,15,0,0,12,14,0,0,0,0,0,0,0,0,0,0,0,0,0,0,21,0,0,3,0,0,0,0,0,1,0,0,0,0,0,"D_0__Bacteria; D_1__Firmicutes; D_2__Clostridia; D_3__Clostridiales; D_4__Ruminococcaceae"
"2e46c72abcee768d48efa9e8331eb1d8",0,0,0,0,0,0,0,0,6,2,0,0,0,2,0,3,0,1,3,17,5,0,0,0,14,3,6,0,1,0,0,13,5,0,0,0,0,1,0,"D_0__Bacteria; D_1__Cloacimonetes; D_2__Cloacimonadia; D_3__Cloacimonadales; D_4__Cloacimonadaceae; D_5__Candidatus Cloacimonas; D_6__uncultured bacterium"
"ec6c3d04ca611c265ff32a1cf47930a5",0,0,2,0,0,31,0,0,2,0,0,0,3,0,0,0,0,0,0,0,0,0,4,0,0,0,0,3,0,0,0,0,3,3,3,2,0,0,0,"D_0__Bacteria; D_1__Bacteroidetes; D_2__Bacteroidia; D_3__Bacteroidales; D_4__Marinilabiliaceae; D_5__Marinilabilia; D_6__Marinilabilia nitratireducens"
"c79afba81e59583a1c0a444ad32f7d99",4,0,3,2,0,0,0,0,2,0,3,0,3,0,5,0,0,5,0,0,0,0,0,4,0,0,0,0,0,0,0,0,0,0,3,0,0,0,0,"D_0__Bacteria; D_1__Firmicutes; D_2__Clostridia; D_3__Clostridiales; D_4__Christensenellaceae; D_5__uncultured"
"942a4770c6a282c24a382766f3cce638",36,0,7,3,1,0,26,4,31,0,0,0,11,6,42,0,0,18,49,0,36,0,41,12,28,23,10,0,34,0,0,0,32,39,29,45,0,0,0,"D_0__Bacteria; D_1__Bacteroidetes; D_2__Bacteroidia; D_3__Bacteroidales; D_4__Prolixibacteraceae; D_5__uncultured; D_6__benzene mineralizing consortium clone SB-1"
"515c5468b5a1723df77e953640130c6a",0,0,0,0,0,0,0,0,0,0,3,0,0,0,0,6,0,0,0,0,0,0,0,3,0,0,0,0,0,0,0,0,0,0,0,0,0,0,0,"D_0__Bacteria; D_1__Firmicutes; D_2__Clostridia; D_3__Clostridiales; D_4__Lachnospiraceae; D_5__Anaerosporobacter; D_6__uncultured Coprococcus sp."
"9c6d5f1a9de8b1092882a57c6385f2d1",0,0,0,0,0,0,0,0,0,1,0,0,0,0,0,0,0,0,0,0,2,0,0,0,0,3,0,0,7,0,0,0,0,1,0,0,0,0,0,"D_0__Bacteria; D_1__Proteobacteria; D_2__Gammaproteobacteria; D_3__Betaproteobacteriales; D_4__Burkholderiaceae"
"6e6a6b54a749472f73ddb1ea87e92dca",36,0,7,4,12,17,2,2,10,14,6,2,23,4,56,21,0,13,9,2,6,0,13,63,11,6,2,18,9,0,8,3,4,43,20,60,0,0,2,"D_0__Bacteria; D_1__Firmicutes; D_2__Clostridia; D_3__Clostridiales; D_4__Christensenellaceae; D_5__uncultured"
"df5f9e214fb114a35d56601966305ac5",0,0,0,0,0,0,0,0,0,0,0,0,0,0,0,0,0,0,0,5,0,0,0,0,0,0,0,0,0,0,0,9,0,0,0,0,0,0,0,"D_0__Bacteria; D_1__Proteobacteria; D_2__Deltaproteobacteria; D_3__Desulfobacterales; D_4__Desulfobulbaceae"
"a8747d8eb155d86b54dc4d29e4e12363",5,0,0,0,0,0,0,0,0,0,0,0,0,0,0,7,0,0,0,0,0,0,0,12,0,0,0,0,0,0,0,0,0,0,0,0,0,0,0,"D_0__Bacteria; D_1__Firmicutes; D_2__Clostridia; D_3__Clostridiales; D_4__Peptococcaceae; D_5__uncultured; D_6__uncultured bacterium"
"a203aa7db1087d5f4e04011b5c440264",0,0,0,0,0,0,0,0,0,0,0,0,3,0,0,11,0,0,0,0,0,0,0,0,0,0,0,0,0,0,0,0,0,14,0,0,0,0,0,"D_0__Bacteria; D_1__Bacteroidetes; D_2__Bacteroidia; D_3__Bacteroidales; D_4__Marinilabiliaceae; D_5__Alkaliflexus; D_6__uncultured bacterium"
"c0312b04b955710e0f430cde70ebc0f1",0,0,0,0,4,0,0,0,0,6,0,0,4,0,11,4,0,3,0,0,0,0,0,0,0,0,0,0,0,0,0,0,0,6,0,3,0,0,0,"D_0__Bacteria; D_1__Firmicutes; D_2__Clostridia; D_3__Clostridiales"
"99db766e4ffda81e1ed98058e1d0b21e",0,0,0,0,0,5,0,0,5,2,0,0,0,0,0,0,4,0,0,0,0,5,0,0,3,0,0,0,0,9,0,0,0,0,0,0,0,9,2,"D_0__Bacteria; D_1__Firmicutes; D_2__Clostridia; D_3__Clostridiales; D_4__Syntrophomonadaceae; D_5__uncultured; D_6__uncultured Syntrophomonadaceae bacterium"
"8a892864f0a2599ec8bfdfa0c5aaea5b",0,0,0,0,0,0,0,0,5,0,0,0,0,0,0,0,0,0,0,4,4,0,4,0,3,2,0,0,0,0,0,12,1,0,0,0,0,0,0,"D_0__Bacteria; D_1__Proteobacteria; D_2__Deltaproteobacteria; D_3__Desulfobacterales; D_4__Desulfobulbaceae; D_5__uncultured"
"21ee0b1c274c0854398c6443b1c9c269",7,0,2,0,2,2,0,0,0,2,6,0,2,0,3,0,0,7,0,0,0,0,0,8,0,0,0,0,0,0,2,0,0,6,3,6,0,0,0,"D_0__Bacteria; D_1__BRC1; D_2__uncultured organism; D_3__uncultured organism; D_4__uncultured organism; D_5__uncultured organism; D_6__uncultured organism"
"34f2214a29cb5288e7201c996a74b283",0,0,0,0,0,0,0,0,0,0,0,0,2,2,4,0,0,0,0,0,0,0,0,0,0,0,0,3,0,0,0,0,0,0,0,0,0,0,0,"D_0__Bacteria; D_1__Firmicutes; D_2__Clostridia; D_3__Clostridiales; D_4__Lachnospiraceae"
"f6c74c066e1ceb394d4f47287cd392d4",6,0,0,0,0,0,0,0,0,0,0,0,0,0,0,0,0,0,0,0,0,0,0,5,0,0,0,0,0,0,0,0,0,0,0,0,0,0,0,"D_0__Bacteria; D_1__Firmicutes; D_2__Bacilli; D_3__Bacillales; D_4__Bacillaceae; D_5__Halolactibacillus; D_6__uncultured bacterium"
"202bc1c93762f5da59df003a8780f85a",48,4,52,11,37,185,77,12,82,95,3,4,59,12,15,165,47,68,164,17,116,111,128,40,68,81,44,41,106,27,11,31,104,49,33,39,0,25,3,"D_0__Bacteria; D_1__Thermotogae; D_2__Thermotogae; D_3__Petrotogales; D_4__Petrotogaceae; D_5__SC103; D_6__uncultured organism"
"8d5db665127e879c2d2b1dc0c80edd05",2,0,3,2,19,17,20,0,17,4,0,0,11,1,0,0,0,9,0,0,19,2,24,0,14,13,2,8,13,0,0,0,23,5,1,0,2,7,0,"D_0__Bacteria; D_1__Firmicutes; D_2__Clostridia; D_3__Clostridiales; D_4__Clostridiaceae 1; D_5__Proteiniclasticum; Ambiguous_taxa"
"b54467fdb3f0209f487362c8f8a5503b",2,0,0,0,3,0,0,0,0,2,0,0,0,2,7,0,0,8,0,0,0,0,0,2,0,0,0,2,3,0,2,0,0,0,12,8,0,0,0,"D_0__Bacteria; D_1__Kiritimatiellaeota; D_2__Kiritimatiellae; D_3__WCHB1-41; D_4__uncultured organism; D_5__uncultured organism; D_6__uncultured organism"
"98c48d2ad655b228cafda4a4b46c9237",0,0,0,0,4,1,2,0,0,5,0,2,0,0,0,4,0,0,0,0,4,0,3,1,0,3,0,6,0,0,3,0,3,0,0,0,0,0,0,"D_0__Bacteria; D_1__Tenericutes; D_2__Mollicutes; D_3__Haloplasmatales; D_4__Haloplasmataceae; D_5__Haloplasma; D_6__uncultured bacterium"
"667fbc81f4a0f0057176cf0f02bf8ad4",0,0,2,3,5,7,0,2,0,6,0,0,8,0,0,6,0,2,0,0,0,0,0,5,0,0,0,3,0,0,0,0,0,4,0,3,0,0,0,"D_0__Bacteria; D_1__Spirochaetes; D_2__Spirochaetia; D_3__Spirochaetales; D_4__Spirochaetaceae; D_5__Sediminispirochaeta"
"8ca3bec8127387202557dc879c5b74dd",0,0,0,0,0,122,0,0,16,86,0,0,16,0,5,125,0,6,2,19,0,0,0,0,7,0,0,5,0,0,3,37,0,3,0,4,0,0,0,"D_0__Bacteria; D_1__Proteobacteria; D_2__Deltaproteobacteria; D_3__Desulfuromonadales; D_4__Geobacteraceae; D_5__Geoalkalibacter; Ambiguous_taxa"
"50e24d0cc4c372dc9afbd018126a7f42",0,0,9,4,0,31,0,0,0,16,2,0,3,6,4,13,0,10,0,0,0,0,0,0,0,0,0,0,0,0,5,0,0,14,2,2,0,0,0,"D_0__Bacteria; D_1__Bacteroidetes; D_2__Ignavibacteria; D_3__Ignavibacteriales; D_4__Melioribacteraceae; D_5__Melioribacter; D_6__uncultured organism"
"b8cba4b541370387b29f4895d7041862",0,0,5,0,0,0,4,0,15,0,0,0,0,1,0,13,0,0,8,0,4,0,17,4,8,15,9,0,11,0,0,0,16,3,0,0,0,0,2,"D_0__Bacteria; D_1__Chloroflexi; D_2__Anaerolineae; D_3__Anaerolineales; D_4__Anaerolineaceae"
"6af2746be9374f1071cbc5d9fdb27aec",0,0,0,0,46,35,7,0,7,23,0,0,6,0,4,0,0,0,23,21,19,7,23,0,7,8,7,25,14,0,0,49,28,2,0,3,0,0,0,"D_0__Bacteria; D_1__Proteobacteria; D_2__Gammaproteobacteria; D_3__Chromatiales; D_4__Sedimenticolaceae; D_5__Sedimenticola; D_6__uncultured Sedimenticola sp."
"3889d16ebdbd9ecc6d75da1309cd1728",0,0,9,83,0,0,0,0,0,0,0,0,0,67,0,0,0,0,0,0,0,0,0,0,0,0,0,0,0,0,0,0,0,0,0,0,0,0,0,"D_0__Bacteria; D_1__Proteobacteria; D_2__Deltaproteobacteria; D_3__Desulfobacterales; D_4__Desulfobacteraceae"
"946f1be894172ecac1332883158f9158",0,0,0,3,0,0,0,0,0,2,0,0,0,0,10,0,0,0,0,0,0,0,0,0,0,0,0,3,0,0,2,0,0,2,0,2,0,0,0,"D_0__Bacteria; D_1__Planctomycetes; D_2__Phycisphaerae"
"691f5801bf4ffa344ee5c09218da0782",5,0,0,0,0,0,0,0,3,0,0,0,8,0,0,3,0,0,2,0,0,0,0,7,0,0,0,0,0,0,0,0,0,0,0,0,0,0,0,"D_0__Bacteria; D_1__Firmicutes; D_2__Clostridia; D_3__Clostridiales; D_4__Lachnospiraceae; D_5__Mobilitalea"
"7082fe9a345b80b3dfd39b2777f168ee",0,0,0,0,0,0,0,0,0,0,0,0,0,0,0,0,0,0,10,6,2,0,0,0,2,0,0,0,0,0,0,16,1,0,0,0,0,0,0,"D_0__Bacteria; D_1__Proteobacteria; D_2__Gammaproteobacteria; D_3__Ectothiorhodospirales; D_4__Thioalkalispiraceae; D_5__Thioalkalispira; D_6__uncultured bacterium"
"3299b29e6898421ceafa7592a9c60714",5,0,0,0,0,29,2,0,0,29,0,0,6,0,2,69,0,7,7,0,4,0,2,8,0,0,0,0,6,0,0,0,4,9,2,4,0,0,0,"D_0__Bacteria; D_1__Bacteroidetes; D_2__Bacteroidia; D_3__Bacteroidales; D_4__Marinilabiliaceae; D_5__Anaerophaga"
"de8f0da919e284e249aeea719ced93fa",0,0,0,0,0,9,2,0,0,0,0,0,0,0,0,0,0,0,0,0,3,0,0,0,0,3,0,0,1,0,0,0,0,0,0,5,0,0,0,"D_0__Bacteria; D_1__Firmicutes; D_2__Clostridia; D_3__Clostridiales; D_4__MAT-CR-H4-C10; D_5__uncultured bacterium; D_6__uncultured bacterium"
"336a7cb81cd10283529647b085240219",0,3,9,0,17,11,0,2,0,12,9,0,5,2,4,12,10,8,0,0,0,7,0,0,0,0,0,7,0,10,5,0,0,15,4,0,0,7,4,"D_0__Bacteria; D_1__Proteobacteria; D_2__Gammaproteobacteria; D_3__Enterobacteriales; D_4__Enterobacteriaceae; D_5__Escherichia-Shigella"
"90ff97855381ba7e20492dd0626060b9",0,0,0,0,0,0,2,0,0,0,0,0,0,0,0,0,0,0,0,0,6,0,3,0,0,4,0,0,0,0,0,0,3,0,0,3,0,0,0,"D_0__Bacteria; D_1__Bacteroidetes; D_2__Bacteroidia; D_3__Bacteroidales; D_4__Prolixibacteraceae; D_5__uncultured"
"205c856e46aa3b6d3e241a9a8b01b5ff",21,0,0,0,2,6,3,0,0,3,0,0,26,0,15,31,0,24,3,0,3,0,4,28,2,0,0,0,0,0,3,0,2,27,8,22,0,0,0,"D_0__Bacteria; D_1__Lentisphaerae; D_2__Oligosphaeria; D_3__Oligosphaerales; D_4__Lenti-02; D_5__uncultured organism; D_6__uncultured organism"
"6c2004a172003bc9805913491403b8fa",21,0,0,2,3,25,6,0,5,17,0,0,23,0,43,24,0,30,23,6,16,0,23,16,8,6,6,11,14,0,2,3,4,27,8,31,0,0,3,"D_0__Bacteria; D_1__Bacteroidetes; D_2__Bacteroidia; D_3__Bacteroidales; D_4__Prolixibacteraceae; D_5__uncultured; D_6__benzene mineralizing consortium clone SB-1"
"fdcd1a2119e7c767eeb89dcc62e28abe",0,0,0,0,14,0,0,0,0,0,0,0,0,0,0,0,0,0,0,0,0,0,0,0,0,0,0,0,0,0,0,0,0,0,0,0,0,0,0,"D_0__Bacteria; D_1__Firmicutes; D_2__Clostridia; D_3__Clostridiales"
"2b919e6cbe9c8dc09b5217ceb0f1b712",1,0,2,0,2,1,0,0,0,3,0,0,0,2,3,0,0,8,0,0,0,0,0,0,0,0,0,3,0,0,0,0,0,2,1,0,0,0,0,"D_0__Bacteria; D_1__Planctomycetes; D_2__Phycisphaerae; D_3__MSBL9; D_4__SM23-30; D_5__uncultured bacterium; D_6__uncultured bacterium"
"efbec577fc6fc6370b038000a43ddfc9",37,0,4,0,0,0,0,0,0,6,0,12,6,0,2,4,0,5,0,0,0,0,0,55,2,0,0,0,0,0,0,0,0,9,6,7,11,3,0,"D_0__Bacteria; D_1__Proteobacteria; D_2__Deltaproteobacteria; D_3__SAR324 clade(Marine group B); D_4__uncultured bacterium zdt-33i5; D_5__uncultured bacterium zdt-33i5; D_6__uncultured bacterium zdt-33i5"
"6c7f7e27df58f483acfca5619535ed99",2,0,0,0,2,2,0,0,4,0,0,0,0,0,0,0,0,2,4,2,5,0,6,0,0,2,0,0,3,0,0,1,0,0,0,0,0,0,0,"D_0__Bacteria; D_1__Bacteroidetes; D_2__Bacteroidia; D_3__Bacteroidales; D_4__Prolixibacteraceae; D_5__uncultured; D_6__uncultured bacterium"
"dc936fa2457689b05f7b153d171006ab",0,0,0,0,3,29,0,0,2,20,0,0,5,2,4,24,0,5,6,0,3,2,6,6,0,2,0,0,7,0,0,0,5,0,3,3,0,0,0,"D_0__Bacteria; D_1__Spirochaetes; D_2__Spirochaetia; D_3__Spirochaetales; D_4__Spirochaetaceae; D_5__Sediminispirochaeta; D_6__uncultured bacterium"
"c368dd223cfdfecf790ca00e5b5e9797",9,0,0,0,0,2,16,0,0,6,0,0,0,0,1,2,3,1,23,0,27,2,30,3,18,0,1,0,11,0,0,2,9,0,0,0,0,4,3,"D_0__Bacteria; D_1__Synergistetes; D_2__Synergistia; D_3__Synergistales; D_4__Synergistaceae; D_5__Thermovirga; D_6__uncultured Synergistaceae bacterium"
"f90f00db1e5f05123a24d6bbb83d0fc4",0,0,1,0,0,0,3,0,0,0,0,0,0,5,0,0,0,0,1,0,0,4,1,0,0,0,0,0,0,0,0,0,0,1,0,0,0,0,0,"D_0__Bacteria; D_1__Chloroflexi; D_2__Anaerolineae; D_3__RBG-13-54-9; D_4__uncultured bacterium; D_5__uncultured bacterium; D_6__uncultured bacterium"
"f3546358e5047d3531624f339314ac23",0,0,0,1,13,6,38,0,36,3,0,0,11,0,2,0,0,12,45,5,73,0,45,2,30,20,6,2,30,0,0,3,46,5,2,0,0,0,0,"D_0__Bacteria; D_1__Firmicutes; D_2__Clostridia; D_3__Clostridiales; D_4__MAT-CR-H4-C10; D_5__uncultured bacterium; D_6__uncultured bacterium"
"e722d382c024d586299aeeb06b30d15b",0,0,0,0,0,0,0,0,0,3,0,0,0,0,0,4,0,0,0,0,3,0,0,0,0,3,2,0,2,0,0,0,0,0,0,0,0,0,0,"D_0__Bacteria; D_1__Firmicutes; D_2__Clostridia; D_3__Clostridiales; D_4__Clostridiaceae 3"
"f189efe0c7c204bb4aba42b52755063c",0,0,17,35,0,0,0,2,0,0,0,0,0,54,0,0,0,0,0,0,0,0,0,0,0,0,0,0,0,0,0,0,0,0,0,0,0,0,0,"D_0__Bacteria; D_1__Zixibacteria; D_2__uncultured bacterium; D_3__uncultured bacterium; D_4__uncultured bacterium; D_5__uncultured bacterium; D_6__uncultured bacterium"
"0e240f3808f4c6bee12bc77a7e000d03",15,0,2,0,3,13,34,0,33,2,8,0,12,0,8,6,0,11,40,0,28,0,50,20,26,26,12,8,35,0,5,0,54,9,10,10,0,0,0,"D_0__Bacteria; D_1__Bacteroidetes; D_2__Bacteroidia; D_3__Bacteroidales; D_4__Prolixibacteraceae; D_5__uncultured"
"7085dba8f776249456c6c456129f9464",4,0,0,0,0,0,0,0,0,0,0,0,0,0,0,0,0,0,0,0,0,0,0,0,0,0,0,0,0,0,0,0,0,7,0,0,0,0,0,"D_0__Bacteria; D_1__Firmicutes; D_2__Clostridia; D_3__Clostridiales; D_4__Ruminococcaceae; D_5__Ercella; D_6__uncultured bacterium"
"583c6f6f7336c4e61d2ad0e133bed120",0,0,0,0,0,1,7,0,8,0,0,0,0,0,0,0,0,0,16,23,5,0,6,0,4,0,0,0,1,0,0,43,10,0,0,0,0,0,0,"D_0__Bacteria; D_1__Atribacteria; D_2__JS1; D_3__uncultured bacterium; D_4__uncultured bacterium; D_5__uncultured bacterium; D_6__uncultured bacterium"
"853725cec8483c263650562a2f5235f3",0,0,4,0,0,0,23,0,50,0,0,0,3,0,4,0,0,0,40,0,34,0,24,5,31,16,7,0,30,0,0,0,23,16,4,5,0,0,0,"D_0__Bacteria; D_1__Bacteroidetes; D_2__Bacteroidia; D_3__Bacteroidales; D_4__Prolixibacteraceae; D_5__uncultured"
"ac4234e5ec539d8bd42b41a28a7d6bb8",3,0,2,0,0,3,0,0,7,3,0,0,0,0,0,4,0,0,3,0,2,0,4,0,0,2,0,7,0,0,0,0,0,3,2,0,0,0,0,"D_0__Bacteria; D_1__WS1; D_2__uncultured bacterium; D_3__uncultured bacterium; D_4__uncultured bacterium; D_5__uncultured bacterium; D_6__uncultured bacterium"
"7235d3004c04a5aea8258f3fd65fa5bb",0,0,0,0,0,0,9,0,7,0,0,0,0,0,0,0,2,0,9,8,12,2,8,0,5,5,0,0,4,0,0,9,3,0,0,0,0,0,0,"D_0__Bacteria; D_1__Epsilonbacteraeota; D_2__Campylobacteria; D_3__Campylobacterales; D_4__Sulfurovaceae; D_5__Sulfurovum; D_6__uncultured Sulfurovum sp."
"96c040a1946f83bc0f7f5c447ff9d494",5,0,12,0,40,0,0,2,0,0,36,0,4,0,17,0,0,6,0,0,0,0,0,18,0,0,0,30,0,3,13,0,0,8,0,11,0,0,0,"D_0__Bacteria; D_1__Firmicutes; D_2__Clostridia; D_3__Clostridiales"
"0503df1ae366a9962131000cf2a206f2",7,0,0,0,0,0,0,0,0,0,6,0,4,0,7,4,0,4,0,0,0,0,0,7,0,0,0,0,0,0,0,0,0,2,6,9,0,0,0,"D_0__Bacteria; D_1__Planctomycetes; D_2__Phycisphaerae; D_3__MSBL9; D_4__KCLunmb-38-53"
"590e16acbbb970b932a7f2f3c0ee729f",67,3,73,46,19,19,11,13,25,5,21,3,60,59,125,19,5,64,24,0,28,6,31,63,19,17,10,14,24,16,1,0,17,60,52,54,2,18,2,"D_0__Bacteria; D_1__Firmicutes; D_2__Clostridia; D_3__Clostridiales; D_4__Eubacteriaceae; D_5__Alkalibacter; D_6__uncultured bacterium"
"66ec72d793ae0b2e2aa68a20df2bb34c",0,0,0,0,0,0,2,0,0,0,0,0,0,0,0,0,0,0,0,3,0,0,1,0,0,2,0,0,5,0,0,0,0,0,0,0,0,0,0,"D_0__Bacteria; D_1__Bacteroidetes; D_2__Bacteroidia; D_3__Bacteroidales; D_4__Prolixibacteraceae; D_5__uncultured; D_6__uncultured Bacteroidetes bacterium"
"3ad47a4acf1d7a4304a2e7765b014a95",0,0,4,0,0,0,2,0,0,0,0,0,0,0,0,0,0,0,0,0,0,0,2,0,4,0,0,0,0,0,0,0,0,0,0,0,0,0,0,"D_0__Bacteria; D_1__Firmicutes; D_2__Clostridia; D_3__Clostridiales; D_4__Christensenellaceae; D_5__Christensenellaceae R-7 group"
"38f0141255a866e096777accd388c60a",10,0,0,0,0,0,0,0,0,0,0,0,0,0,0,0,0,0,0,0,0,0,0,4,0,0,0,0,0,0,0,0,0,0,0,0,0,0,0,"D_0__Bacteria; D_1__Firmicutes; D_2__Clostridia; D_3__Clostridiales; D_4__Christensenellaceae; D_5__uncultured"
"9977be5953cac8944111f002e54823ce",0,0,2,3,0,2,0,0,0,0,0,0,0,5,0,0,0,3,0,0,0,0,0,0,0,0,0,0,0,0,0,0,0,0,0,0,0,0,0,"D_0__Bacteria; D_1__Planctomycetes; D_2__Phycisphaerae; D_3__Phycisphaerales; D_4__AKAU3564 sediment group"
"e18451459c7d45441580381a0309f07e",0,0,36,0,1,0,0,7,0,0,0,0,0,7,0,0,0,0,15,0,0,0,3,0,0,0,0,0,0,0,0,0,9,2,0,0,0,0,0,"D_0__Bacteria; D_1__Proteobacteria; D_2__Deltaproteobacteria; D_3__Desulfobacterales; D_4__Desulfobacteraceae; D_5__uncultured; D_6__uncultured bacterium"
"049a51d86a97f6a7b0aff5c778232eb3",0,0,3,2,0,0,2,0,1,0,0,0,0,1,0,0,0,0,1,0,0,3,1,0,0,0,0,0,0,1,0,0,0,4,0,0,0,0,0,"D_0__Bacteria; D_1__Chloroflexi; D_2__Anaerolineae; D_3__Anaerolineales; D_4__Anaerolineaceae; D_5__uncultured; D_6__uncultured Chloroflexi bacterium"
"98a1172d2b634a3cb564d4d8653576f4",0,0,0,0,0,0,0,0,1,2,0,0,2,0,5,5,0,3,2,0,3,0,2,7,0,3,0,0,0,0,0,0,3,0,0,3,0,0,0,"D_0__Bacteria; D_1__Firmicutes; D_2__Clostridia; D_3__Clostridiales; D_4__Ruminococcaceae; D_5__Sporobacter"
"ee12c19aeaed9030f09f7a43a656145a",34,2,0,3,94,0,0,0,4,0,128,0,21,4,54,47,0,21,0,0,0,0,0,48,5,0,0,102,0,2,85,0,4,78,20,21,0,0,0,"D_0__Bacteria; D_1__Firmicutes; D_2__Bacilli; D_3__Bacillales; D_4__Bacillaceae; D_5__Anaerobacillus"
"09474a4b78db3e7b5e266699a4a00dcb",0,0,0,0,0,0,0,0,0,0,0,0,0,0,0,14,0,0,0,0,0,0,0,0,0,0,0,0,0,0,0,0,0,0,0,0,0,0,0,"D_0__Bacteria; D_1__Proteobacteria; D_2__Gammaproteobacteria; D_3__Betaproteobacteriales; D_4__Neisseriaceae; D_5__uncultured; D_6__uncultured bacterium"
"1a2b738e3345980d4eb137066712bab1",0,0,0,0,2,0,0,0,0,0,0,0,0,0,0,0,0,0,0,0,0,3,0,0,0,0,0,0,0,3,0,0,0,0,0,0,0,2,0,"D_0__Bacteria; D_1__Chloroflexi; D_2__Anaerolineae; D_3__SBR1031"
"1692b15eb026000fe7a09a3f836dfceb",2,0,10,13,14,0,0,2,0,0,4,0,0,18,0,0,0,0,0,0,0,0,0,0,0,0,0,10,0,0,3,0,0,0,0,0,0,0,0,"D_0__Bacteria; D_1__Actinobacteria; D_2__RBG-16-55-12; D_3__uncultured actinomycete; D_4__uncultured actinomycete; D_5__uncultured actinomycete; D_6__uncultured actinomycete"
"be681cb0a6fcea908100c769407900e2",16,0,13,11,55,64,2,1,3,42,24,0,24,5,20,50,0,14,6,0,3,2,4,19,0,0,0,33,1,0,15,0,3,27,19,18,0,0,0,"D_0__Bacteria; D_1__Calditrichaeota; D_2__Calditrichia; D_3__Calditrichales; D_4__Calditrichaceae; D_5__uncultured organism; D_6__uncultured organism"
"d35ccee2b9217e560e88e5c249ecb98d",0,0,0,0,0,0,0,0,0,20,0,0,0,0,0,0,0,0,1,0,0,0,0,0,0,0,0,0,2,0,0,0,0,0,0,0,0,0,0,"D_0__Bacteria; D_1__Firmicutes; D_2__Clostridia; D_3__Clostridiales; D_4__Family XI; D_5__Sedimentibacter; D_6__Sedimentibacter acidaminivorans"
"7f720b974426f3d9ae7abe522f58c7d9",0,0,0,0,0,0,2,0,4,4,0,0,0,0,2,4,0,0,2,0,0,0,5,0,2,0,2,0,3,0,0,0,2,3,2,8,0,0,0,"D_0__Bacteria; D_1__Bacteroidetes; D_2__Bacteroidia; D_3__Bacteroidales; D_4__Prolixibacteraceae; D_5__Sunxiuqinia"
"de51944f01b1b4f1c1e60a3dcab9f934",0,0,0,0,0,0,0,0,0,0,16,0,0,0,0,0,0,0,0,0,0,0,0,0,0,0,0,0,0,0,6,0,0,3,3,2,0,0,0,"D_0__Bacteria; D_1__Firmicutes; D_2__Clostridia; D_3__Clostridiales; D_4__Peptostreptococcaceae; D_5__Tepidibacter"
"e5e3de367999be06e17d620d493082c4",0,0,4,2,0,0,0,0,3,0,2,0,0,5,0,4,2,0,2,0,0,0,0,0,0,0,0,0,0,0,0,0,2,0,0,0,0,0,0,"D_0__Bacteria; D_1__Atribacteria; D_2__Caldatribacteriia; D_3__Caldatribacteriales; D_4__Caldatribacteriaceae; D_5__Candidatus Caldatribacterium; Ambiguous_taxa"
"523c776e4fef93748fff6e82a0ce1391",0,0,0,0,0,0,3,0,0,0,0,0,0,0,0,0,0,0,0,0,5,0,2,0,0,3,0,0,0,0,0,0,4,0,0,0,0,0,0,"D_0__Bacteria; D_1__Proteobacteria; D_2__Deltaproteobacteria; D_3__Desulfobacterales; D_4__Desulfobacteraceae; D_5__Desulfatitalea"
"ff6a5e0aa3a508c0cae2cdff9df59878",0,0,1,0,0,0,0,0,12,0,2,0,0,0,7,0,0,0,0,0,3,0,0,2,2,3,4,0,6,0,0,0,4,0,2,1,0,0,0,"D_0__Bacteria; D_1__Bacteroidetes; D_2__Bacteroidia; D_3__Bacteroidales; D_4__Prolixibacteraceae; D_5__uncultured; D_6__benzene mineralizing consortium clone SB-1"
"6cc66b1be24a587993d6ce0b80c92f8d",0,0,2,0,0,0,0,0,0,0,0,0,0,0,0,0,2,0,0,0,0,3,0,0,0,0,0,0,0,4,0,0,0,0,0,0,0,2,0,"D_0__Bacteria; D_1__Chloroflexi; D_2__Anaerolineae; D_3__SBR1031"
"173a0f18b046700c62953ae07c6eb0f5",2,0,0,0,2,0,0,0,0,0,3,0,0,0,2,0,0,0,0,0,0,0,0,0,0,0,0,0,0,0,0,0,0,9,3,0,0,0,0,"D_0__Bacteria; D_1__Bacteroidetes; D_2__Bacteroidia; D_3__Bacteroidales; D_4__Prolixibacteraceae; D_5__uncultured"
"5fcd65f82f6073022df333e47c56f0cb",0,0,9,0,0,0,0,2,0,0,0,0,0,0,0,0,0,0,0,0,0,0,0,0,0,0,0,0,0,0,0,0,0,0,0,0,0,0,0,"D_0__Bacteria; D_1__WS4; D_2__uncultured bacterium; D_3__uncultured bacterium; D_4__uncultured bacterium; D_5__uncultured bacterium; D_6__uncultured bacterium"
"4c5a7679272fa74b4c28dc8c39f02789",0,0,0,0,0,0,0,0,0,0,0,0,0,0,0,12,0,0,0,0,0,0,0,0,0,0,0,0,0,0,0,0,0,0,0,0,0,0,0,"D_0__Bacteria; D_1__Firmicutes; D_2__Clostridia; D_3__Thermoanaerobacterales; D_4__SRB2; D_5__iron-reducing bacterium enrichment culture clone HN-HFO75; D_6__iron-reducing bacterium enrichment culture clone HN-HFO75"
"2b256908090ad614d4ae4c66c8458805",37,0,3,0,14,43,0,0,0,37,13,0,0,0,4,78,0,4,0,0,0,0,0,31,0,0,0,5,0,0,8,0,0,12,9,8,0,0,0,"D_0__Bacteria; D_1__Spirochaetes; D_2__Spirochaetia; D_3__Spirochaetales; D_4__Spirochaetaceae; D_5__Spirochaeta 2"
"267001b047fb3fd99fd8aa518f9da52b",12,0,0,4,21,21,3,0,0,22,0,0,8,0,27,0,0,9,5,48,2,0,0,2,4,0,0,3,0,0,0,65,3,2,10,11,0,0,0,"D_0__Bacteria; D_1__Epsilonbacteraeota; D_2__Campylobacteria; D_3__Campylobacterales; D_4__Thiovulaceae; D_5__Sulfurimonas"
"6543fb7002ef3565144ca8248bbdabd0",0,0,0,0,15,0,0,0,0,0,0,0,0,0,4,5,0,0,0,67,0,0,0,2,0,0,0,10,0,0,0,147,0,8,0,0,0,0,0,"D_0__Bacteria; D_1__Proteobacteria; D_2__Gammaproteobacteria; D_3__Alteromonadales; D_4__Marinobacteraceae; D_5__Marinobacter"
"4808e9bc9ae11d2bc942a0095d72fbc0",0,0,0,0,9,0,0,0,0,4,3,0,0,0,0,2,0,0,0,0,0,0,0,0,0,0,0,20,0,0,0,0,0,0,0,0,0,0,0,"D_0__Bacteria; D_1__Proteobacteria; D_2__Gammaproteobacteria; D_3__Pseudomonadales; D_4__Moraxellaceae; D_5__Enhydrobacter"
"e3677ae62a3cc06f8e8befe2dcf8d5e0",0,0,4,0,0,0,67,0,32,3,0,0,5,6,0,1,8,6,22,29,73,2,62,2,33,31,14,0,53,5,0,32,64,2,0,4,0,3,0,"D_0__Bacteria; D_1__Cloacimonetes; D_2__Cloacimonadia; D_3__Cloacimonadales; D_4__Cloacimonadaceae; D_5__Candidatus Cloacimonas; D_6__uncultured bacterium"
"11cd5f3a0866361a6d541131013cb881",3,0,0,0,0,0,0,0,2,0,0,0,0,0,0,0,0,0,0,0,0,0,2,0,0,0,0,0,0,0,2,0,3,0,2,0,0,0,0,"D_0__Bacteria; D_1__Planctomycetes; D_2__Phycisphaerae; D_3__MSBL9; D_4__SG8-4; D_5__uncultured bacterium; D_6__uncultured bacterium"
"117f61164f5492d0dd579e3cdfe875a4",0,0,0,0,0,0,0,0,0,0,0,0,0,0,0,0,7,0,0,0,0,24,0,0,0,0,0,0,0,27,0,0,0,0,0,0,0,20,0,"D_0__Bacteria; D_1__Firmicutes; D_2__Clostridia; D_3__Clostridiales; D_4__Peptococcaceae; D_5__uncultured"
"3af364be8313d51ed3fae07f69a2e3b8",0,0,0,0,0,0,0,0,0,0,0,0,3,0,2,0,0,2,0,0,0,0,0,0,0,0,0,0,0,0,0,0,0,0,1,2,0,0,0,"D_0__Bacteria; D_1__Firmicutes; D_2__Clostridia; D_3__Clostridiales; D_4__Lachnospiraceae; D_5__uncultured; D_6__Lachnospiraceae bacterium S37_09_2"
"23ced4b64e144a359df3bf5f8ad187e0",0,0,0,0,0,0,0,0,0,0,0,0,0,0,0,0,0,0,0,0,0,0,0,22,0,0,0,7,0,0,0,0,0,0,0,0,0,0,0,"D_0__Bacteria; D_1__Bacteroidetes; D_2__Bacteroidia; D_3__Bacteroidales; D_4__Prolixibacteraceae; D_5__uncultured; D_6__benzene mineralizing consortium clone SB-1"
"145491e783b90b9afa9bec6c812d7a50",0,0,14,0,0,0,0,0,4,10,8,0,2,0,0,6,0,0,1,0,1,3,9,0,4,0,0,0,0,0,0,0,4,1,0,11,0,0,0,"D_0__Bacteria; D_1__Firmicutes; D_2__Clostridia; D_3__Clostridiales; D_4__Clostridiaceae 1; D_5__Proteiniclasticum; Ambiguous_taxa"
"e2d790e9314459372ece385638bc9e7f",0,0,0,0,0,0,0,0,0,0,0,0,0,0,0,0,0,0,0,4,0,0,0,0,0,0,0,0,0,0,0,15,0,0,0,0,0,0,0,"D_0__Bacteria; D_1__Bacteroidetes; D_2__Bacteroidia; D_3__Bacteroidetes VC2.1 Bac22; D_4__uncultured Bacteroidetes bacterium; D_5__uncultured Bacteroidetes bacterium; D_6__uncultured Bacteroidetes bacterium"
"2731ad6a7885c09d8d0d6fe5adb3c022",0,0,0,0,0,2,7,0,20,2,0,0,9,0,11,10,0,2,17,0,10,0,21,8,24,6,4,0,10,0,0,0,10,10,10,15,0,0,0,"D_0__Bacteria; D_1__Bacteroidetes; D_2__Bacteroidia; D_3__Bacteroidales; D_4__Prolixibacteraceae; D_5__uncultured"
"aca9d04f03d02815b046b34e635c13f2",2,0,0,0,0,0,2,0,0,0,0,0,2,6,2,0,0,5,0,0,6,0,0,0,0,0,0,0,0,0,0,0,0,10,0,0,0,0,0,"D_0__Bacteria; D_1__Firmicutes; D_2__Clostridia; D_3__Clostridiales; D_4__Clostridiaceae 2; D_5__Anoxynatronum; D_6__uncultured bacterium"
"31a7aab4d132f66bab68ac45ef243145",0,0,3,3,0,0,0,0,2,0,0,0,7,0,5,0,0,4,2,0,0,0,0,0,0,0,0,0,0,0,4,0,0,4,0,0,0,0,0,"D_0__Bacteria; D_1__Proteobacteria; D_2__Deltaproteobacteria; D_3__Desulfuromonadales; D_4__Desulfuromonadaceae"
"cf6e72a58a707ce2fd57e5d839201c13",11,0,0,0,0,2,0,0,0,4,0,0,0,0,3,8,0,0,0,0,0,0,0,11,0,0,0,0,0,0,2,0,0,0,0,0,0,0,0,"D_0__Bacteria; D_1__Firmicutes; D_2__Clostridia; D_3__Clostridiales; D_4__Peptococcaceae"
"a2cb3000e66f4e5b942506b1fcf3ff73",0,0,0,0,0,0,0,0,0,0,3,0,0,0,0,8,0,0,0,0,0,0,0,0,0,0,0,0,0,0,0,0,0,0,0,0,0,0,0,"D_0__Bacteria; D_1__Firmicutes; D_2__Clostridia; D_3__Clostridiales; D_4__Peptococcaceae; D_5__Desulfotomaculum; D_6__Desulfotomaculum intricatum"
"3cbd4bf8e471399d6be0049caf3aba44",0,0,0,0,0,0,0,0,2,0,0,0,6,0,0,0,2,0,0,0,0,0,0,0,0,2,0,0,0,0,0,0,0,3,0,0,0,1,0,"D_0__Bacteria; D_1__Chloroflexi; D_2__Anaerolineae; D_3__SBR1031"
"e4f3ecf1de3d8cfa2af481b4cb9fc9ea",0,0,0,0,0,0,0,0,3,0,0,0,2,0,2,0,0,0,3,0,2,0,0,0,0,0,0,0,0,0,0,0,2,0,0,0,0,0,0,"D_0__Bacteria; D_1__Firmicutes; D_2__Clostridia; D_3__Clostridiales; D_4__Peptococcaceae; D_5__BRH-c8a"
"eeebdf0332e7054affd0730d14ed6488",0,0,0,0,0,0,3,0,0,0,0,0,0,0,0,0,0,3,0,0,0,0,0,0,0,0,0,0,0,0,0,0,2,6,2,2,0,0,0,"D_0__Bacteria; D_1__Bacteroidetes; D_2__Bacteroidia; D_3__Bacteroidales; D_4__Prolixibacteraceae; D_5__uncultured; D_6__benzene mineralizing consortium clone SB-1"
"e8ce8e2161e38288bea19890519dfae7",0,0,0,0,0,6,0,0,0,0,0,0,3,0,8,6,0,2,0,0,0,0,0,0,0,0,0,0,0,0,0,0,0,8,0,0,0,0,0,"D_0__Bacteria; D_1__Chloroflexi; D_2__Anaerolineae; D_3__Anaerolineales; D_4__Anaerolineaceae"
"06f3e840c69a1b10268ecbd4291b7dfc",4,0,0,0,0,0,0,0,0,0,0,0,4,0,6,0,0,2,0,0,0,0,0,0,0,0,0,0,0,0,0,0,2,2,0,2,0,0,0,"D_0__Bacteria; D_1__Latescibacteria; D_2__Latescibacteria; D_3__Latescibacterales; D_4__Latescibacteraceae; D_5__Candidatus Latescibacter; D_6__uncultured bacterium"
"05a040690b67a306dbbdf996b8237211",2,0,0,0,0,8,0,0,0,5,0,0,0,0,0,2,132,3,0,0,0,221,0,3,2,0,2,0,0,22,0,0,0,0,0,2,0,13,0,"D_0__Bacteria; D_1__Proteobacteria; D_2__Deltaproteobacteria; D_3__Syntrophobacterales; D_4__Syntrophaceae; D_5__uncultured"
"fd7121ee50c504be347079143b6916cc",3,0,0,0,0,0,0,0,1,0,2,0,0,0,0,0,0,0,0,0,0,0,0,5,1,0,0,0,0,0,0,0,0,0,0,0,0,0,0,"D_0__Bacteria; D_1__Firmicutes; D_2__Clostridia; D_3__Clostridiales; D_4__Peptococcaceae"
"3668ee3b647a2dc670fd7c6841d3480c",0,0,0,0,0,0,0,0,0,0,0,0,2,0,0,0,0,0,8,0,7,0,2,0,0,0,3,0,4,0,0,0,3,3,0,0,0,0,0,"D_0__Bacteria; D_1__Firmicutes; D_2__Clostridia; D_3__Clostridiales; D_4__Ruminococcaceae"
"4759abc53e4d9e65aa4e84feabe8743c",5,0,0,2,0,0,0,0,0,0,2,0,5,0,0,0,0,6,0,0,0,0,0,0,0,0,0,0,0,0,5,0,0,0,2,5,0,0,0,"D_0__Bacteria; D_1__Bacteroidetes; D_2__Bacteroidia; D_3__Bacteroidales; D_4__Prolixibacteraceae; D_5__uncultured; D_6__benzene mineralizing consortium clone SB-1"
"7ab4cb815b409948311a1d4504aebcfd",2,0,0,2,3,4,0,0,0,9,2,0,0,0,5,3,0,0,0,0,0,0,3,0,0,0,0,0,0,0,0,0,0,4,0,2,0,0,0,"D_0__Bacteria; D_1__Hydrogenedentes; D_2__Hydrogenedentia; D_3__Hydrogenedentiales; D_4__Hydrogenedensaceae; D_5__uncultured bacterium; D_6__uncultured bacterium"
"4e259c97a55cd3ec6f20c92b4ab3c79c",15,1,5,0,0,4,0,0,3,1,0,9,7,0,0,3,0,0,0,0,0,0,0,15,0,0,0,0,0,0,0,0,0,0,5,8,9,0,12,"D_0__Bacteria; D_1__Proteobacteria; D_2__Deltaproteobacteria; D_3__SAR324 clade(Marine group B); D_4__uncultured bacterium zdt-33i5; D_5__uncultured bacterium zdt-33i5; D_6__uncultured bacterium zdt-33i5"
"1fcb3142f97e36f1c61657cc6ade9703",24,0,0,0,0,11,0,0,2,6,0,0,8,0,0,42,0,0,0,0,3,0,0,23,0,0,0,0,3,0,14,0,0,0,5,0,0,0,0,"D_0__Bacteria; D_1__Firmicutes; D_2__Clostridia; D_3__Clostridiales; D_4__Clostridiaceae 1"
"bc4d9d4e45ec7ea342d58a84f7e078ce",10,222,0,0,0,29,0,0,21,26,0,64,4,0,10,23,19,2,0,0,4,19,0,12,10,0,0,3,0,5,0,0,0,9,5,5,85,5,301,"D_0__Bacteria; D_1__Spirochaetes; D_2__Leptospirae; D_3__Leptospirales; D_4__Leptospiraceae; D_5__RBG-16-49-21"
"d447fc20468372d536e07be55b58f1ac",0,0,0,2,0,3,0,0,0,5,0,0,0,0,0,16,0,0,0,0,0,0,0,3,0,0,0,0,0,0,0,0,0,0,5,2,0,0,0,"D_0__Bacteria; D_1__Spirochaetes; D_2__Spirochaetia; D_3__Spirochaetales; D_4__Spirochaetaceae; D_5__Sediminispirochaeta"
"a6cfc9a322b6581c9d278dc36455bfef",0,0,0,2,0,0,3,0,0,0,0,0,0,3,2,0,0,0,4,0,2,0,8,0,0,3,0,0,5,0,0,0,5,3,2,2,0,0,0,"D_0__Bacteria; D_1__Bacteroidetes; D_2__Bacteroidia; D_3__Bacteroidales; D_4__ML635J-40 aquatic group; D_5__uncultured Sphingobacteriia bacterium; D_6__uncultured Sphingobacteriia bacterium"
"c369bc02eb6ceb19c128e534b3d8dd9b",0,0,0,0,0,0,0,0,0,0,26,0,2,0,2,0,0,3,0,0,0,0,2,0,0,0,0,0,0,0,16,0,0,0,0,0,0,0,0,"D_0__Bacteria; D_1__Firmicutes; D_2__Clostridia; D_3__Clostridiales; D_4__Clostridiaceae 4; D_5__Salimesophilobacter; Ambiguous_taxa"
"2509f786e8efe487f19a6aced6fac652",39,0,8,3,20,2,19,0,11,3,38,0,83,3,49,2,0,91,46,2,25,0,27,62,10,13,9,11,20,0,33,0,35,51,33,34,0,0,0,"D_0__Bacteria; D_1__Bacteroidetes; D_2__Bacteroidia; D_3__Bacteroidales; D_4__Prolixibacteraceae; D_5__uncultured"
"aa5cf4547768b21bb301d51dfb1c15a9",0,0,0,0,0,0,0,0,0,0,0,0,4,0,0,5,0,5,0,0,0,0,0,0,0,0,0,0,0,0,0,0,0,0,0,0,0,0,0,"D_0__Bacteria; D_1__Bacteroidetes; D_2__Bacteroidia; D_3__Bacteroidales; D_4__Prolixibacteraceae; D_5__Roseimarinus; D_6__uncultured Cytophagales bacterium"
"9234c5f5bbd51544ce2a042d20f2fe5b",12,0,0,0,0,0,0,0,6,0,0,0,0,0,0,7,0,0,0,0,0,0,0,0,3,0,0,0,0,0,0,0,0,0,0,0,0,0,0,"D_0__Bacteria; D_1__Bacteroidetes; D_2__Bacteroidia; D_3__Bacteroidetes VC2.1 Bac22"
"af2602f1431713e8d51eb3fbb0e5eff6",50,0,7,0,0,0,0,0,0,0,6,0,8,0,0,3,0,3,0,0,0,0,2,57,1,0,0,0,0,0,9,0,0,0,5,0,0,0,0,"D_0__Bacteria; D_1__Firmicutes; D_2__Clostridia; D_3__Clostridiales; D_4__Peptococcaceae; D_5__uncultured"
"e609c9d70e56001ebc504ccc8fd75a2a",20,0,0,0,3,6,0,0,0,4,8,0,0,0,0,0,0,15,0,0,3,0,4,26,0,3,0,2,0,0,19,0,3,7,7,3,0,0,0,"D_0__Bacteria; D_1__Firmicutes; D_2__Clostridia; D_3__Clostridiales; D_4__Family XI; D_5__Sedimentibacter; D_6__uncultured bacterium"
"fd929e308fdbc7a32bfc86f837ea545c",0,0,0,0,30,2,0,0,0,2,8,0,0,0,0,0,0,0,0,0,0,0,0,0,0,0,0,13,0,0,0,0,0,0,0,0,0,0,0,"D_0__Bacteria; D_1__Proteobacteria; D_2__Gammaproteobacteria; D_3__Pseudomonadales; D_4__Moraxellaceae; D_5__Psychrobacter"
"4f3adaff3a9b5c3a40d0f363556a807d",0,0,0,0,0,0,0,0,0,4,4,0,0,0,3,0,0,0,0,0,0,0,0,0,0,0,0,0,0,2,6,0,0,3,3,4,0,3,0,"D_0__Bacteria; D_1__Firmicutes; D_2__Clostridia; D_3__Clostridiales; D_4__Clostridiaceae 3; D_5__Clostridiisalibacter"
"6b3a2e7a7af14f41e88dfff13ad11503",0,0,0,0,0,0,0,0,4,0,0,0,0,0,0,0,0,0,5,8,3,0,3,0,0,0,0,0,3,0,0,11,2,0,0,0,0,0,0,"D_0__Bacteria; D_1__Atribacteria; D_2__JS1; D_3__uncultured organism; D_4__uncultured organism; D_5__uncultured organism; D_6__uncultured organism"
"e697873686b97a9c2869c2f1f1f9984e",0,0,0,3,8,0,0,0,0,0,0,0,3,0,0,0,0,0,0,0,0,0,0,5,0,0,0,4,0,0,5,0,2,4,0,4,0,0,0,"D_0__Bacteria; D_1__BRC1"
"0f9db52654deac948a21d3b9f69d2064",0,2,0,0,0,0,0,0,4,0,0,0,0,0,0,0,2,6,0,0,0,2,4,0,2,0,0,0,0,2,0,0,2,0,0,0,0,0,0,"D_0__Bacteria; D_1__Kiritimatiellaeota; D_2__Kiritimatiellae; D_3__WCHB1-41"
"cf03297d76864fb6531978254e010e86",32,4,128,67,0,38,108,36,64,35,7,9,51,92,23,43,573,42,182,100,161,752,144,30,21,23,31,0,82,1122,6,131,161,0,17,7,12,892,10,"D_0__Bacteria; D_1__Thermotogae; D_2__Thermotogae; D_3__Kosmotogales; D_4__Kosmotogaceae; D_5__Mesotoga; Ambiguous_taxa"
"b86509d660f47417d6a40265a2441eb9",6,0,173,34,0,9,67,61,71,8,0,0,8,53,6,0,7,7,70,39,72,8,56,23,61,32,22,0,45,30,0,78,66,23,8,2,2,24,2,"D_0__Bacteria; D_1__Chloroflexi; D_2__Anaerolineae; D_3__Anaerolineales; D_4__Anaerolineaceae; D_5__Pelolinea; Ambiguous_taxa"
"8d05b5cc69c41cdf7919e4b9799f5b83",0,0,3,0,0,5,0,0,3,0,0,2,2,4,0,0,0,5,1,0,2,0,0,0,0,0,0,0,0,12,0,2,0,0,0,0,0,3,0,"D_0__Bacteria; D_1__Synergistetes; D_2__Synergistia; D_3__Synergistales; D_4__Synergistaceae; D_5__Thermovirga"
"5fbeff79ea0c1e9881daa8bd7f4c6edc",8,0,0,0,0,0,0,0,0,0,0,0,0,0,0,0,0,0,0,0,0,0,0,14,0,0,0,0,0,0,0,0,0,0,0,0,0,0,0,"D_0__Bacteria; D_1__Firmicutes; D_2__Clostridia; D_3__Clostridiales; D_4__Peptococcaceae; D_5__uncultured; D_6__uncultured bacterium"
"d97bcd1a95a9f33efef87938584f94ea",0,0,28,5,0,0,0,8,0,0,0,0,0,6,0,0,0,0,0,0,0,0,0,0,0,0,0,0,0,0,0,0,0,0,0,0,0,0,0,"D_0__Bacteria; D_1__Hydrogenedentes; D_2__Hydrogenedentia; D_3__Hydrogenedentiales; D_4__Hydrogenedensaceae; D_5__uncultured bacterium; D_6__uncultured bacterium"
"a775f1c597e32c68f7a7fbf9c72878c3",0,0,0,0,0,0,0,0,2,0,0,0,0,0,23,0,0,0,0,2,0,0,0,0,0,0,0,0,0,0,0,0,0,0,0,0,0,0,0,"D_0__Bacteria; D_1__Proteobacteria; D_2__Gammaproteobacteria; D_3__Nitrosococcales; D_4__Methylophagaceae; D_5__Methylophaga"
"4520d86535bab5593d22c9d86254e994",2,0,0,0,0,0,2,0,0,0,0,0,17,0,15,0,0,8,3,0,0,0,0,0,0,0,0,3,0,0,4,0,0,11,20,22,0,0,0,"D_0__Bacteria; D_1__Firmicutes; D_2__Clostridia; D_3__Clostridiales; D_4__Lachnospiraceae; D_5__Mobilitalea"
"f7f5d1ad0b6734768b873f0b6c9596eb",0,0,0,0,0,0,0,0,0,0,0,0,0,0,0,0,0,1,0,0,0,0,0,9,0,0,0,0,0,0,0,0,0,0,3,0,0,0,0,"D_0__Bacteria; D_1__Planctomycetes; D_2__Phycisphaerae; D_3__MSBL9; D_4__4572-13; D_5__uncultured bacterium; D_6__uncultured bacterium"
"f6b96e0377696ad44f86371ae7293c5a",1,0,2,0,11,4,2,3,0,0,4,0,5,3,9,2,2,3,4,0,2,2,3,6,6,3,0,3,5,0,6,0,4,8,0,3,0,0,0,"D_0__Bacteria; D_1__Proteobacteria; D_2__Deltaproteobacteria; D_3__Oligoflexales; D_4__053A03-B-DI-P58; D_5__uncultured bacterium; D_6__uncultured bacterium"
"2156e8cbc72fb53740e209a2afca8aed",0,0,0,0,3,0,0,0,0,0,0,0,3,0,0,0,0,0,1,0,5,0,0,0,2,0,0,0,0,0,5,0,0,4,0,2,0,0,0,"D_0__Bacteria; D_1__Firmicutes; D_2__Clostridia; D_3__Clostridiales; D_4__Clostridiaceae 4; D_5__Salimesophilobacter"
"4799d07875820f1761456c8c9add9ea9",0,0,0,0,0,0,0,0,2,0,0,0,0,0,3,4,0,0,0,0,0,0,0,0,0,0,0,0,0,0,0,0,0,0,0,0,0,2,0,"D_0__Bacteria; D_1__Actinobacteria; D_2__WCHB1-81; D_3__uncultured bacterium; D_4__uncultured bacterium; D_5__uncultured bacterium; D_6__uncultured bacterium"
"4925b89113a5895732bdd4c09e56d98f",0,0,0,0,3,4,0,0,0,0,0,0,0,0,0,0,0,0,3,0,3,0,2,1,0,0,0,0,0,0,0,0,0,0,0,0,0,0,0,"D_0__Bacteria; D_1__Firmicutes; D_2__Clostridia; D_3__Clostridiales; D_4__Eubacteriaceae; D_5__Garciella; D_6__Irregularibacter muris"
"e804f7544616c3fd4a7e07360b169734",14,0,0,0,3,0,0,0,0,0,0,4,0,0,0,0,0,5,0,0,0,0,0,14,0,0,0,0,0,10,0,0,0,0,0,0,3,1,0,"D_0__Bacteria; D_1__Firmicutes; D_2__Clostridia; D_3__Clostridiales; D_4__Peptococcaceae; D_5__uncultured; D_6__uncultured bacterium"
"04b30313b0a89ad8b00200be9e605938",15,0,0,3,0,0,0,0,2,0,10,0,24,4,6,0,0,22,2,0,0,0,0,8,0,0,0,0,0,0,9,0,0,6,0,4,0,0,0,"D_0__Bacteria; D_1__Firmicutes; D_2__Clostridia; D_3__Clostridiales; D_4__Christensenellaceae; D_5__uncultured"
"f20e306c78cbc5efbd7aa838ffaffab5",0,0,0,0,0,0,0,0,0,0,0,0,0,0,0,0,20,0,0,0,0,32,0,0,0,0,0,0,0,0,0,0,0,0,0,0,0,0,0,"D_0__Bacteria; D_1__Chloroflexi; D_2__Anaerolineae; D_3__Anaerolineales; D_4__Anaerolineaceae; D_5__Pelolinea; Ambiguous_taxa"
"9044b849ef5c3bfa4ec36fc17fc16412",16,0,3,0,73,3,0,0,0,6,120,0,13,0,13,0,0,0,0,0,0,0,0,9,0,0,0,18,0,4,101,0,0,14,11,9,0,2,0,"D_0__Bacteria; D_1__Firmicutes; D_2__Clostridia; D_3__Clostridiales"
"966d04e3cee5a285d94f94c3c86a5e16",4,0,11,5,0,6,26,0,23,0,0,0,0,4,0,0,8,2,29,9,23,4,26,2,33,11,8,0,18,8,0,14,34,0,0,4,0,8,2,"D_0__Bacteria; D_1__Chloroflexi; D_2__Anaerolineae; D_3__Anaerolineales; D_4__Anaerolineaceae; D_5__ADurb.Bin120; D_6__uncultured Anaerolineaceae bacterium"
"9722d7d16a709e52dfce0c643d4c41e5",0,0,0,0,0,6,0,0,0,0,0,0,0,0,0,0,2,0,0,0,0,1,0,0,0,0,0,0,0,0,11,0,0,0,0,0,0,0,0,"D_0__Bacteria; D_1__Acidobacteria; D_2__Subgroup 21; D_3__uncultured organism; D_4__uncultured organism; D_5__uncultured organism; D_6__uncultured organism"
"ac60573553bf33d212aa0fc06f405848",0,0,0,0,0,0,0,0,0,0,0,0,0,0,0,0,0,3,0,2,2,0,0,0,4,2,0,0,0,0,0,0,0,0,0,2,0,0,0,"D_0__Bacteria; D_1__Chloroflexi; D_2__Anaerolineae; D_3__Anaerolineales; D_4__Anaerolineaceae; D_5__ADurb.Bin120; D_6__uncultured bacterium"
"2440aa5de535081a20339af7d7c5271e",2,0,0,0,0,0,3,0,0,0,0,0,2,0,0,0,0,0,3,0,6,0,3,0,3,6,0,0,3,0,0,0,4,2,0,0,0,0,0,"D_0__Bacteria; D_1__Bacteroidetes; D_2__Bacteroidia; D_3__Bacteroidales; D_4__Prolixibacteraceae; D_5__uncultured; D_6__uncultured bacterium"
"eaa49f63ba098261520bb42dde240cee",0,0,0,0,10,0,2,0,0,0,0,0,0,0,0,0,0,0,0,0,0,0,0,0,0,0,0,0,0,0,0,0,2,0,2,0,0,0,0,"D_0__Bacteria; D_1__Firmicutes; D_2__Erysipelotrichia; D_3__Erysipelotrichales; D_4__Erysipelotrichaceae; D_5__Turicibacter"
"ef1bcbc93adc49d521ff48aeb023c403",2,0,2,0,0,0,7,3,7,0,0,0,0,0,0,0,4,0,7,4,13,3,9,0,2,1,0,0,3,2,0,7,3,0,0,0,0,3,0,"D_0__Bacteria; D_1__Atribacteria; D_2__JS1; D_3__uncultured organism; D_4__uncultured organism; D_5__uncultured organism; D_6__uncultured organism"
"2de87b56e70ef974301877903e3cb9c8",0,0,0,0,0,0,0,0,0,0,0,0,3,0,8,19,0,7,0,0,0,0,0,0,0,0,0,0,0,0,0,0,0,0,0,0,0,0,0,"D_0__Bacteria; D_1__Firmicutes; D_2__Clostridia; D_3__Thermoanaerobacterales; D_4__SRB2"
"edab4acd9ea0d6507fdcf71edd76c45b",5,0,0,0,0,0,0,0,0,2,2,0,0,0,2,4,0,0,6,0,2,0,3,4,0,0,0,0,0,0,0,0,3,2,0,0,0,0,0,"D_0__Bacteria; D_1__Planctomycetes; D_2__Phycisphaerae; D_3__MSBL9; D_4__SG8-4; D_5__uncultured bacterium; D_6__uncultured bacterium"
"694cc9f60733926f4e846593f4e954f0",0,0,0,0,0,0,0,0,0,0,0,0,0,0,0,0,0,0,0,0,0,0,0,0,0,0,0,0,0,0,0,0,0,13,0,0,0,0,0,"D_0__Bacteria; D_1__Firmicutes; D_2__Clostridia; D_3__Thermoanaerobacterales; D_4__SRB2"
"339bf2eee2ddbcb7483c624a42352e54",2,0,0,0,0,2,0,0,2,0,0,0,0,0,2,0,0,3,4,0,3,0,5,0,4,3,2,0,3,0,0,0,2,2,0,0,0,0,0,"D_0__Bacteria; D_1__Bacteroidetes; D_2__Bacteroidia; D_3__Bacteroidales; D_4__Bacteroidetes BD2-2"
"f046008d2843c603b0ab7e44d87e83db",0,0,0,0,0,0,0,0,0,0,4,0,1,0,0,5,0,0,0,0,0,0,0,9,0,0,0,0,0,0,0,0,0,0,0,0,0,0,0,"D_0__Bacteria; D_1__Firmicutes; D_2__Clostridia; D_3__Clostridiales; D_4__Peptococcaceae; D_5__uncultured; D_6__uncultured bacterium"
"dac2aea3ea91371a4a235b7c60986c4c",0,0,0,0,0,2,0,0,3,1,0,0,2,0,0,1,0,0,0,1,0,0,1,0,0,5,0,0,0,0,0,0,0,0,0,0,0,0,0,"D_0__Bacteria; D_1__Bacteroidetes; D_2__Bacteroidia; D_3__Bacteroidales; D_4__Marinilabiliaceae; D_5__uncultured; D_6__bacterium YC-ZSS-LKJ7"
"5651301cee82dcdf0c08fb5a4236a4d2",0,0,0,0,0,0,0,0,0,0,0,0,0,0,0,15,0,0,0,0,0,0,0,0,0,0,0,0,0,0,0,0,0,0,0,0,0,0,0,"D_0__Bacteria; D_1__Bacteroidetes; D_2__Bacteroidia; D_3__Bacteroidales; D_4__Marinilabiliaceae; D_5__Alkaliflexus; D_6__uncultured Mangroviflexus sp."
"d96d2a0f8b6383229f8a4dd7836dbfe0",3,0,4,0,2,0,0,2,0,0,0,0,0,0,0,0,0,0,0,0,0,0,0,0,0,2,0,3,0,0,0,2,2,0,0,0,0,0,0,"D_0__Bacteria; D_1__Planctomycetes; D_2__Phycisphaerae; D_3__MSBL9; D_4__SG8-4; D_5__bacterium enrichment culture clone AOM-SR-B13; D_6__bacterium enrichment culture clone AOM-SR-B13"
"cecb2e331cce6a3dbd9606af587b6c9b",6,0,0,0,0,0,0,0,0,0,0,0,0,0,0,0,0,0,0,0,0,0,0,4,0,0,0,0,0,0,0,0,0,0,0,0,0,0,0,"D_0__Bacteria; D_1__Firmicutes; D_2__Bacilli; D_3__Bacillales; D_4__Planococcaceae; D_5__Rummeliibacillus; Ambiguous_taxa"
"becbe96d05fc01c37d5ee584fbb889b6",9,0,12,5,5,22,117,7,52,50,7,0,90,0,110,30,0,97,137,7,163,0,173,26,58,115,49,10,160,0,2,3,167,142,83,116,0,0,0,"D_0__Bacteria; D_1__Proteobacteria; D_2__Deltaproteobacteria; D_3__Desulfobacterales; D_4__Desulfobulbaceae; D_5__[Desulfobacterium] catecholicum group"
"345834840a18cd79c371b45782f935e1",10,0,0,0,0,0,0,0,0,0,0,0,2,0,4,0,0,2,0,0,0,0,3,7,0,0,0,0,0,0,0,0,0,3,3,0,0,0,0,"D_0__Bacteria; D_1__Lentisphaerae; D_2__Oligosphaeria; D_3__Oligosphaerales; D_4__Lenti-02; D_5__uncultured Lentisphaerae bacterium; D_6__uncultured Lentisphaerae bacterium"
"a170faaf5d1933f6de5ad87d835ca2c6",4,0,0,0,6,0,0,0,0,0,2,0,4,0,1,3,0,0,0,0,0,0,0,0,0,0,0,11,0,0,0,0,0,2,7,4,0,0,0,"D_0__Bacteria; D_1__Firmicutes; D_2__Clostridia; D_3__Clostridiales; D_4__Ruminococcaceae; D_5__Sporobacter"
"f12b74573a304734482c7f8d9703ab91",2,0,0,0,0,0,0,0,0,0,0,0,0,0,0,5,0,0,0,0,0,0,0,3,0,0,0,0,0,0,0,0,0,0,0,0,0,0,0,"D_0__Bacteria; D_1__Firmicutes; D_2__Clostridia; D_3__Clostridiales; D_4__Ruminococcaceae"
"3ed145a6a90b6e7fc467afa281cb76be",1,0,4,0,0,6,41,0,37,4,0,0,6,4,3,5,0,0,47,5,65,2,63,6,22,42,21,3,47,0,0,8,53,2,2,0,0,0,0,"D_0__Bacteria; D_1__Bacteroidetes; D_2__Bacteroidia; D_3__Bacteroidales; D_4__Prolixibacteraceae; D_5__uncultured"
"6049e793247429ac139376739263063f",5,0,5,0,0,10,31,0,16,5,0,0,14,0,6,0,0,9,36,11,33,0,64,7,13,32,18,0,47,0,0,14,52,10,22,36,0,0,0,"D_0__Bacteria; D_1__Bacteroidetes; D_2__Bacteroidia; D_3__Bacteroidales; D_4__Prolixibacteraceae; D_5__uncultured"
"7ab4dca0805f805ea3b905ef0b2940eb",0,2,1,1,0,5,6,0,7,2,0,0,0,6,0,0,0,0,11,0,6,0,14,0,4,2,4,3,1,1,0,0,2,0,0,0,0,0,0,"D_0__Bacteria; D_1__Firmicutes; D_2__Clostridia; D_3__Clostridiales; D_4__Eubacteriaceae; D_5__Alkalibacter; Ambiguous_taxa"
"299646b062bb37b7189dfb83f19f08ea",0,0,0,0,0,3,0,0,0,0,0,0,0,0,0,5,0,0,3,0,0,0,3,0,0,0,0,0,2,0,4,0,3,0,0,0,0,0,0,"D_0__Bacteria; D_1__Firmicutes; D_2__Clostridia; D_3__Clostridiales; D_4__Peptococcaceae; D_5__Dehalobacterium; D_6__uncultured bacterium"
"039cdf3ba8269ee25cf4671a411d9cb5",0,0,0,0,0,0,0,0,0,0,0,0,0,0,0,24,0,0,0,0,0,0,0,0,0,0,0,0,0,0,0,0,1,0,0,0,0,0,0,"D_0__Bacteria; D_1__Epsilonbacteraeota; D_2__Campylobacteria; D_3__Campylobacterales; D_4__Thiovulaceae; D_5__Sulfurimonas"
"f331e2a749b4011666864e7012d63df4",0,0,12,5,0,0,0,0,2,0,0,0,2,22,0,0,0,0,2,0,0,0,2,0,4,0,0,0,0,0,0,0,0,0,0,0,0,0,0,"D_0__Bacteria; D_1__Chloroflexi; D_2__Anaerolineae; D_3__Anaerolineales; D_4__Anaerolineaceae; D_5__Levilinea; D_6__uncultured bacterium"
"42cbfd3bb83fd324b979d44547a119f5",5,0,0,0,9,5,0,0,0,2,0,0,0,0,2,7,0,0,0,0,0,0,0,4,0,0,0,8,0,0,1,0,0,7,0,0,0,0,0,"D_0__Bacteria; D_1__Firmicutes; D_2__Bacilli; D_3__Lactobacillales; D_4__Streptococcaceae; D_5__Streptococcus; D_6__Streptococcus salivarius subsp. thermophilus"
"6a97f49a360ccd225af70bb257fb6edd",2,2,3,0,5,16,44,4,31,9,0,0,4,2,2,8,11,3,60,32,85,6,97,0,35,48,30,0,46,3,0,30,62,7,0,3,0,10,0,"D_0__Bacteria; D_1__Firmicutes; D_2__Clostridia; D_3__Clostridiales; D_4__Clostridiales Incertae Sedis; D_5__Dethiosulfatibacter; D_6__uncultured organism"
"f38096606aefffa9b016ca203fcbf903",3,0,0,0,3,0,0,0,0,0,0,0,0,0,0,0,0,0,0,0,0,0,0,0,0,0,0,3,0,0,3,0,0,0,1,0,0,0,0,"D_0__Bacteria; D_1__Firmicutes; D_2__Clostridia; D_3__Clostridiales; D_4__Lachnospiraceae; D_5__Vallitalea; D_6__uncultured bacterium"
"85067edf364a620f494f787af9491fe7",0,0,0,0,0,0,0,0,0,0,0,0,0,0,0,0,0,0,5,0,3,0,5,0,4,0,0,0,4,0,0,0,0,2,3,0,0,0,0,"D_0__Bacteria; D_1__Firmicutes; D_2__Clostridia; D_3__Clostridiales; D_4__Ruminococcaceae"
"838899786ac6d2ce250d199f1e8adc04",0,0,0,0,0,0,0,0,2,0,0,0,0,0,0,0,0,0,0,0,2,0,0,0,0,0,0,0,2,0,0,0,4,0,0,0,0,2,0,"D_0__Bacteria; D_1__Chloroflexi; D_2__Anaerolineae; D_3__Anaerolineales; D_4__Anaerolineaceae; D_5__uncultured; D_6__uncultured Chloroflexi bacterium"
"e981353a6877f43a0e389145cd8a94c4",0,0,0,0,10,7,0,0,0,0,16,0,33,0,0,0,0,25,0,0,0,0,0,0,0,0,0,0,0,0,16,0,0,4,20,35,0,0,0,"D_0__Bacteria; D_1__Planctomycetes; D_2__Phycisphaerae; D_3__MSBL9"
"ee313f66038090e6eac9fcbcf59af471",19,0,7,0,0,0,0,6,2,0,0,0,5,2,2,0,0,3,0,0,2,0,0,9,0,0,0,0,0,0,0,0,3,10,12,5,0,0,0,"D_0__Bacteria; D_1__Planctomycetes; D_2__Phycisphaerae; D_3__Phycisphaerales; D_4__AKAU3564 sediment group; D_5__uncultured bacterium; D_6__uncultured bacterium"
"8206921ee77f73748c72a48a578226ea",0,0,21,2,0,0,5,5,3,0,0,0,3,2,4,0,0,3,7,13,6,0,3,0,0,4,0,0,3,0,0,30,8,8,0,0,0,0,0,"D_0__Bacteria; D_1__TA06; D_2__uncultured bacterium; D_3__uncultured bacterium; D_4__uncultured bacterium; D_5__uncultured bacterium; D_6__uncultured bacterium"
"da9f6351f39aed1d36883195a6f70fc7",0,0,0,0,0,1,3,0,0,0,0,0,0,0,0,0,2,0,2,0,0,0,0,0,0,2,0,0,0,0,0,0,0,0,0,0,0,0,0,"D_0__Bacteria; D_1__Actinobacteria; D_2__WCHB1-81; D_3__uncultured bacterium; D_4__uncultured bacterium; D_5__uncultured bacterium; D_6__uncultured bacterium"
"26132efcb9802e9fae7137063417d5d5",0,0,0,2,0,7,0,0,0,1,1,0,0,0,0,11,0,3,2,0,0,0,0,0,0,2,0,0,1,0,2,0,0,0,0,0,0,0,0,"D_0__Bacteria; D_1__Halanaerobiaeota; D_2__Halanaerobiia; D_3__Halanaerobiales; D_4__Halobacteroidaceae; D_5__uncultured"
"5e2c46f1af64bc2b6bbbc4884b6aca63",0,0,0,0,0,4,0,0,0,0,0,0,0,0,0,15,0,0,0,0,0,0,0,0,0,0,0,0,0,0,0,0,0,0,0,0,0,0,0,"D_0__Bacteria; D_1__Firmicutes; D_2__Bacilli; D_3__Bacillales; D_4__Bacillaceae"
"e3a929e4f4e8c3ddd07a34ce9b25772d",0,0,3,0,0,0,0,3,0,2,0,0,0,0,2,0,3,0,0,0,0,2,0,0,0,0,0,0,0,0,0,0,0,0,0,0,0,2,0,"D_0__Bacteria; D_1__Proteobacteria; D_2__Deltaproteobacteria; D_3__SAR324 clade(Marine group B); D_4__uncultured bacterium zdt-33i5; D_5__uncultured bacterium zdt-33i5; D_6__uncultured bacterium zdt-33i5"
"d2a659f16ad33eb3f803de3c9f1b041f",0,0,0,0,4,0,0,0,0,0,0,0,0,0,0,0,0,3,0,0,0,0,0,2,0,0,0,0,0,0,0,0,0,13,0,0,0,0,0,"D_0__Bacteria; D_1__Firmicutes; D_2__Clostridia; D_3__Clostridiales; D_4__Clostridiaceae 4; D_5__Salimesophilobacter; D_6__Salimesophilobacter vulgaris"
"7340d91b1f19800eac0a8b015d85914a",0,0,11,0,0,0,0,0,40,0,0,0,1,3,1,0,3,1,10,7,5,14,0,0,0,25,7,0,32,16,0,8,31,0,3,4,2,10,0,"D_0__Bacteria; D_1__Synergistetes; D_2__Synergistia; D_3__Synergistales; D_4__Synergistaceae; D_5__Thermovirga; D_6__uncultured Synergistaceae bacterium"
"76b2d3fbc26f1ae516e606ba2bf88bbd",0,0,0,0,0,0,0,0,0,0,0,0,3,0,0,0,0,0,7,0,8,0,8,0,0,4,0,0,6,0,0,0,6,0,0,0,0,0,0,"D_0__Bacteria; D_1__Bacteroidetes; D_2__Bacteroidia; D_3__Bacteroidales; D_4__Dysgonomonadaceae; D_5__Proteiniphilum"
"5dead17b6ee8aa714356489ce6cfca94",0,0,0,0,0,13,0,0,0,0,0,0,0,0,0,7,0,0,0,0,0,0,0,1,0,0,0,0,0,0,0,0,0,0,0,0,0,0,0,"D_0__Bacteria; D_1__Bacteroidetes; D_2__Bacteroidia; D_3__Bacteroidales; D_4__Marinilabiliaceae; D_5__uncultured"
"4322e89c000f3ab8e39c1e0909c9f73e",0,0,0,0,0,0,0,0,0,0,0,0,0,0,0,0,0,0,4,19,0,0,0,0,0,2,2,0,0,0,0,19,8,0,0,0,0,0,0,"D_0__Bacteria; D_1__Bacteroidetes; D_2__Bacteroidia; D_3__Bacteroidetes VC2.1 Bac22; D_4__uncultured Bacteroidetes bacterium; D_5__uncultured Bacteroidetes bacterium; D_6__uncultured Bacteroidetes bacterium"
"303eb119d9025e9a72558a36d303e738",3,0,5,0,0,0,0,0,0,0,0,0,4,0,2,0,0,8,2,0,0,0,0,10,0,0,0,0,0,0,0,0,0,0,2,0,0,0,0,"D_0__Bacteria; D_1__Firmicutes; D_2__Clostridia; D_3__Clostridiales; D_4__Christensenellaceae; D_5__uncultured"
"6c98e2675158df8e2aa35d5ef3d9720d",0,0,0,0,0,0,0,0,0,0,0,0,0,0,0,0,0,0,2,1105,3,0,0,0,0,0,0,0,0,0,0,1756,0,2,0,0,0,0,0,"D_0__Bacteria; D_1__Epsilonbacteraeota; D_2__Campylobacteria; D_3__Campylobacterales; D_4__Sulfurovaceae; D_5__Sulfurovum"
"624fc33901219e1c19a7e0cba03b0c34",0,0,0,0,0,0,0,0,0,0,0,0,0,0,0,34,0,0,0,0,0,0,2,0,0,0,0,0,0,0,0,0,3,0,0,0,0,0,0,"D_0__Bacteria; D_1__Firmicutes; D_2__Clostridia; D_3__Thermoanaerobacterales; D_4__SRB2; D_5__iron-reducing bacterium enrichment culture clone HN-HFO75; D_6__iron-reducing bacterium enrichment culture clone HN-HFO75"
"e7cf8fc5f67a142a4b7ba7af660c80ec",12,0,0,0,0,0,0,0,0,0,0,0,0,0,0,4,0,0,0,0,0,0,0,2,0,0,0,0,0,0,0,0,0,0,0,0,0,0,0,"D_0__Bacteria; D_1__Firmicutes; D_2__Clostridia; D_3__Clostridiales; D_4__Peptococcaceae; D_5__uncultured; D_6__uncultured bacterium"
"5377eca60ef43638df2a70a3bf51934d",0,0,0,0,0,0,4,0,3,0,0,0,0,0,0,0,0,0,10,0,0,0,10,0,0,5,0,0,6,0,0,0,5,0,0,0,0,0,0,"D_0__Bacteria; D_1__Bacteroidetes; D_2__Bacteroidia; D_3__Bacteroidales; D_4__Prolixibacteraceae; D_5__uncultured"
"73f07abcd07f70d732257e8acbe27ec5",3,0,2,0,5,14,0,0,0,5,0,0,0,0,0,5,0,2,0,0,0,0,0,0,0,0,0,0,0,0,0,0,0,0,2,0,0,0,0,"D_0__Bacteria; D_1__Actinobacteria; D_2__Thermoleophilia; D_3__Gaiellales; D_4__uncultured; D_5__uncultured soil bacterium; D_6__uncultured soil bacterium"
"a6a40364bd4f34339061a2933be93b44",0,0,0,0,0,0,0,0,0,0,0,0,0,0,0,0,2,3,0,0,0,0,0,0,0,0,0,0,0,0,0,0,0,3,0,0,0,2,0,"D_0__Bacteria; D_1__Chloroflexi; D_2__Anaerolineae"
"0cf6ae86e5855af4df0a96262b03a39a",0,0,0,2,0,6,0,0,0,0,0,0,0,5,13,0,0,0,0,0,0,0,0,0,0,0,0,0,0,0,0,0,0,6,3,3,0,0,0,"D_0__Bacteria; D_1__Firmicutes; D_2__Clostridia; D_3__Clostridiales; D_4__Christensenellaceae; D_5__uncultured"
"396f7aaa98d92e413b51299a731e7441",0,0,0,0,0,0,0,0,0,0,6,0,0,0,3,0,0,0,0,0,0,0,0,0,0,0,0,0,0,0,0,0,0,2,0,0,0,0,0,"D_0__Bacteria; D_1__Firmicutes; D_2__Clostridia; D_3__Clostridiales; D_4__Clostridiaceae 2; D_5__Alkaliphilus; Ambiguous_taxa"
"1491539c1fdc330ea19b7f234daf332a",3,0,0,0,0,0,0,0,0,0,0,0,0,0,0,0,0,1,0,0,0,0,0,3,0,0,0,0,0,0,3,0,0,0,0,1,0,4,0,"D_0__Bacteria; D_1__Firmicutes; D_2__Clostridia; D_3__Clostridiales; D_4__Peptococcaceae; D_5__uncultured; D_6__uncultured bacterium"
"6a3409952583cf52dc75fffd9d636b1b",13,0,4,3,4,0,27,0,12,5,9,0,26,5,31,5,0,25,46,20,39,0,39,26,9,13,2,0,25,0,4,20,40,25,8,16,0,0,0,"D_0__Bacteria; D_1__Bacteroidetes; D_2__Bacteroidia; D_3__Bacteroidales; D_4__ML635J-40 aquatic group; D_5__uncultured bacterium; D_6__uncultured bacterium"
"5dd7608c001f8a4caf58f4cb079528f8",133,0,0,0,0,28,114,0,55,19,35,0,91,0,96,53,0,73,120,2,104,0,149,161,35,70,44,10,103,0,34,0,107,136,44,91,0,0,0,"D_0__Bacteria; D_1__Bacteroidetes; D_2__Bacteroidia; D_3__Bacteroidales; D_4__Prolixibacteraceae; D_5__uncultured; D_6__benzene mineralizing consortium clone SB-1"
"a3f5a84e46e086858f5fec5998336dc1",0,0,0,0,0,6,0,0,0,0,0,0,0,0,0,2,2,0,0,0,4,4,0,0,2,0,0,0,3,3,0,2,2,0,0,0,0,0,0,"D_0__Bacteria; D_1__Synergistetes; D_2__Synergistia; D_3__Synergistales; D_4__Synergistaceae; D_5__Thermovirga; Ambiguous_taxa"
"96903664c9eb8b0fd2878fd1084fb01c",0,0,0,0,0,2,0,0,0,18,0,0,0,0,0,0,0,0,0,0,0,0,0,0,0,0,0,0,0,0,0,0,0,0,0,0,0,0,0,"D_0__Bacteria; D_1__Firmicutes; D_2__Clostridia; D_3__Thermoanaerobacterales; D_4__SRB2; D_5__iron-reducing bacterium enrichment culture clone HN-HFO75; D_6__iron-reducing bacterium enrichment culture clone HN-HFO75"
"9221c6867597a08bf28ca75bbe1d5f65",2,0,0,0,0,0,0,0,0,0,0,0,2,0,0,0,0,2,0,0,0,0,0,0,0,0,0,0,2,0,0,0,2,0,0,0,0,0,0,"D_0__Bacteria; D_1__Firmicutes; D_2__Clostridia; D_3__Clostridiales; D_4__Ruminococcaceae; D_5__Ruminiclostridium 9; D_6__bacterium enrichment culture clone M244"
"eebb1b310b0e9ceddb5fa2b5df8af662",8,0,0,0,3,2,0,0,0,2,0,0,7,0,8,0,0,6,0,0,0,0,0,3,0,0,0,0,0,0,0,0,0,0,0,11,0,0,0,"D_0__Bacteria; D_1__Planctomycetes"
"b5ea0f2f826657095c068450a3d12930",0,0,2,0,0,0,0,0,0,0,0,0,0,0,0,60,0,2,0,0,2,0,0,0,0,0,0,0,0,0,4,0,0,0,0,0,0,0,0,"D_0__Bacteria; D_1__Firmicutes; D_2__Clostridia; D_3__Thermoanaerobacterales; D_4__SRB2"
"00bf0a0b0c121cb8df28652b4afb51be",0,0,0,0,0,0,0,0,0,0,7,0,0,0,0,0,0,2,0,0,0,0,0,0,0,0,0,0,2,0,1,0,0,0,0,0,0,0,0,"D_0__Bacteria; D_1__Firmicutes; D_2__Clostridia; D_3__Clostridiales; D_4__Clostridiaceae 1; D_5__uncultured; D_6__Clostridium sp. r54"
"8cb3e2d3d85717e7a592d5e11a20c4ae",0,0,0,0,0,0,0,0,0,0,0,0,0,0,0,0,11,0,0,0,0,17,0,0,0,0,0,0,0,0,0,0,0,0,0,0,0,0,0,"D_0__Bacteria; D_1__Firmicutes; D_2__Clostridia; D_3__Clostridiales; D_4__Ruminococcaceae"
"a65e21250e7a2ff8dd271dbd80564f5b",0,0,0,0,0,0,0,0,0,0,0,3,0,2,0,0,0,0,0,0,0,0,0,0,2,0,0,0,0,1,0,0,0,6,0,0,0,0,0,"D_0__Bacteria; D_1__Firmicutes; D_2__Clostridia; D_3__Clostridiales; D_4__Peptococcaceae; D_5__uncultured; D_6__uncultured bacterium"
"d97683f04bf4d6c1c94288dcab3a21c9",0,0,0,0,0,0,0,0,0,0,0,0,0,0,2,0,0,0,0,0,0,0,0,0,0,0,0,9,0,0,0,0,0,0,0,0,0,0,0,"D_0__Bacteria; D_1__Firmicutes; D_2__Clostridia; D_3__Clostridiales"
"1da8a122db6cee7279062d5827e01d20",0,0,0,0,4,2,2,0,5,3,0,0,0,0,0,1,0,4,1,0,0,0,0,0,11,0,2,0,5,0,0,0,0,0,2,0,0,0,0,"D_0__Bacteria; D_1__Bacteroidetes; D_2__Bacteroidia; D_3__Bacteroidales; D_4__Prolixibacteraceae; D_5__uncultured; D_6__benzene mineralizing consortium clone SB-1"
"9626d92a63b8733b7d4f45a8532f272d",11,0,0,0,13,7,11,0,13,0,0,0,2,0,6,17,0,2,5,0,7,0,10,17,7,2,2,6,7,0,0,0,10,10,8,9,0,0,0,"D_0__Bacteria; D_1__Firmicutes; D_2__Clostridia; D_3__Clostridiales; D_4__Family XI; D_5__Sedimentibacter"
"721235d19e726663fd84bc785effad3c",0,0,3,0,0,12,16,0,9,11,0,0,0,0,8,0,0,5,20,4,14,0,14,13,13,11,4,7,15,0,3,3,11,17,4,0,0,0,0,"D_0__Bacteria; D_1__Bacteroidetes; D_2__Bacteroidia; D_3__Bacteroidales; D_4__SB-5; D_5__uncultured organism; D_6__uncultured organism"
"a5f2f55ef5cce9216165a0c5b4f6c99c",2,0,0,0,0,0,0,0,0,0,9,0,0,0,0,0,0,3,0,0,0,0,0,0,0,0,0,2,0,0,6,0,0,0,0,2,0,0,0,"D_0__Bacteria; D_1__Firmicutes; D_2__Clostridia; D_3__Clostridiales; D_4__Ruminococcaceae"
"cbe84d7c23c97092caebb84720e534a0",0,0,45,9,3,0,0,8,8,2,0,0,0,7,0,0,2,4,15,0,7,5,1,0,2,4,2,0,1,2,3,0,15,12,3,2,0,0,0,"D_0__Bacteria; D_1__Chloroflexi; D_2__Anaerolineae; D_3__Anaerolineales; D_4__Anaerolineaceae; D_5__Pelolinea; D_6__uncultured bacterium"
"b6f6ca86393eb32f8a701ed659b59d84",0,0,0,0,0,0,0,0,0,0,24,0,8,0,2,0,0,0,0,0,0,0,0,0,0,0,0,0,0,0,0,0,0,0,0,0,0,0,0,"D_0__Bacteria; D_1__Firmicutes; D_2__Clostridia; D_3__Clostridiales; D_4__Peptococcaceae"
"5a5491b0221d4e12103ae63495a360f2",13,0,0,0,13,56,2,0,3,0,16,0,37,0,15,53,0,34,0,0,4,0,8,14,0,2,0,3,0,0,12,0,0,57,36,41,0,0,0,"D_0__Bacteria; D_1__Firmicutes; D_2__Clostridia; D_3__Clostridiales; D_4__Family XI; D_5__Sedimentibacter; D_6__Sedimentibacter acidaminivorans"
"8f541214d0a0e277cdb226de7478cfe6",5,0,0,0,0,0,0,0,0,0,5,0,0,0,0,15,0,0,0,0,0,0,0,3,0,0,0,0,0,0,0,0,0,0,0,0,0,0,0,"D_0__Bacteria; D_1__Bacteroidetes; D_2__Bacteroidia; D_3__Bacteroidales; D_4__Bacteroidaceae; D_5__Bacteroides"
"a5c844c4b768bdadd48f14f4e330b100",5,0,0,0,1,2,17,0,29,1,3,0,6,0,0,3,0,0,34,5,36,0,29,1,20,10,11,0,4,0,5,5,27,0,0,1,0,0,0,"D_0__Bacteria; D_1__Firmicutes; D_2__Clostridia; D_3__Clostridiales; D_4__MAT-CR-H4-C10; D_5__uncultured organism; D_6__uncultured organism"
"0bf936ef55f52ec99e4455adc38fc522",0,0,0,0,0,0,0,0,0,0,0,0,0,0,0,0,0,0,7,4,0,0,2,0,0,2,0,0,2,0,0,9,0,0,0,0,0,0,0,"D_0__Bacteria; D_1__Marinimicrobia (SAR406 clade); D_2__uncultured eubacterium AB16; D_3__uncultured eubacterium AB16; D_4__uncultured eubacterium AB16; D_5__uncultured eubacterium AB16; D_6__uncultured eubacterium AB16"
"a135f0b139607e908af265277bca80d8",1,0,0,0,2,21,0,0,1,11,0,0,0,2,1,19,0,0,1,0,0,0,0,3,0,0,0,6,0,0,0,0,0,0,2,0,0,0,0,"D_0__Bacteria; D_1__Calditrichaeota; D_2__Calditrichia; D_3__Calditrichales; D_4__Calditrichaceae; D_5__uncultured organism; D_6__uncultured organism"
"64eda7eea502801e8527fa6957331670",0,0,3,0,0,0,12,0,0,4,0,0,0,0,0,0,0,0,19,0,17,0,10,0,7,0,3,0,10,0,0,0,10,0,0,0,0,0,0,"D_0__Bacteria; D_1__Firmicutes; D_2__Clostridia; D_3__Clostridiales; D_4__Clostridiales Incertae Sedis; D_5__Dethiosulfatibacter; D_6__uncultured bacterium"
"eb7352ce0043b3f0ca283314a6210a5b",2,0,0,0,0,3,0,0,0,2,0,0,0,0,0,0,0,0,0,0,0,0,0,0,0,0,0,0,0,0,0,0,0,7,0,0,0,0,0,"D_0__Bacteria; D_1__Proteobacteria; D_2__Deltaproteobacteria; D_3__Desulfobacterales; D_4__Desulfobacteraceae; D_5__SEEP-SRB1"
"957b1bf489628e21d6c63482f1f230a3",0,0,0,0,0,0,2,0,0,0,5,0,2,0,0,1,0,0,0,0,2,0,0,0,0,0,0,0,3,0,0,0,0,1,0,0,0,0,0,"D_0__Bacteria; D_1__Firmicutes; D_2__Clostridia; D_3__Clostridiales; D_4__Eubacteriaceae; D_5__Garciella; D_6__Irregularibacter muris"
"c91b64f0d127cddeeaeacda93fbf8fdd",0,0,2,3,3,0,15,0,11,0,0,0,2,0,40,4,0,0,3,6,12,0,5,6,9,13,9,10,21,7,0,8,7,18,1,2,0,0,0,"D_0__Bacteria; D_1__Acidobacteria; D_2__Subgroup 21; D_3__uncultured organism; D_4__uncultured organism; D_5__uncultured organism; D_6__uncultured organism"
"5320dabc94bb2f36cb5b6744891c032b",0,0,3,0,0,0,1,0,2,0,0,0,0,0,0,0,0,0,5,0,5,0,3,0,0,4,0,0,2,0,0,0,3,0,0,0,0,0,0,"D_0__Bacteria; D_1__Gemmatimonadetes; D_2__BD2-11 terrestrial group; D_3__uncultured bacterium; D_4__uncultured bacterium; D_5__uncultured bacterium; D_6__uncultured bacterium"
"c8e97047c316462c567e0ed18466f27c",0,0,0,0,8,2,0,0,0,0,0,0,0,0,0,0,0,0,0,0,0,0,0,0,0,0,0,8,0,0,0,0,0,0,0,0,0,0,0,"D_0__Bacteria; D_1__Firmicutes; D_2__Bacilli; D_3__Lactobacillales; D_4__Streptococcaceae; D_5__Streptococcus"
"a3854f64c144d45d76efc0c620b8d080",3,0,0,7,0,0,3,2,2,0,13,0,8,9,0,0,0,2,0,0,0,0,0,8,0,0,0,0,0,0,22,0,0,0,2,3,0,0,0,"D_0__Bacteria; D_1__Firmicutes; D_2__Clostridia; D_3__Clostridiales; D_4__Defluviitaleaceae; D_5__Defluviitaleaceae UCG-011"
"abe9728d288f0005c6c6f9d50fc34c87",7,0,0,0,46,0,0,0,0,0,21,0,2,0,0,4,0,0,2,8,0,0,2,9,0,0,0,15,0,0,11,21,3,13,0,2,0,0,0,"D_0__Bacteria; D_1__Proteobacteria; D_2__Gammaproteobacteria; D_3__Nitrosococcales; D_4__Methylophagaceae; D_5__Methylophaga"
"76d133fe72d331ce86018fa03ba9e159",0,0,0,2,0,0,2,0,0,0,0,0,0,0,0,2,0,0,2,0,2,2,0,0,0,2,0,0,0,0,0,0,2,0,0,0,0,2,0,"D_0__Bacteria; D_1__Chloroflexi; D_2__Anaerolineae; D_3__RBG-13-54-9; D_4__uncultured bacterium; D_5__uncultured bacterium; D_6__uncultured bacterium"
"40a74a66512bbf2d6c4bca215980f9ca",2,0,25,11,4,0,4,7,2,0,0,0,5,13,0,0,4,0,7,2,2,0,5,0,3,0,3,0,2,3,0,2,0,0,0,3,0,2,0,"D_0__Bacteria; D_1__Chloroflexi; D_2__Anaerolineae; D_3__Anaerolineales; D_4__Anaerolineaceae; D_5__ADurb.Bin120"
"244fbd95dae657de24470b4eaa45546e",2,0,55,18,4,42,2,13,6,9,3,0,16,19,6,17,0,11,7,0,1,0,4,20,6,2,0,2,2,0,7,0,5,4,11,12,0,0,0,"D_0__Bacteria; D_1__Actinobacteria; D_2__Coriobacteriia; D_3__OPB41"
"29c20eea4a741738470fe695947e3840",18,0,9,0,0,0,0,4,0,2,0,0,0,0,30,14,0,0,0,0,0,0,0,32,0,0,0,3,0,0,0,0,0,16,6,8,0,0,0,"D_0__Bacteria; D_1__Planctomycetes; D_2__Phycisphaerae; D_3__MSBL9"
"640d76d404b5ace6e6e7b2b26fb65e14",4,0,0,0,0,0,0,0,0,0,5,0,0,0,2,0,0,3,0,0,0,0,0,0,0,0,0,2,0,0,2,0,0,0,2,0,0,0,0,"D_0__Bacteria; D_1__Planctomycetes; D_2__Phycisphaerae; D_3__Phycisphaerales; D_4__Phycisphaeraceae; D_5__uncultured"
"ae572ba5a64fc16026cbff1e3cc56034",0,0,0,0,0,0,0,0,0,0,0,0,0,0,0,0,0,0,0,0,2,0,2,0,0,3,0,0,4,0,0,0,3,0,0,0,0,0,0,"D_0__Bacteria; D_1__Bacteroidetes; D_2__Bacteroidia; D_3__Bacteroidales; D_4__Prolixibacteraceae; D_5__Tangfeifania"
"85e7fc6b85caab9f043b898c55a0496d",0,0,7,4,0,14,175,7,280,13,0,0,8,6,6,19,413,23,280,154,183,546,246,6,258,150,53,0,160,338,0,250,240,9,0,0,0,221,3,"D_0__Bacteria; D_1__Chloroflexi; D_2__Anaerolineae; D_3__Anaerolineales; D_4__Anaerolineaceae; D_5__ADurb.Bin120"
"b5f16ea998e06f9ad314dc355676c15d",1,0,17,0,0,0,0,10,17,0,0,0,5,11,15,0,0,53,5,0,3,0,7,0,14,0,0,0,1,0,0,0,1,6,8,57,2,0,0,"D_0__Bacteria; D_1__Proteobacteria; D_2__Deltaproteobacteria; D_3__Desulfobacterales; D_4__Desulfobacteraceae; D_5__Desulfosalsimonas; D_6__uncultured delta proteobacterium"
"460ea4d1ee3910a9fe6433556cc9ece5",0,0,0,0,7,0,0,0,0,0,0,0,0,0,0,0,0,0,0,0,0,0,0,0,0,0,0,3,0,0,0,0,0,0,0,0,0,0,0,"D_0__Bacteria; D_1__Proteobacteria; D_2__Gammaproteobacteria; D_3__Pseudomonadales; D_4__Moraxellaceae; D_5__Acinetobacter"
"cf3fa996fa3cc9237ffb50a63c0c3c82",0,0,0,0,0,0,0,0,0,0,0,0,0,0,0,0,0,1,0,0,0,0,0,0,0,0,2,0,0,0,0,3,0,5,0,0,0,0,0,"D_0__Bacteria; D_1__Tenericutes; D_2__Mollicutes; D_3__Izimaplasmatales; D_4__Izimaplasmataceae; D_5__uncultured bacterium; D_6__uncultured bacterium"
"f93378893c4144ab497c5d9e7c577dc2",4,0,0,0,0,5,0,0,0,3,0,0,0,0,0,0,0,0,0,0,0,0,0,23,0,0,0,0,0,1,0,0,0,0,0,0,1,0,0,"D_0__Bacteria; D_1__Firmicutes; D_2__Clostridia; D_3__Clostridiales; D_4__Peptococcaceae; D_5__uncultured"
"e34b2a45c2bdb6cc9eb48b8dba70c9ce",0,0,0,0,2,0,0,0,0,0,0,0,0,0,0,0,0,0,0,0,0,0,0,4,0,0,0,0,0,0,2,0,0,4,0,0,0,0,0,"D_0__Bacteria; D_1__Firmicutes; D_2__Clostridia; D_3__Clostridiales"
"4c6084a9bde0d3307ffbd723b31860ea",0,0,0,0,0,6,0,0,0,3,8,0,0,0,0,0,0,0,10,0,7,0,20,0,0,0,2,0,0,0,2,0,0,0,0,0,0,0,0,"D_0__Bacteria; D_1__Firmicutes; D_2__Clostridia; D_3__Clostridiales; D_4__Ruminococcaceae; D_5__uncultured; D_6__bacterium enrichment culture clone M117"
"81c6c64315a71a321dfa96995125bc43",0,0,3,0,10,40,0,2,0,7,0,0,0,0,2,0,0,0,0,0,0,0,2,0,0,0,0,9,0,0,0,0,0,6,4,0,0,0,0,"D_0__Bacteria; D_1__Chloroflexi; D_2__Dehalococcoidia; D_3__GIF3"
"900bd34b7cd4fbaca3b1b800140f55c4",5,0,0,0,5,2,0,0,0,0,0,0,0,0,0,5,0,0,0,0,0,0,0,0,0,0,0,0,0,0,0,0,0,3,0,0,0,0,0,"D_0__Bacteria; D_1__Firmicutes; D_2__Clostridia; D_3__Clostridiales; D_4__Clostridiaceae 1; D_5__Clostridium sensu stricto 1"
"7b1e0c4c7bfab6ce9963d27640e01068",6,0,0,0,0,0,0,0,0,0,0,0,13,0,9,31,0,2,3,0,0,0,1,9,2,0,0,0,0,0,0,0,0,1,3,10,0,0,0,"D_0__Bacteria; D_1__Firmicutes; D_2__Clostridia; D_3__Clostridiales; D_4__Family XI; D_5__Sedimentibacter"
"ba35441d1715c39d97c05de06cf2f298",6,0,0,0,0,0,0,0,3,0,0,0,4,0,0,0,0,0,0,0,0,0,0,0,0,0,0,0,0,0,0,0,1,0,0,0,0,0,0,"D_0__Bacteria; D_1__Firmicutes; D_2__Clostridia; D_3__Clostridiales; D_4__Family XII; D_5__Fusibacter; D_6__uncultured bacterium"
"2714ec4b0792f12e7f934aa9e36957be",0,0,1,0,0,0,0,0,0,0,1,0,6,1,0,0,0,7,0,0,0,0,0,0,0,0,0,1,0,3,14,0,0,0,0,1,0,1,0,"D_0__Bacteria; D_1__Firmicutes; D_2__Clostridia; D_3__Clostridiales; D_4__Peptococcaceae"
"9900e4c474b94f93c475018544ecf13c",0,3,0,0,2,3,0,0,0,2,0,3,0,0,0,0,136,0,0,0,0,214,0,5,0,0,0,0,0,161,0,0,0,0,0,0,3,124,7,"D_0__Bacteria; D_1__Proteobacteria; D_2__Deltaproteobacteria; D_3__SAR324 clade(Marine group B); D_4__uncultured bacterium zdt-33i5; D_5__uncultured bacterium zdt-33i5; D_6__uncultured bacterium zdt-33i5"
"29bf657f0879c4daaa30166aa4068d3b",2,0,0,0,0,5,2,0,0,0,0,0,0,0,0,3,0,2,0,0,0,0,0,0,0,0,0,0,0,2,0,0,0,0,0,2,0,2,0,"D_0__Bacteria; D_1__Spirochaetes; D_2__Leptospirae; D_3__Leptospirales; D_4__Leptospiraceae; D_5__uncultured; Ambiguous_taxa"
"a252750aec73a82a1ba1fac029190ba7",8,0,2,0,0,5,0,0,0,0,4,0,0,0,0,0,0,0,0,0,0,0,0,5,0,0,0,0,0,0,0,0,0,0,0,0,0,0,0,"D_0__Bacteria; D_1__Firmicutes; D_2__Clostridia; D_3__Clostridiales; D_4__Peptococcaceae; D_5__uncultured; D_6__uncultured bacterium"
"edb6bda401033182d2a27276a6a7b1c5",0,0,4,2,0,0,0,0,0,0,5,0,0,0,0,0,0,0,0,0,0,0,0,0,0,0,0,2,0,0,0,2,0,0,0,0,0,0,0,"D_0__Bacteria; D_1__Actinobacteria; D_2__RBG-16-55-12; D_3__uncultured actinomycete; D_4__uncultured actinomycete; D_5__uncultured actinomycete; D_6__uncultured actinomycete"
"be8bdf5ec3f329631ad1c662a7e4bb75",0,0,0,0,0,0,0,0,0,0,0,0,6,0,0,0,0,4,0,0,0,0,0,0,0,0,0,0,0,0,0,0,0,0,0,0,0,0,0,"D_0__Bacteria; D_1__Firmicutes; D_2__Clostridia; D_3__Thermoanaerobacterales; D_4__SRB2"
"78550ae912dbf0e95a3e757ae96a8db2",29,17,13,10,2,2,0,0,10,4,8,22,40,9,11,7,85,36,0,0,0,163,0,13,8,0,0,0,0,77,3,0,0,21,4,4,12,61,52,"D_0__Bacteria; D_1__Proteobacteria; D_2__Deltaproteobacteria; D_3__Desulfovibrionales; D_4__Desulfomicrobiaceae; D_5__Desulfomicrobium"
"58cb44449ad087e4848fe61b074b6bed",3,0,5,3,0,0,4,0,2,0,0,0,4,3,6,0,6,0,8,3,7,14,5,4,6,2,0,0,7,5,2,7,5,7,2,4,0,3,0,"D_0__Bacteria; D_1__Bacteroidetes; D_2__Bacteroidia; D_3__Sphingobacteriales; D_4__SBYC-2600; D_5__uncultured organism; D_6__uncultured organism"
"171351227557d9987e03b14831e59c83",0,0,0,0,0,0,0,0,2,0,0,0,1,0,4,0,0,8,0,0,0,0,0,20,0,0,0,0,0,0,13,0,0,7,0,0,0,0,0,"D_0__Bacteria; D_1__Firmicutes; D_2__Clostridia; D_3__Clostridiales; D_4__Defluviitaleaceae; D_5__Defluviitaleaceae UCG-011"
"9b52d16ab4e2074e386e0a7f9fb32bef",0,0,0,0,0,0,0,0,0,0,0,0,0,0,0,0,0,0,0,132,0,0,0,0,0,0,0,0,0,0,0,205,0,0,0,0,0,0,0,"D_0__Bacteria; D_1__Epsilonbacteraeota; D_2__Campylobacteria; D_3__Campylobacterales; D_4__Thiovulaceae; D_5__Sulfurimonas; D_6__bacterium enrichment culture clone 68"
"a2e559d14da8f77f8ffbdd2a5e8e9f7f",0,0,7,0,12,54,61,4,37,29,5,0,13,5,24,17,3,12,57,38,92,5,85,10,23,49,23,4,73,0,0,61,79,25,0,5,0,0,0,"D_0__Bacteria; D_1__Bacteroidetes; D_2__Bacteroidia; D_3__Bacteroidales; D_4__Marinilabiliaceae; D_5__uncultured; D_6__bacterium YC-ZSS-LKJ7"
"7ecc3290cc025d88840b0e8e20fafcda",0,0,0,0,0,0,0,3,0,0,0,0,0,0,3,0,0,0,0,0,0,0,0,0,0,0,0,0,0,0,4,0,0,4,0,3,0,0,0,"D_0__Bacteria; D_1__Latescibacteria; D_2__Latescibacteria; D_3__Latescibacterales; D_4__Latescibacteraceae; D_5__Candidatus Latescibacter"
"ab99ee4bb0d63ce3a47059a6ca06df9b",21,0,7,0,0,0,0,2,0,0,15,0,1,3,0,16,0,0,0,0,0,0,0,36,0,0,0,7,0,0,21,0,0,0,0,0,0,0,0,"D_0__Bacteria; D_1__Firmicutes; D_2__Clostridia; D_3__Clostridiales; D_4__Peptococcaceae"
"8eec487031b1c3cde41eb50a05a04496",0,2,0,0,0,8,2,0,11,2,0,0,0,0,7,0,0,0,2,0,2,0,5,0,10,3,0,0,2,0,0,0,7,0,0,0,0,0,0,"D_0__Bacteria; D_1__Proteobacteria; D_2__Deltaproteobacteria; D_3__Desulfobacterales; D_4__Desulfobacteraceae; D_5__uncultured; D_6__bacterium enrichment culture clone Oil_10"
"d3625d2c58f5de90718dc7544b535296",0,0,3,0,0,0,2,0,0,3,3,0,7,0,0,0,0,6,1,0,1,0,0,0,0,0,2,0,0,0,0,0,0,2,2,0,0,0,0,"D_0__Bacteria; D_1__Spirochaetes; D_2__Spirochaetia; D_3__Spirochaetales; D_4__Spirochaetaceae; D_5__Sediminispirochaeta; D_6__uncultured bacterium"
"1785b493cbeba94d5b4ba812b9f91bfc",4,0,4,0,12,23,0,0,3,3,9,0,0,0,15,0,2,5,0,0,0,3,0,22,0,3,0,4,0,0,6,0,0,4,0,6,0,0,0,"D_0__Bacteria; D_1__Planctomycetes; D_2__Phycisphaerae; D_3__MSBL9; D_4__4572-13; D_5__uncultured organism; D_6__uncultured organism"
"a83b0ada86f60afaf113a71af540438c",0,0,0,0,0,0,0,0,0,0,0,5,0,0,0,0,0,0,0,0,0,0,0,0,0,0,0,0,0,0,0,0,0,0,0,0,12,0,0,"D_0__Bacteria; D_1__Firmicutes; D_2__Clostridia; D_3__Clostridiales; D_4__Ruminococcaceae"
"35903e4295d2cef1df29e2d16c0173b1",8,0,0,0,4,3,7,0,14,8,0,0,4,0,11,17,0,0,13,0,11,0,11,11,10,6,3,0,10,0,2,2,16,6,0,5,0,0,0,"D_0__Bacteria; D_1__Bacteroidetes; D_2__Bacteroidia; D_3__Bacteroidales; D_4__Bacteroidetes BD2-2"
"f12fe85f049ce60c229706b62e2b5ac8",3,0,4,0,0,2,0,0,0,0,2,0,0,0,7,0,0,0,0,0,0,0,0,5,0,0,0,0,0,0,0,0,0,0,0,0,0,0,0,"D_0__Bacteria; D_1__BRC1"
"dda99ba080e2acfa5e48a77281c712b0",4,0,12,5,0,4,64,3,107,4,0,0,3,6,7,0,39,6,89,18,80,50,99,0,73,51,13,0,52,19,4,26,115,6,0,0,0,21,5,"D_0__Bacteria; D_1__Chloroflexi; D_2__Anaerolineae; D_3__Anaerolineales; D_4__Anaerolineaceae; D_5__ADurb.Bin120; D_6__uncultured bacterium"
"70cd8e79962406349e2a0958625befc2",0,0,4,2,0,0,3,0,11,0,0,0,0,0,3,3,0,0,13,2,11,0,14,0,7,6,0,0,10,2,0,2,1,2,0,0,0,2,0,"D_0__Bacteria; D_1__Firmicutes; D_2__Clostridia; D_3__Clostridiales; D_4__Ruminococcaceae; D_5__Ercella; D_6__uncultured bacterium"
"b052dd1ed2fed29082777213dfae167d",0,0,4,0,0,0,0,0,0,4,0,0,0,0,0,0,0,0,0,0,0,0,0,0,0,0,0,0,0,0,0,0,0,2,0,0,0,0,0,"D_0__Bacteria; D_1__Proteobacteria; D_2__Deltaproteobacteria; D_3__Desulfarculales; D_4__Desulfarculaceae; D_5__Desulfatiglans; D_6__uncultured sulfate-reducing bacterium"
"d73e12447b12872ebc30eee4087101c9",0,0,0,0,0,0,0,0,0,0,0,0,0,1,0,0,0,2,5,2,3,0,4,0,2,0,0,0,2,0,0,0,2,0,0,0,0,0,0,"D_0__Bacteria; D_1__Chloroflexi; D_2__Anaerolineae; D_3__Anaerolineales; D_4__Anaerolineaceae; D_5__Pelolinea; D_6__uncultured bacterium"
"b824650609908b9661f8321ed5b079a4",0,0,0,0,0,0,5,0,0,0,0,0,0,0,0,0,0,0,10,3,2,0,0,0,2,4,0,0,3,0,0,4,9,0,0,0,0,0,0,"D_0__Bacteria; D_1__Chloroflexi; D_2__Anaerolineae; D_3__Anaerolineales; D_4__Anaerolineaceae; D_5__uncultured"
"9d874bef639e1cad1fcaba672903bf78",0,0,32,9,0,0,0,4,0,0,0,0,0,11,0,0,0,0,0,0,0,0,0,0,0,0,0,2,0,0,0,0,0,0,0,0,0,0,0,"D_0__Bacteria; D_1__Proteobacteria; D_2__Deltaproteobacteria"
"f42468573d5ee92075d2962ce5e221ee",0,0,0,0,0,0,0,0,0,0,0,0,0,0,0,10,0,0,0,0,0,0,0,4,0,0,0,0,0,0,4,0,0,0,0,0,0,0,0,"D_0__Bacteria; D_1__Firmicutes; D_2__Bacilli; D_3__Bacillales; D_4__Staphylococcaceae; D_5__Staphylococcus"
"d904b4190c79d4bfbf70caaf7165eeaf",0,0,6,0,0,0,7,0,8,0,0,0,0,2,0,0,2,4,10,2,5,0,10,6,0,6,2,0,4,2,0,6,6,0,0,0,0,0,0,"D_0__Bacteria; D_1__Chloroflexi; D_2__Anaerolineae; D_3__Anaerolineales; D_4__Anaerolineaceae; D_5__ADurb.Bin120; D_6__uncultured bacterium"
"f458f07996ebdcf4cc28064e9cd51f29",15,0,2,0,0,5,0,0,0,2,0,0,0,0,0,0,0,0,0,0,0,0,0,6,0,2,0,0,0,3,0,0,0,2,0,0,0,0,0,"D_0__Bacteria; D_1__Firmicutes; D_2__Clostridia; D_3__Clostridiales; D_4__Christensenellaceae; D_5__uncultured"
"e90a3d30ec293d16a5f7964e7e267922",0,0,3,0,0,0,0,0,0,0,0,0,0,0,2,0,2,0,0,2,0,8,0,1,0,0,0,0,0,0,0,0,1,1,0,0,0,0,0,"D_0__Bacteria; D_1__Synergistetes; D_2__Synergistia; D_3__Synergistales; D_4__Synergistaceae; D_5__Thermovirga; D_6__uncultured Synergistaceae bacterium"
"0fa0b3fcb9702664b65eb16fd8ece5c3",185,0,52,6,16,39,0,9,3,30,19,0,63,21,70,67,4,66,6,0,4,16,0,177,0,3,4,11,3,9,16,0,5,51,44,59,0,6,0,"D_0__Bacteria; D_1__Planctomycetes; D_2__Phycisphaerae; D_3__MSBL9; D_4__SG8-4; D_5__bacterium enrichment culture clone AOM-SR-B13; D_6__bacterium enrichment culture clone AOM-SR-B13"
"07b86d70ef25391c4ae4e4d25592b60b",0,0,0,0,0,11,0,0,0,0,0,0,0,0,0,2,0,0,1,0,0,0,0,0,0,0,0,0,0,0,0,0,0,0,0,0,0,0,0,"D_0__Bacteria; D_1__Firmicutes; D_2__Clostridia; D_3__Clostridiales"
"250a94b387b930f595f43e20998ef6a4",0,0,0,0,0,4,2,0,0,0,0,0,0,0,0,0,0,0,2,0,0,0,0,0,0,0,0,0,3,0,0,0,0,0,0,0,0,0,0,"D_0__Bacteria; D_1__Planctomycetes; D_2__Phycisphaerae; D_3__MSBL9; D_4__SG8-4; D_5__uncultured bacterium; D_6__uncultured bacterium"
"ad03eb52def43afc2c39c672b5df3c02",2,0,2,0,0,0,6,0,0,0,0,0,7,6,8,4,0,6,3,5,7,0,4,9,3,3,0,0,7,0,0,9,7,6,4,4,0,0,0,"D_0__Bacteria; D_1__Firmicutes; D_2__Clostridia; D_3__Clostridiales; D_4__Family XII; D_5__Fusibacter; D_6__uncultured bacterium"
"16ee54da0d9e58b192867dd37dcfd032",0,0,0,2,14,0,0,0,0,0,5,0,0,0,1,0,0,1,0,0,0,0,0,0,4,0,0,0,0,0,0,0,0,0,0,0,0,0,0,"D_0__Bacteria; D_1__Firmicutes; D_2__Clostridia; D_3__Clostridiales; D_4__Clostridiaceae 1"
"709368eb00e6b81006f092160c4350e9",0,0,0,0,0,0,0,0,0,6,0,0,0,0,0,17,0,0,0,0,0,0,0,0,0,0,0,0,0,0,3,0,0,0,0,0,0,0,0,"D_0__Bacteria; D_1__Bacteroidetes; D_2__Bacteroidia; D_3__Bacteroidales; D_4__Marinilabiliaceae; D_5__uncultured"
"edbefcc474bb5c2143a225ff590a440b",0,0,0,0,0,0,0,0,0,0,0,0,0,0,0,0,0,0,0,10,0,0,0,0,0,0,0,0,0,0,0,17,0,0,0,0,0,0,0,"D_0__Bacteria; D_1__Proteobacteria; D_2__Gammaproteobacteria; D_3__Alteromonadales; D_4__Marinobacteraceae; D_5__Marinobacter"
"a04a730ffffc704dac9e5ad654e57f02",4,0,0,0,0,1,0,0,0,0,2,0,1,0,0,0,0,0,0,0,0,0,0,2,0,0,0,0,0,0,0,0,0,0,0,1,0,0,0,"D_0__Bacteria; D_1__Firmicutes; D_2__Clostridia; D_3__Clostridiales"
"b8a63950d761015072ee592b6989ea21",2,0,0,0,0,0,2,0,0,0,0,0,0,0,0,0,0,2,5,0,5,0,0,0,0,0,2,0,0,0,0,12,3,0,0,2,0,0,0,"D_0__Bacteria; D_1__Marinimicrobia (SAR406 clade); D_2__uncultured bacterium; D_3__uncultured bacterium; D_4__uncultured bacterium; D_5__uncultured bacterium; D_6__uncultured bacterium"
"2791adcbd0c13f8e303ed33d7b3b1b1b",0,0,0,0,0,0,0,0,2,3,0,0,0,0,0,0,0,0,0,0,0,3,0,0,7,0,0,0,0,0,3,0,0,0,0,0,0,3,0,"D_0__Bacteria; D_1__Cyanobacteria; D_2__Melainabacteria; D_3__Gastranaerophilales; D_4__uncultured organism; D_5__uncultured organism; D_6__uncultured organism"
"91f0cc0a660d61f77240ab326ba13d46",7,0,0,0,0,0,0,0,0,2,0,0,0,0,0,0,0,2,0,0,0,0,0,0,0,0,0,0,0,0,0,0,0,3,0,0,0,0,0,"D_0__Bacteria; D_1__Planctomycetes; D_2__Phycisphaerae; D_3__MSBL9; D_4__SG8-4; D_5__bacterium enrichment culture clone AOM-SR-B13; D_6__bacterium enrichment culture clone AOM-SR-B13"
"90b80e3116031b4c9a9e6aafca8e559e",0,0,0,0,0,0,0,0,0,0,0,0,0,0,0,0,0,0,2,0,2,0,3,0,0,0,0,0,0,0,0,4,0,0,0,0,0,0,0,"D_0__Bacteria; D_1__Chloroflexi; D_2__Anaerolineae; D_3__Anaerolineales; D_4__Anaerolineaceae; D_5__ADurb.Bin120"
"46a5324fccce4fed6f114ebd714f9d50",0,0,0,0,0,0,0,0,2,0,0,0,0,0,0,0,0,0,0,2,5,0,0,0,0,3,0,0,0,2,0,0,4,0,0,0,0,0,0,"D_0__Bacteria; D_1__Synergistetes; D_2__Synergistia; D_3__Synergistales; D_4__Synergistaceae; D_5__Thermovirga; D_6__uncultured Synergistaceae bacterium"
"d4e32812388f0c1ced590c93b668834d",0,0,0,0,0,5,0,0,0,0,0,0,0,0,0,0,0,0,0,0,0,0,0,0,0,0,0,0,0,0,0,0,0,3,2,0,0,0,0,"D_0__Bacteria; D_1__Bacteroidetes; D_2__Ignavibacteria; D_3__Ignavibacteriales; D_4__Melioribacteraceae; D_5__IheB3-7; D_6__uncultured Chlorobi bacterium"
"5618e31d87fcbefef139751ffd81487c",9,0,5,0,0,0,0,0,4,2,0,0,8,3,9,0,0,3,0,0,0,0,0,2,0,0,0,4,0,0,2,0,0,3,3,4,0,0,0,"D_0__Bacteria; D_1__Planctomycetes; D_2__Phycisphaerae; D_3__MSBL9; D_4__SM23-30; D_5__uncultured organism; D_6__uncultured organism"
"814fffefa59fbc101f7bb4d4ed38ce55",2,2,1,0,0,0,0,2,6,0,0,0,9,0,3,0,0,10,0,0,0,0,0,0,2,2,0,0,0,0,0,0,0,8,0,0,0,0,6,"D_0__Bacteria; D_1__Proteobacteria; D_2__Deltaproteobacteria; D_3__Desulfobacterales; D_4__Desulfobacteraceae; D_5__Desulfatitalea; Ambiguous_taxa"
"424f0c7a578df6b8fa0a4ecbb9a5e7d7",2,0,2,3,0,2,2,2,0,0,0,0,2,7,3,0,4,0,3,0,4,4,5,0,2,2,0,0,3,4,0,2,6,4,0,0,0,2,0,"D_0__Bacteria; D_1__Chloroflexi; D_2__Anaerolineae; D_3__Anaerolineales; D_4__Anaerolineaceae; D_5__ADurb.Bin120"
"4591276afa4a28f39c6a8ec9993d02f0",6,0,0,0,0,0,0,0,0,0,0,0,13,0,0,4,0,7,0,507,0,0,0,2,0,0,0,0,0,0,0,739,0,3,0,0,0,0,0,"D_0__Bacteria; D_1__Proteobacteria; D_2__Gammaproteobacteria; D_3__Thiomicrospirales; D_4__Thiomicrospiraceae; D_5__Thiomicrospira"
"2cfe7835bf2aa1a3f22c5cd82008408a",0,0,0,0,0,0,0,0,0,0,0,0,0,0,0,0,0,0,1,6,0,0,2,0,0,0,0,0,0,0,0,8,0,0,0,0,0,0,0,"D_0__Bacteria; D_1__Firmicutes; D_2__Clostridia; D_3__Clostridiales; D_4__Family XII; D_5__Fusibacter"
"10ec8799292adff332453d43cd268815",3,0,0,4,0,1,0,0,0,2,0,0,9,0,47,5,0,36,6,0,3,0,0,0,0,0,0,0,0,0,0,0,2,31,20,2,0,0,0,"D_0__Bacteria; D_1__Planctomycetes; D_2__Planctomycetacia; D_3__Pirellulales; D_4__Pirellulaceae; D_5__Pir4 lineage"
"00fdb88a932dc0ed37a64a865bc114e3",2,0,0,0,0,0,5,2,0,0,0,0,0,2,0,0,2,0,1,0,0,1,0,0,0,0,0,0,12,2,0,0,0,0,13,0,0,1,2,"D_0__Bacteria; D_1__Firmicutes; D_2__Clostridia; D_3__Clostridiales; D_4__Clostridiaceae 1; D_5__Proteiniclasticum; Ambiguous_taxa"
"75949b81fcfefb4851f4906c74f5b568",0,0,0,0,0,0,0,0,0,0,0,0,7,0,0,0,0,5,0,0,0,0,0,0,0,0,0,0,0,0,0,0,0,0,2,0,0,0,0,"D_0__Bacteria; D_1__Firmicutes; D_2__Clostridia; D_3__Thermoanaerobacterales; D_4__SRB2"
"1209f97573fc7edd9e60a41664456969",5,0,0,0,3,2,0,0,0,0,0,0,0,0,0,0,0,0,0,0,0,0,0,0,0,0,0,4,0,0,0,0,0,0,0,0,0,0,0,"D_0__Bacteria; D_1__Proteobacteria; D_2__Gammaproteobacteria; D_3__Pseudomonadales; D_4__Pseudomonadaceae; D_5__Pseudomonas"
"fba66fa368de49eb183720f1c0bd6ac1",2,0,19,5,0,0,3,2,2,0,0,0,1,7,5,0,0,10,10,0,7,0,3,3,0,4,5,0,3,3,0,0,16,0,8,7,0,0,0,"D_0__Bacteria; D_1__Lentisphaerae; D_2__Oligosphaeria; D_3__Oligosphaerales; D_4__Lenti-02; D_5__uncultured bacterium; D_6__uncultured bacterium"
"b297b46342c7332ac1dc83ac55c2c8c2",0,0,0,0,0,0,0,0,0,5,0,0,4,0,0,2,0,9,2,0,0,0,0,2,0,0,0,8,0,0,0,0,0,0,5,8,0,0,0,"D_0__Bacteria; D_1__Lentisphaerae; D_2__Oligosphaeria; D_3__Oligosphaerales; D_4__Lenti-02"
"d8e6dd5816cd9371982d9ff5d2ddb0c4",6,0,0,0,3,11,9,0,11,10,0,0,2,0,0,6,3,2,12,0,11,3,17,0,17,7,4,2,16,0,0,6,11,5,0,0,0,0,0,"D_0__Bacteria; D_1__Bacteroidetes; D_2__Bacteroidia; D_3__Bacteroidales; D_4__Marinilabiliaceae; D_5__uncultured"
"5fcb6de5afded617db89108fda8d2869",0,0,3,0,0,11,7,0,18,2,2,0,0,0,0,2,44,0,9,0,7,68,6,0,6,9,2,0,12,102,0,3,10,0,0,0,0,87,0,"D_0__Bacteria; D_1__Bacteroidetes; D_2__Bacteroidia; D_3__Bacteroidales; D_4__Bacteroidetes vadinHA17"
"5e0d92a1bb9f90bf546c8eda53a18ecd",0,0,0,0,0,0,4,0,0,0,0,0,1,0,12,0,0,0,9,2,4,0,9,0,0,2,2,0,5,0,1,2,2,0,13,13,0,0,0,"D_0__Bacteria; D_1__Bacteroidetes; D_2__Bacteroidia; D_3__Bacteroidales; D_4__Prolixibacteraceae; D_5__uncultured; D_6__benzene mineralizing consortium clone SB-1"
"a3b567a7529287e91515b5be128e2a8c",0,0,11,3,0,0,0,3,0,0,0,0,2,0,0,0,0,0,0,0,0,0,0,5,0,0,0,0,2,0,0,0,0,0,0,0,0,0,0,"D_0__Bacteria; D_1__Synergistetes; D_2__Synergistia; D_3__Synergistales; D_4__Synergistaceae; D_5__Thermovirga; D_6__uncultured bacterium"
"1074dbf98003f3c5f0041016e7182bb5",2,0,0,0,0,0,0,0,0,4,0,0,2,0,0,0,0,4,0,0,0,0,0,4,0,0,0,0,0,0,3,0,0,0,0,0,0,0,0,"D_0__Bacteria; D_1__Firmicutes; D_2__Clostridia; D_3__Clostridiales; D_4__Peptococcaceae; D_5__uncultured; D_6__uncultured bacterium"
"437b3ed42f524708590023bb472ce970",3,0,0,0,0,0,0,0,0,0,2,0,0,0,3,0,0,2,0,0,0,0,0,4,0,0,0,0,0,0,0,0,0,0,3,0,0,0,0,"D_0__Bacteria; D_1__Planctomycetes; D_2__Phycisphaerae; D_3__Phycisphaerales; D_4__AKAU3564 sediment group; D_5__uncultured bacterium; D_6__uncultured bacterium"
"e5fc6f9c8cbe50977ef8a946289de15c",0,0,0,0,4,3,0,0,0,0,0,0,0,0,0,264,0,0,0,0,0,0,0,0,0,0,0,0,0,0,0,0,0,0,0,0,0,0,0,"D_0__Bacteria; D_1__Proteobacteria; D_2__Gammaproteobacteria; D_3__Ectothiorhodospirales; D_4__Thioalkalispiraceae; D_5__Thioalkalispira; D_6__uncultured gamma proteobacterium"
"c91326e37edfd9253be701fd782e0f63",0,0,3,0,0,0,0,0,0,0,0,0,0,0,0,0,0,0,2,0,0,0,0,0,0,0,0,0,0,0,0,0,2,0,4,0,0,0,0,"D_0__Bacteria; D_1__Chloroflexi; D_2__Anaerolineae; D_3__Anaerolineales; D_4__Anaerolineaceae; D_5__uncultured; D_6__benzene mineralizing consortium clone SB-34"
"c98f6bfe4c3507b3c72557785d21f0a5",4,0,0,2,0,3,0,0,4,0,0,0,0,4,2,0,0,0,4,0,0,3,0,0,0,0,0,0,0,0,0,0,2,0,0,0,0,0,2,"D_0__Bacteria; D_1__Chloroflexi; D_2__Anaerolineae; D_3__Anaerolineales; D_4__Anaerolineaceae; D_5__Pelolinea; D_6__uncultured bacterium"
"a0a07e158401079ad0c9dff99f5ab953",11,0,0,0,14,25,109,0,115,8,6,0,3,0,5,56,0,7,175,4,157,0,157,14,116,97,37,4,136,0,7,3,152,0,0,4,0,0,0,"D_0__Bacteria; D_1__Bacteroidetes; D_2__Bacteroidia; D_3__Bacteroidales; D_4__Dysgonomonadaceae; D_5__Proteiniphilum"
"c5bf4b4805d5dff5fb40b05c889ced87",0,0,0,0,0,0,0,0,0,0,0,0,0,0,0,0,0,2,2,0,5,0,4,0,0,0,0,0,0,0,0,0,0,0,0,0,0,0,0,"D_0__Bacteria; D_1__Firmicutes; D_2__Clostridia; D_3__Clostridiales"
"ac9bc3dc4abd4bfa8634c32c264de55e",34,0,0,0,10,5,0,0,0,3,0,0,34,0,16,8,0,29,0,0,0,0,0,31,0,0,0,22,0,0,0,0,0,16,14,16,0,0,0,"D_0__Bacteria; D_1__Latescibacteria; D_2__Latescibacteria; D_3__Latescibacterales; D_4__Latescibacteraceae"
"323ab4174a1a1decd0373a8c7b161958",0,0,0,0,0,0,1,0,0,0,0,0,0,0,0,1,0,0,0,0,0,0,0,0,0,1,0,3,3,0,3,0,0,0,0,0,0,0,0,"D_0__Bacteria; D_1__Bacteroidetes; D_2__Bacteroidia; D_3__Bacteroidales; D_4__Prolixibacteraceae; D_5__uncultured; D_6__benzene mineralizing consortium clone SB-1"
"98d1709218519f67836fdfb106ca8c10",7,0,0,0,0,0,0,0,2,0,0,0,0,0,0,0,0,0,0,0,0,0,0,8,4,0,0,0,0,0,0,0,0,0,0,0,0,0,0,"D_0__Bacteria; D_1__Firmicutes; D_2__Clostridia; D_3__Clostridiales; D_4__Peptococcaceae"
"23d55b7cde9676262c862272d2567b05",0,0,2,2,0,3,0,0,0,2,5,0,2,4,0,0,0,3,0,0,0,3,0,0,0,0,0,0,0,2,0,0,0,0,0,4,0,3,0,"D_0__Bacteria; D_1__Proteobacteria; D_2__Gammaproteobacteria; D_3__Enterobacteriales; D_4__Enterobacteriaceae; D_5__Escherichia-Shigella"
"41193b841801bbb6e733725d0f7a1d57",7,0,2,1,1,3,0,0,0,0,0,0,0,4,1,3,0,6,0,0,0,0,0,7,0,0,0,0,0,0,0,0,0,6,3,5,0,0,0,"D_0__Bacteria; D_1__Planctomycetes; D_2__Phycisphaerae; D_3__MSBL9; D_4__SG8-4; D_5__bacterium enrichment culture clone AOM-SR-B13; D_6__bacterium enrichment culture clone AOM-SR-B13"
"bd73994a527a4bff933a89726c38664c",0,0,0,0,0,0,0,0,1,0,0,0,0,0,0,5,0,0,0,0,0,0,1,0,0,0,0,2,0,0,0,0,0,0,1,1,0,0,0,"D_0__Bacteria; D_1__Bacteroidetes; D_2__Bacteroidia; D_3__Bacteroidales; D_4__Prolixibacteraceae; D_5__Tangfeifania; D_6__uncultured bacterium"
"e40954a8cf1612ecf0d9a879e228dde9",0,0,0,0,0,3,0,0,0,7,0,0,0,0,0,0,0,2,0,0,0,0,0,0,0,0,0,13,0,0,0,0,0,2,0,0,0,0,0,"D_0__Bacteria; D_1__Calditrichaeota; D_2__Calditrichia; D_3__Calditrichales; D_4__Calditrichaceae; D_5__SM23-31; D_6__uncultured bacterium"
"a15c4f4157d55c51d430f579c8d397e0",0,748,8,0,68,222,0,0,145,144,7,1219,4,0,6,18,112,3,0,0,0,170,0,0,132,0,0,36,0,217,8,0,0,33,6,5,1676,33,1898,"D_0__Bacteria; D_1__Firmicutes; D_2__Clostridia; D_3__Clostridiales; D_4__Syntrophomonadaceae; D_5__Syntrophomonas"
"a8e4b546ee20c876402c37433a00e903",4,0,0,0,0,18,2,0,0,9,0,0,1,0,6,19,0,2,4,0,0,0,6,11,2,3,3,0,10,0,0,0,4,0,0,0,0,0,0,"D_0__Bacteria; D_1__Bacteroidetes; D_2__Bacteroidia; D_3__Bacteroidales; D_4__Marinilabiliaceae; D_5__uncultured"
"00f23085ae8e63f4ceef48154ce46642",0,0,3,0,0,0,0,0,0,0,0,0,0,0,0,0,0,0,0,0,0,0,0,0,0,0,0,0,0,0,0,0,0,2,3,2,0,0,0,"D_0__Bacteria; D_1__Firmicutes; D_2__Clostridia; D_3__Clostridiales; D_4__Clostridiaceae 2; D_5__Alkaliphilus; D_6__uncultured Alkaliphilus sp."
"d5db78d00d0752318c0302a56111f3c3",9,0,0,0,0,0,0,0,0,0,0,0,0,0,3,18,0,0,0,0,0,0,0,1,0,0,0,0,0,2,0,0,0,12,0,0,0,0,0,"D_0__Bacteria; D_1__Firmicutes; D_2__Clostridia; D_3__Clostridiales; D_4__Peptococcaceae; D_5__uncultured; D_6__uncultured bacterium"
"85b0a28677c510f48d415185b7bf4304",0,0,0,0,0,0,0,0,0,0,0,0,0,0,0,0,0,5,1,0,0,0,0,0,0,0,0,0,0,0,0,0,0,0,2,2,0,0,0,"D_0__Bacteria; D_1__Spirochaetes; D_2__Spirochaetia; D_3__Spirochaetales; D_4__Spirochaetaceae; D_5__Sediminispirochaeta"
"9deb4d215727e2482319f02c407f18c8",0,0,0,0,0,2,0,0,0,0,0,0,0,0,0,3,0,2,4,0,0,0,1,0,0,0,0,0,0,0,0,0,0,0,0,0,0,0,0,"D_0__Bacteria; D_1__Proteobacteria; D_2__Deltaproteobacteria; D_3__Desulfobacterales; D_4__Desulfobacteraceae; D_5__Desulfatitalea; Ambiguous_taxa"
"2e933bae71cd68ba454b97fa795ea5b8",0,1,4,0,0,0,3,2,0,0,0,0,0,0,0,0,0,2,0,0,0,0,0,0,0,0,0,0,0,0,0,0,0,0,0,2,0,0,0,"D_0__Bacteria; D_1__Firmicutes; D_2__Bacilli; D_3__Bacillales; D_4__Bacillaceae; D_5__Anaerobacillus"
"ace18496e83923bf17132e35ae62017d",0,0,0,0,0,5,0,0,5,0,0,0,0,0,0,9,0,0,0,0,0,0,1,0,0,0,0,0,0,0,0,0,0,0,0,0,0,0,0,"D_0__Bacteria; D_1__Armatimonadetes; D_2__uncultured"
"9af1c72c13a8da30ab6cd25ff2699070",6,0,0,0,0,0,0,0,2,4,0,0,34,2,5,6,0,30,0,0,0,0,3,8,0,0,0,0,0,0,0,0,0,12,21,17,0,0,0,"D_0__Bacteria; D_1__Firmicutes; D_2__Clostridia; D_3__Clostridiales; D_4__Clostridiaceae 4; D_5__Salimesophilobacter; D_6__Salimesophilobacter vulgaris"
"01281fe17d22100dd6e99c3f1fa85a69",68,0,27,9,27,65,5,10,20,44,29,0,148,15,295,19,0,105,17,0,4,0,7,90,10,11,2,6,7,1,22,0,15,219,168,254,0,0,3,"D_0__Bacteria; D_1__Planctomycetes; D_2__Planctomycetacia; D_3__Pirellulales; D_4__Pirellulaceae"
"ff1d9d76ce874661afc3c26cf4ef3493",61,0,35,8,10,26,6,11,2,23,30,0,33,21,41,18,0,32,4,0,7,0,5,77,0,8,5,10,6,0,48,0,4,54,18,52,0,0,0,"D_0__Bacteria; D_1__WS4; D_2__uncultured bacterium; D_3__uncultured bacterium; D_4__uncultured bacterium; D_5__uncultured bacterium; D_6__uncultured bacterium"
"450fe26597706574f3362be474531882",0,0,0,0,3,0,3,0,6,2,0,0,0,0,0,2,0,0,8,0,6,0,0,0,3,4,2,0,4,0,0,7,5,4,0,0,0,0,0,"D_0__Bacteria; D_1__Bacteroidetes; D_2__Bacteroidia; D_3__Bacteroidales; D_4__Marinilabiliaceae; D_5__uncultured; D_6__bacterium YC-ZSS-LKJ7"
"e6be4eee2494c5045320cdf531faad09",40,0,0,0,3,26,0,0,0,9,0,0,40,0,18,37,0,39,0,0,0,0,0,66,0,0,0,10,0,0,0,0,0,37,18,29,0,0,0,"D_0__Bacteria; D_1__Latescibacteria; D_2__Latescibacteria; D_3__Latescibacterales; D_4__Latescibacteraceae; D_5__Candidatus Latescibacter"
"a6572c735dcb537552b6eb2c3b2a9663",2,0,2,0,0,0,0,0,0,0,0,0,0,2,0,0,0,0,0,0,2,0,0,0,0,0,0,0,0,0,0,0,2,0,0,0,0,0,0,"D_0__Bacteria; D_1__Actinobacteria; D_2__WCHB1-81; D_3__uncultured bacterium; D_4__uncultured bacterium; D_5__uncultured bacterium; D_6__uncultured bacterium"
"fd7d8521f7988bfac8df323aa293596b",0,0,0,0,0,0,0,0,0,6,0,0,0,0,0,4,0,0,0,0,0,0,0,0,0,0,0,0,0,0,0,0,0,0,0,0,0,0,0,"D_0__Bacteria; D_1__Firmicutes; D_2__Clostridia; D_3__Clostridiales; D_4__Peptococcaceae; D_5__Desulfotomaculum; D_6__Desulfotomaculum arcticum"
"554d7c7deaef517d11f7684982045d0b",0,0,6,3,0,0,0,0,0,2,0,0,0,9,0,0,0,0,0,0,0,0,0,0,0,0,0,0,0,0,0,0,0,0,0,0,0,0,0,"D_0__Bacteria; D_1__Planctomycetes"
"64d9cd8b070fd01ed25f2592d657be02",2,0,2,0,0,2,2,0,1,2,0,0,2,0,2,0,0,0,2,0,3,0,1,0,0,2,0,0,2,0,0,0,1,0,0,0,0,0,0,"D_0__Bacteria; D_1__Atribacteria; D_2__JS1; D_3__uncultured organism; D_4__uncultured organism; D_5__uncultured organism; D_6__uncultured organism"
"02be648339bc706580b64da09576ee36",14,0,5,2,2,0,4,0,0,0,6,0,3,4,8,0,0,3,3,0,0,0,0,5,0,0,0,0,0,0,5,0,2,6,3,8,0,0,0,"D_0__Bacteria; D_1__Planctomycetes; D_2__Phycisphaerae; D_3__MSBL9; D_4__SG8-4; D_5__uncultured organism; D_6__uncultured organism"
"06b44a4e6f4cb206463c0a886eee0f4c",0,0,19,5,0,0,8,6,60,3,0,0,6,3,1,17,23,5,30,13,37,62,31,0,40,13,11,0,27,31,0,18,41,3,1,4,0,23,3,"D_0__Bacteria; D_1__Chloroflexi; D_2__Anaerolineae; D_3__Anaerolineales; D_4__Anaerolineaceae; D_5__uncultured; D_6__uncultured Chloroflexi bacterium"
"fa778c88d3ddbb075110282d1436a817",0,0,0,0,0,0,0,0,0,0,0,0,0,0,0,10,0,0,0,0,0,0,0,0,0,0,0,0,0,0,0,0,0,0,0,0,0,0,0,"D_0__Bacteria; D_1__Firmicutes; D_2__Clostridia; D_3__Clostridiales; D_4__Ruminococcaceae; D_5__Ruminococcus 2; D_6__Ruminococcus sp. N15.MGS-57"
"c0a16d9a073e0ce38a288bbd499e90d3",0,0,3,0,0,0,0,0,0,0,0,0,0,0,0,3,0,0,3,0,0,0,0,4,0,0,0,0,0,0,0,0,0,0,0,0,0,2,0,"D_0__Bacteria; D_1__Actinobacteria; D_2__WCHB1-81; D_3__uncultured bacterium; D_4__uncultured bacterium; D_5__uncultured bacterium; D_6__uncultured bacterium"
"39814b5af9a616d2ebe60bbf3870c209",0,0,0,1,0,0,0,0,0,0,0,0,0,5,0,0,0,0,0,0,0,0,0,0,0,0,0,0,3,0,0,0,0,0,0,0,0,3,0,"D_0__Bacteria; D_1__Chloroflexi; D_2__Anaerolineae; D_3__Anaerolineales; D_4__Anaerolineaceae; D_5__ADurb.Bin120"
"fe820108cc87d9fd21cb917f28f11329",0,0,0,0,39,47,0,0,0,0,0,0,0,3,19,9,0,0,0,0,0,0,0,0,0,0,0,0,0,0,0,7,0,0,2,0,4,0,0,"D_0__Bacteria; D_1__Proteobacteria; D_2__Deltaproteobacteria; D_3__Desulfobacterales; D_4__Desulfobulbaceae; D_5__[Desulfobacterium] catecholicum group"
"aa4e3d295dbc4fa555be58e0a6d4d29d",0,5,0,0,0,0,0,0,0,0,0,0,0,0,0,2,0,0,0,0,0,2,0,0,0,0,0,2,0,0,0,0,0,0,0,0,0,0,0,"D_0__Bacteria; D_1__Proteobacteria; D_2__Gammaproteobacteria; D_3__Betaproteobacteriales; D_4__Rhodocyclaceae; D_5__Thauera"
"ac6a1184a40181d70656adaaa9af273b",0,0,0,0,0,5,0,0,0,0,0,0,0,0,0,0,0,0,0,0,0,0,0,2,0,0,0,8,0,0,0,0,0,0,0,0,0,0,0,"D_0__Bacteria; D_1__Firmicutes; D_2__Clostridia; D_3__Clostridiales; D_4__Peptococcaceae; D_5__Desulfotomaculum; D_6__Desulfotomaculum intricatum"
"ad6d7bda9f8406ac7603c14d66362e0f",0,0,3,3,0,0,2,0,4,2,0,0,3,7,0,0,0,4,2,0,0,0,5,6,3,0,0,0,0,0,0,0,7,5,0,2,0,0,0,"D_0__Bacteria; D_1__Chloroflexi; D_2__Dehalococcoidia; D_3__vadinBA26; D_4__uncultured Chloroflexi bacterium; D_5__uncultured Chloroflexi bacterium; D_6__uncultured Chloroflexi bacterium"
"480df195963c0ea0edf8f4064594aa9d",17,0,10,5,3,7,2,3,2,3,5,0,15,11,10,8,0,9,3,0,5,3,2,25,0,4,0,15,0,4,17,0,2,10,21,17,0,0,0,"D_0__Bacteria; D_1__Planctomycetes; D_2__Phycisphaerae; D_3__Phycisphaerales; D_4__AKAU3564 sediment group; D_5__uncultured bacterium; D_6__uncultured bacterium"
"97d8a108a2b8aeb6eccfd33d6f0f1db3",6,0,0,0,0,6,2,0,2,0,0,0,8,7,20,0,0,9,8,69,2,0,13,4,0,2,0,3,3,0,0,91,7,17,12,19,0,0,0,"D_0__Bacteria; D_1__Chloroflexi; D_2__Dehalococcoidia; D_3__Dehalococcoidales; D_4__Dehalococcoidales Incertae Sedis; D_5__Dehalobium; D_6__Dehalobium chlorocoercia DF-1"
"409b4995ee868efc150a0fbccfb65f76",0,0,0,0,0,73,2,0,0,43,5,0,1,0,0,51,0,0,0,0,0,2,0,4,0,0,0,1,3,0,0,0,0,0,0,0,0,0,0,"D_0__Bacteria; D_1__Halanaerobiaeota; D_2__Halanaerobiia; D_3__Halanaerobiales; D_4__Halobacteroidaceae; D_5__uncultured"
"477b218a0d97bb97a41de73546fb9c38",0,0,0,0,3,4,0,0,0,3,0,0,3,0,2,3,0,2,2,0,0,0,0,0,0,0,0,2,0,0,0,0,0,13,0,0,0,0,0,"D_0__Bacteria; D_1__Tenericutes; D_2__Mollicutes; D_3__Izimaplasmatales; D_4__Izimaplasmataceae; D_5__bacterium enrichment culture clone R4-81B; D_6__bacterium enrichment culture clone R4-81B"
"3ada1438cd071e9f7aea1372a32aab23",2,0,0,0,0,5,0,0,0,0,39,0,5,0,0,7,0,0,0,0,0,0,0,3,0,0,0,0,0,0,16,0,0,5,4,7,0,0,0,"D_0__Bacteria; D_1__Firmicutes; D_2__Clostridia; D_3__Clostridiales; D_4__Peptococcaceae; D_5__uncultured; D_6__uncultured bacterium"
"76e0c8d88e7ad79153de6434b7648132",5,0,0,0,0,0,0,0,0,0,2,0,3,0,0,0,0,0,0,0,0,0,0,0,0,0,0,0,0,0,2,0,0,0,0,0,0,0,0,"D_0__Bacteria; D_1__Firmicutes; D_2__Clostridia; D_3__Clostridiales; D_4__Lachnospiraceae; D_5__uncultured; D_6__Lachnospiraceae bacterium S37_09_2"
"232d703762bed3660d5b2349719ce526",0,0,0,0,0,0,0,0,0,0,0,0,0,0,0,0,0,0,0,10,0,0,0,0,0,0,0,0,0,0,0,19,0,0,0,0,0,0,0,"D_0__Bacteria; D_1__Proteobacteria; D_2__Gammaproteobacteria; D_3__Alteromonadales; D_4__Marinobacteraceae; D_5__Marinobacter"
"78b9110e43d16e2518f689bf1d916300",0,0,0,0,1,0,0,0,0,0,0,0,0,0,8,0,0,0,0,0,0,0,0,0,0,0,0,0,0,0,0,0,0,5,0,0,0,0,0,"D_0__Bacteria; D_1__Firmicutes; D_2__Clostridia; D_3__Clostridiales; D_4__Clostridiales Incertae Sedis; D_5__Dethiosulfatibacter; D_6__uncultured bacterium"
"80972c4d381725da925aa90fe4653e0c",0,0,0,0,0,0,0,0,0,0,9,0,0,0,3,0,0,0,0,0,0,0,0,0,0,0,0,0,0,0,1,0,0,4,0,0,0,0,0,"D_0__Bacteria; D_1__Firmicutes; D_2__Clostridia; D_3__Clostridiales; D_4__Lachnospiraceae; D_5__uncultured; D_6__uncultured low G+C Gram-positive bacterium"
"d5f2bcea8fec7fabfb754272a5b759d6",0,0,0,0,0,0,0,0,0,0,0,0,0,0,4,0,0,0,0,0,2,0,0,0,0,2,0,0,0,0,0,0,2,3,0,0,0,0,0,"D_0__Bacteria; D_1__Bacteroidetes; D_2__Bacteroidia; D_3__Bacteroidales; D_4__SB-5"
"514be623587be702b089032e16176c74",6,0,0,0,0,0,9,0,8,0,0,0,3,0,0,2,0,0,3,0,3,0,3,4,6,6,0,0,12,0,0,2,9,0,0,0,0,0,0,"D_0__Bacteria; D_1__Bacteroidetes; D_2__Bacteroidia; D_3__Bacteroidales; D_4__Prolixibacteraceae; D_5__uncultured"
"c08e61ef7544128409755694cc8107b4",4,0,2,2,9,8,0,0,3,0,0,0,11,2,4,7,3,17,8,0,8,2,2,9,5,2,4,3,3,3,11,0,9,13,2,6,0,6,2,"D_0__Bacteria; D_1__Actinobacteria; D_2__WCHB1-81; D_3__uncultured bacterium; D_4__uncultured bacterium; D_5__uncultured bacterium; D_6__uncultured bacterium"
"378ada0c96d5c64ce432f5f5e119d7ce",9,0,0,0,0,0,0,0,0,0,0,0,2,0,3,0,0,8,0,0,0,0,0,3,0,0,0,0,0,0,2,0,0,0,2,3,0,0,0,"D_0__Bacteria; D_1__Planctomycetes; D_2__Phycisphaerae; D_3__MSBL9; D_4__4572-13; D_5__uncultured organism; D_6__uncultured organism"
"80e994ecf2cf8722abc3a1ec19e66985",89,0,74,30,16,26,37,9,80,10,24,2,196,61,244,54,7,219,44,0,32,4,39,126,44,12,8,30,34,13,61,0,67,271,286,366,8,6,3,"D_0__Bacteria; D_1__Proteobacteria; D_2__Deltaproteobacteria; D_3__Desulfuromonadales; D_4__Desulfuromonadaceae; D_5__Pelobacter"
"8e3debaf9e4cf3defdf2447838bc212f",155,0,0,0,26,17,3,0,6,16,12,0,62,0,72,35,0,54,16,0,7,0,5,179,7,5,0,18,10,0,4,0,7,103,78,125,2,0,0,"D_0__Bacteria; D_1__Planctomycetes; D_2__Phycisphaerae; D_3__Phycisphaerales; D_4__AKAU3564 sediment group"
"3c5442845adaa5ee9a124d5d6c932576",13,35,0,0,12,58,0,0,54,50,0,52,0,0,0,0,31,2,0,0,0,50,0,24,43,0,0,5,0,79,3,0,0,3,0,0,53,62,102,"D_0__Bacteria; D_1__Firmicutes; D_2__Clostridia; D_3__Clostridiales; D_4__Lachnospiraceae; D_5__uncultured; D_6__uncultured Firmicutes bacterium"
"318f2858ae659711997b10d3ba62e64e",0,0,0,0,0,0,0,0,0,0,0,0,0,0,0,0,3,0,0,0,0,3,0,0,0,0,0,0,0,4,0,0,0,0,0,0,0,4,0,"D_0__Bacteria; D_1__Spirochaetes; D_2__Spirochaetia; D_3__Spirochaetales; D_4__Spirochaetaceae; D_5__Spirochaeta 2"
"3d2a6bbbea8555d33e0c00837b2f8665",0,0,2,0,0,0,0,0,2,0,0,0,0,0,0,11,0,2,0,0,0,0,0,2,2,0,0,0,2,0,0,0,0,6,0,0,0,0,0,"D_0__Bacteria; D_1__Firmicutes; D_2__Clostridia; D_3__Clostridiales; D_4__Christensenellaceae; D_5__uncultured"
"3227a6a5577f5d29a4df2c60aff11616",43,0,2,0,9,26,0,0,0,21,42,0,0,0,3,32,0,0,0,0,0,0,3,66,0,0,0,17,2,0,9,0,2,0,0,0,0,0,0,"D_0__Bacteria; D_1__Firmicutes; D_2__Clostridia; D_3__Clostridiales; D_4__Clostridiaceae 1"
"baaca12b62ab81769a7207fb6799d681",0,0,0,0,0,2,4,0,9,2,0,0,3,0,0,0,0,0,19,0,10,0,10,0,8,10,0,0,8,0,0,0,17,0,0,0,0,0,0,"D_0__Bacteria; D_1__Bacteroidetes; D_2__Bacteroidia; D_3__Bacteroidales; D_4__Prolixibacteraceae; D_5__uncultured"
"57dfdddb84e0a9b45ac35bf2b379aab6",0,0,0,0,11,0,0,0,0,0,0,0,0,0,0,4,0,0,0,0,0,0,0,0,0,0,0,0,0,0,0,0,0,3,0,0,0,0,0,"D_0__Bacteria; D_1__Planctomycetes; D_2__Phycisphaerae; D_3__MSBL9; D_4__SG8-4"
"6348ee3d09f4d1897db8a93d2a841a3d",0,0,0,0,0,0,0,0,0,0,0,0,0,0,0,0,0,0,0,3,0,0,0,0,0,0,0,0,0,0,0,9,0,0,0,0,0,0,0,"D_0__Bacteria; D_1__Proteobacteria; D_2__Gammaproteobacteria; D_3__Oceanospirillales; D_4__Pseudohongiellaceae; D_5__Pseudohongiella; D_6__uncultured Halomonadaceae bacterium"
"037882f13c1ae244f9c7aa7f95ac4b38",10,0,0,0,5,5,2,0,3,8,12,0,4,0,11,0,0,0,6,5,2,0,3,14,3,3,0,5,2,0,1,6,3,5,6,9,0,0,0,"D_0__Bacteria; D_1__Firmicutes; D_2__Clostridia; D_3__Clostridiales; D_4__Ruminococcaceae; D_5__uncultured"
"ac704763d7ac5b90a7b18c4b171244da",48,7,138,34,26,65,500,26,486,41,12,3,115,53,65,52,31,68,719,272,628,50,530,51,393,313,135,21,399,26,14,436,646,85,39,47,2,19,31,"D_0__Bacteria; D_1__Acidobacteria; D_2__Aminicenantia; D_3__Aminicenantales"
"56485ed1137e77602d3520d635cf8bad",0,0,0,0,0,0,0,0,0,0,0,0,0,0,0,9,0,0,0,0,0,0,0,3,0,0,0,0,0,0,0,0,0,0,0,0,0,0,0,"D_0__Bacteria; D_1__Tenericutes; D_2__Mollicutes; D_3__Haloplasmatales; D_4__Haloplasmataceae; D_5__Haloplasma; D_6__uncultured bacterium"
"d466f1c9a60a3e52d0189e69ac7d7729",0,0,6,0,3,9,0,0,0,4,0,0,2,0,6,6,0,4,2,0,2,0,4,4,0,0,0,0,2,0,0,0,2,3,3,3,0,2,0,"D_0__Bacteria; D_1__Chloroflexi; D_2__Anaerolineae; D_3__RBG-13-54-9"
"1caabeb57e0bbd8865021c4e898c7260",0,0,5,0,3,0,9,3,24,0,0,0,0,3,2,0,39,2,25,20,18,45,24,0,14,13,7,0,16,54,2,32,14,9,0,0,0,35,0,"D_0__Bacteria; D_1__Chloroflexi; D_2__Anaerolineae; D_3__Anaerolineales; D_4__Anaerolineaceae; D_5__ADurb.Bin120"
"5b1511ef94ea952e8a245e7161e329e3",3,0,0,0,7,59,3,0,0,22,0,0,2,0,10,65,0,5,0,0,2,0,0,1,0,2,0,0,3,0,0,0,0,1,3,7,0,0,0,"D_0__Bacteria; D_1__Bacteroidetes; D_2__Bacteroidia; D_3__Bacteroidales; D_4__Marinilabiliaceae; D_5__Marinilabilia"
"948926e5c98f67b6bf88276828fc6ca1",0,0,0,0,0,0,0,0,3,0,0,0,0,0,0,0,0,0,2,0,0,0,4,0,0,0,0,0,0,0,0,4,0,0,0,0,0,0,0,"D_0__Bacteria; D_1__Atribacteria; D_2__JS1"
"51e6362fcd41ba151b6f68a35a738753",0,0,3,0,0,0,3,0,4,0,0,0,0,0,0,0,0,0,7,0,0,0,3,0,4,6,0,0,0,0,0,0,7,0,0,0,0,0,0,"D_0__Bacteria; D_1__Firmicutes; D_2__Clostridia"
"70d8807b3e5c88c6ba0e839167910f39",0,0,3,0,0,0,0,0,3,0,0,0,0,5,0,0,2,0,3,0,2,0,0,0,2,0,0,0,3,0,0,0,4,0,0,0,0,0,0,"D_0__Bacteria; D_1__Hydrogenedentes; D_2__Hydrogenedentia; D_3__Hydrogenedentiales; D_4__Hydrogenedensaceae; D_5__uncultured bacterium; D_6__uncultured bacterium"
"1bf58b8c6eb3d7bdd74cb2e83f5cbd5a",0,0,0,2,0,0,0,0,5,0,0,0,0,3,0,3,0,0,0,0,0,1,0,0,2,0,1,0,2,0,0,0,5,0,0,0,0,0,0,"D_0__Bacteria; D_1__Chloroflexi; D_2__Anaerolineae; D_3__Anaerolineales; D_4__Anaerolineaceae; D_5__uncultured; D_6__uncultured Chloroflexi bacterium"
"3e650239eda9a8db354dfb6b4a2e024a",0,0,0,0,2,0,3,0,4,0,0,0,0,0,0,0,0,0,6,0,11,0,5,0,0,3,2,0,6,0,0,2,7,0,0,2,0,0,0,"D_0__Bacteria; D_1__Bacteroidetes; D_2__Bacteroidia; D_3__Bacteroidales; D_4__Marinilabiliaceae; D_5__uncultured; D_6__bacterium YC-ZSS-LKJ7"
"341f27c580808d490e4cb552aa2d00c7",2,0,3,0,0,0,0,0,0,0,0,0,0,0,0,4,0,0,0,0,0,0,0,0,0,0,0,0,0,0,0,0,0,2,0,0,0,0,0,"D_0__Bacteria; D_1__Firmicutes; D_2__Limnochordia; D_3__Limnochordales; D_4__uncultured"
"34ca165929265d37a69c78fdccc727f8",10,0,0,0,6,16,9,0,7,10,2,0,19,0,11,42,0,14,29,2,20,0,25,15,6,7,5,0,19,0,2,2,30,2,10,14,0,0,0,"D_0__Bacteria; D_1__Spirochaetes; D_2__Spirochaetia; D_3__Spirochaetales; D_4__Spirochaetaceae; D_5__Sphaerochaeta"
"21a561f4989592477babc8064d01ec1d",0,0,0,0,0,0,0,0,0,3,0,0,0,0,0,0,0,2,3,1,0,0,0,0,0,1,4,0,1,0,0,3,9,0,0,0,0,0,0,"D_0__Bacteria; D_1__Bacteroidetes; D_2__Bacteroidia; D_3__Bacteroidales; D_4__Bacteroidetes BD2-2"
"9c500d907ab774581a39970a8e95a92c",4,0,0,0,0,5,0,0,2,3,3,0,14,0,5,0,0,5,8,14,3,0,4,6,0,2,2,0,3,0,0,24,8,10,2,3,0,0,0,"D_0__Bacteria; D_1__Marinimicrobia (SAR406 clade); D_2__uncultured eubacterium AB16; D_3__uncultured eubacterium AB16; D_4__uncultured eubacterium AB16; D_5__uncultured eubacterium AB16; D_6__uncultured eubacterium AB16"
"56391929eed372e159a66744d6b7dd93",0,0,0,0,0,0,0,0,0,0,5,0,0,0,0,0,0,0,0,0,0,0,0,0,0,0,0,0,0,0,5,0,0,0,0,0,0,0,0,"D_0__Bacteria; D_1__Firmicutes; D_2__Clostridia; D_3__Clostridiales; D_4__Lachnospiraceae"
"c3807f94f0c18e3a726a871522100104",3,0,0,0,0,0,0,0,0,0,0,0,6,0,0,11,0,4,0,0,3,0,2,0,0,0,0,0,0,0,1,0,0,0,0,2,0,0,0,"D_0__Bacteria; D_1__Halanaerobiaeota; D_2__Halanaerobiia; D_3__Halanaerobiales; D_4__Halobacteroidaceae; D_5__uncultured"
"c535702dd9525bee1efec026e4a2d4ea",0,0,0,0,0,0,2,0,0,0,0,0,0,0,0,0,2,0,1,0,2,0,0,0,3,0,0,0,0,0,0,0,0,0,0,0,0,0,0,"D_0__Bacteria; D_1__Atribacteria; D_2__JS1; D_3__uncultured organism; D_4__uncultured organism; D_5__uncultured organism; D_6__uncultured organism"
"73bf9d2ec2cbb6e96f82a4c3b06baca4",3,0,3,0,3,0,0,0,0,0,0,0,0,0,0,0,0,0,0,0,0,0,0,0,0,0,0,0,0,0,0,0,0,0,0,2,0,0,0,"D_0__Bacteria; D_1__Chloroflexi; D_2__Dehalococcoidia; D_3__FW22; D_4__uncultured bacterium; D_5__uncultured bacterium; D_6__uncultured bacterium"
"c9b1b6d718a6fd5fd10023c1bf7d54d9",0,0,0,0,0,0,0,0,0,0,0,0,3,0,0,0,0,0,0,3,0,0,0,2,0,0,0,2,0,0,0,9,0,0,0,0,0,0,0,"D_0__Bacteria; D_1__Proteobacteria; D_2__Deltaproteobacteria; D_3__Syntrophobacterales; D_4__Syntrophaceae; D_5__uncultured; D_6__uncultured bacterium"
"e902f7f5ca8b0086b3258a6e2680496c",7,0,0,0,1,11,0,0,0,17,1,0,13,0,9,3,0,19,0,0,0,0,0,0,0,0,0,0,2,0,4,0,0,10,9,20,0,0,0,"D_0__Bacteria; D_1__Firmicutes; D_2__Clostridia; D_3__Clostridiales; D_4__Family XI; D_5__Sedimentibacter; D_6__Sedimentibacter acidaminivorans"
"3854cf21860e56398b462220f40c2842",0,0,0,0,0,2,0,0,1,0,0,0,0,0,0,8,0,2,0,0,0,0,0,0,1,0,0,0,0,0,0,0,0,0,0,0,0,0,0,"D_0__Bacteria; D_1__Proteobacteria; D_2__Deltaproteobacteria; D_3__Desulfobacterales; D_4__Desulfobacteraceae; D_5__Desulfonatronobacter; D_6__uncultured bacterium"
"2281c1e48025bd864500e4f550502df4",0,0,0,0,0,0,1,0,0,0,0,0,0,0,0,0,0,0,0,2,6,0,5,0,2,0,0,0,0,0,0,1,2,0,0,0,0,4,0,"D_0__Bacteria; D_1__Cloacimonetes; D_2__Cloacimonadia; D_3__Cloacimonadales; D_4__Cloacimonadaceae; D_5__Candidatus Cloacimonas; D_6__uncultured bacterium"
"735cc40fb2bdd19424dfca44439c59da",0,0,13,0,0,0,0,0,0,0,0,0,2,2,0,0,0,0,0,0,0,2,0,0,0,0,0,0,0,0,0,0,0,0,0,0,0,0,0,"D_0__Bacteria; D_1__Chloroflexi; D_2__Anaerolineae; D_3__SBR1031"
"4d9e0394108df71ac47d1100fafb7d07",1,0,42,25,4,12,161,6,116,9,7,3,13,27,24,15,201,29,219,83,163,253,214,10,89,106,54,9,139,332,4,141,215,7,17,6,3,252,3,"D_0__Bacteria; D_1__Thermotogae; D_2__Thermotogae; D_3__Kosmotogales; D_4__Kosmotogaceae; D_5__Mesotoga; Ambiguous_taxa"
"87d5c9a9378af1c45a46e6374204d050",0,0,0,0,0,2,0,0,0,4,3,0,0,0,0,1,0,0,0,0,0,0,0,0,0,0,0,0,2,0,9,0,0,0,2,4,0,0,0,"D_0__Bacteria; D_1__Firmicutes; D_2__Clostridia; D_3__Clostridiales; D_4__Clostridiaceae 4; D_5__Salimesophilobacter; D_6__Salimesophilobacter vulgaris"
"15fd199f94527749ae78bbb34eb172f2",3,0,0,3,0,11,21,0,43,3,0,0,6,0,11,3,0,15,44,2,38,0,45,3,42,18,16,0,16,0,4,3,42,19,2,4,0,0,3,"D_0__Bacteria; D_1__Bacteroidetes; D_2__Bacteroidia; D_3__Bacteroidales; D_4__Prolixibacteraceae; D_5__uncultured"
"94548785d02fcbe4204d69a2c18e6199",0,0,0,0,0,0,3,0,2,2,0,0,0,0,0,0,0,2,5,5,2,3,6,0,5,3,2,0,1,0,0,2,3,0,0,0,0,0,0,"D_0__Bacteria; D_1__Synergistetes; D_2__Synergistia; D_3__Synergistales; D_4__Synergistaceae; D_5__uncultured; D_6__uncultured bacterium"
"f00d30669773c86d1ebac1ef0b225674",0,0,2,0,0,10,0,0,0,3,0,0,0,0,0,0,0,0,0,0,0,0,0,3,0,0,0,0,0,0,0,0,0,3,0,2,0,0,0,"D_0__Bacteria; D_1__LCP-89; D_2__uncultured bacterium; D_3__uncultured bacterium; D_4__uncultured bacterium; D_5__uncultured bacterium; D_6__uncultured bacterium"
"45c415ac7fa9ea53370303855daba1cc",0,0,0,0,3,2,0,0,0,0,41,0,5,0,4,10,0,6,0,0,0,0,0,3,0,0,0,5,0,0,31,0,0,6,0,2,0,0,0,"D_0__Bacteria; D_1__Firmicutes; D_2__Clostridia; D_3__Clostridiales; D_4__Peptococcaceae"
"4a1b0065a856605f879e02c913fa3441",14,0,7,3,6,4,0,0,0,5,0,0,8,5,11,3,0,0,0,0,0,0,0,12,0,0,0,0,0,0,0,0,0,5,10,10,0,0,0,"D_0__Bacteria; D_1__Planctomycetes; D_2__Phycisphaerae; D_3__Phycisphaerales; D_4__AKAU3564 sediment group; D_5__uncultured bacterium; D_6__uncultured bacterium"
"b7adf895e95d3adafdfae5548cc4c2b3",0,0,0,0,0,0,0,0,0,0,0,10,0,0,0,0,0,0,0,0,0,0,0,0,0,0,0,0,0,0,0,0,0,0,0,0,16,2,0,"D_0__Bacteria; D_1__Firmicutes; D_2__Clostridia; D_3__Clostridiales; D_4__Syntrophomonadaceae; D_5__Syntrophomonas"
"ff398f453fabe6e1ef81991807fd3ac8",1,0,0,0,0,1,0,0,11,0,3,0,0,0,0,4,0,3,0,0,0,0,0,0,10,0,0,0,0,0,0,0,0,0,0,3,0,0,0,"D_0__Bacteria; D_1__Firmicutes; D_2__Clostridia; D_3__Thermoanaerobacterales; D_4__SRB2; D_5__iron-reducing bacterium enrichment culture clone HN-HFO75; D_6__iron-reducing bacterium enrichment culture clone HN-HFO75"
"47308949ae70a3b3b201059d8f0bdbc9",0,0,0,0,0,0,0,0,0,0,0,0,0,0,0,0,0,0,0,0,2,0,3,0,0,0,0,0,3,0,0,0,2,0,0,0,0,0,0,"D_0__Bacteria; D_1__Bacteroidetes; D_2__Bacteroidia; D_3__Bacteroidales; D_4__Prolixibacteraceae"
"52bea779d806fa9b48e36274e2f7817e",3,0,0,0,1,0,0,0,0,0,0,0,0,0,0,0,0,0,0,0,0,0,0,18,0,0,0,0,0,0,0,0,0,0,0,0,0,0,0,"D_0__Bacteria; D_1__Firmicutes; D_2__Clostridia; D_3__Clostridiales"
"9880cfef37bea05f335ce0a6f738ee82",0,0,0,0,0,0,0,0,0,0,0,0,2,0,0,0,0,0,2,0,0,0,3,0,0,0,0,0,2,0,0,0,3,0,0,0,0,0,0,"D_0__Bacteria; D_1__Actinobacteria; D_2__WCHB1-81; D_3__uncultured bacterium; D_4__uncultured bacterium; D_5__uncultured bacterium; D_6__uncultured bacterium"
"19088eba358cd5eec43899f1012f654e",0,0,0,0,9,17,0,0,0,6,5,0,0,0,5,0,0,0,0,0,0,0,0,0,0,0,0,6,0,0,0,0,0,0,0,0,0,0,0,"D_0__Bacteria; D_1__Bacteroidetes; D_2__Ignavibacteria; D_3__Ignavibacteriales; D_4__Melioribacteraceae; D_5__Melioribacter; D_6__uncultured organism"
"7c59541b65b726669284690251a8af68",0,0,1,0,0,0,0,0,0,0,6,0,0,1,0,0,0,0,0,0,0,0,0,0,0,0,0,4,0,0,0,0,0,0,0,0,0,0,0,"D_0__Bacteria; D_1__Firmicutes; D_2__Clostridia; D_3__Clostridiales"
"c03953c92a48649a55ab1e3bd342fcd7",146,0,18,4,19,0,0,4,0,0,226,0,3,0,8,83,0,8,0,0,0,0,0,143,3,0,0,10,0,0,147,0,0,0,5,4,2,6,0,"D_0__Bacteria; D_1__Firmicutes; D_2__Clostridia; D_3__Clostridiales; D_4__Peptococcaceae; D_5__Desulfotomaculum; D_6__Desulfotomaculum tongense"
"ecb91af115337047f94dcafcc0b3f706",0,0,2,0,0,0,5,0,8,0,0,0,0,0,0,7,0,0,5,0,7,3,6,0,6,2,4,0,6,0,0,10,8,7,0,0,0,0,0,"D_0__Bacteria; D_1__Chloroflexi; D_2__Anaerolineae; D_3__Anaerolineales; D_4__Anaerolineaceae; D_5__ADurb.Bin120"
"cf0db4212a6824ea7f4c40393e6e81e4",0,0,17,0,0,0,0,2,3,5,0,0,0,9,0,0,0,0,6,0,5,0,0,0,2,3,0,0,2,3,0,0,3,0,0,0,0,0,0,"D_0__Bacteria; D_1__Chloroflexi; D_2__Anaerolineae; D_3__Anaerolineales; D_4__Anaerolineaceae; D_5__Levilinea; D_6__uncultured organism"
"3d2c1d976b7a07dc80597f229309463e",10,0,57,4,0,5,0,14,0,0,0,0,3,9,5,10,9,0,2,0,0,12,0,6,0,0,0,1,2,8,0,0,0,0,0,0,0,4,0,"D_0__Bacteria; D_1__Chloroflexi; D_2__Anaerolineae; D_3__SBR1031"
"a5c4c6e3d334290157aadaf8eede7264",0,0,0,0,2,0,4,0,0,0,0,0,2,0,0,0,0,0,2,0,3,0,3,0,0,5,0,0,2,0,0,0,0,0,0,0,0,0,0,"D_0__Bacteria; D_1__Firmicutes; D_2__Clostridia; D_3__Clostridiales; D_4__Ruminococcaceae; D_5__Ruminococcus 1; D_6__Clostridiales bacterium KM2"
"f4d5f455e0628251362bf4d6231b503d",7,0,0,0,0,0,0,0,0,0,0,0,2,0,0,39,0,0,0,0,0,0,0,7,0,0,0,0,0,0,0,0,0,0,0,0,0,4,0,"D_0__Bacteria; D_1__Firmicutes; D_2__Clostridia; D_3__Clostridiales; D_4__Peptococcaceae; D_5__uncultured; D_6__uncultured bacterium"
"6d85cc25c15ec1864b4821396bf9f734",0,0,0,0,0,4,0,0,0,0,0,0,0,0,0,0,0,0,0,0,0,0,0,10,0,0,0,3,0,0,0,0,0,0,0,0,0,0,0,"D_0__Bacteria; D_1__Firmicutes; D_2__Clostridia; D_3__Clostridiales; D_4__Peptococcaceae; D_5__uncultured; D_6__uncultured bacterium"
"0bc84cce172186c5106676725b89b36c",0,0,0,0,0,0,0,0,0,27,0,0,0,0,4,16,0,4,2,2,0,0,0,3,0,0,0,0,2,0,0,0,0,0,0,0,0,0,0,"D_0__Bacteria; D_1__Bacteroidetes; D_2__Bacteroidia; D_3__Bacteroidales; D_4__Marinilabiliaceae; D_5__Marinilabilia; D_6__Marinilabilia nitratireducens"
"e5f48a829c7367c26b0b993ef6d500ca",0,0,0,0,0,0,0,0,0,0,19,0,0,0,0,0,0,0,0,0,0,0,0,0,0,0,0,6,0,0,18,0,0,0,0,0,0,2,0,"D_0__Bacteria; D_1__Firmicutes; D_2__Clostridia; D_3__Clostridiales; D_4__Clostridiaceae 4; D_5__Caminicella"
"70fa5fadd6fd5cb65323a04812ef2f61",0,0,0,0,0,0,0,0,1,0,0,0,0,0,0,0,0,0,4,0,1,0,0,2,0,1,4,0,0,0,0,0,1,0,0,0,0,3,0,"D_0__Bacteria; D_1__Atribacteria; D_2__JS1; D_3__uncultured organism; D_4__uncultured organism; D_5__uncultured organism; D_6__uncultured organism"
"34e2bd84c9af042928f5258392bd0497",0,0,0,10,0,0,0,0,0,0,0,0,0,6,0,0,0,0,0,0,0,0,0,0,0,0,0,0,0,0,0,0,0,0,0,0,0,0,0,"D_0__Bacteria; D_1__Hydrogenedentes; D_2__Hydrogenedentia; D_3__Hydrogenedentiales; D_4__Hydrogenedensaceae; D_5__uncultured bacterium; D_6__uncultured bacterium"
"6c8337d33b4356de25877807a2f2ba0c",0,0,0,0,0,4,0,0,3,0,0,0,0,3,0,0,2,3,0,0,0,5,2,3,0,0,0,0,2,2,0,0,0,6,0,2,0,0,0,"D_0__Bacteria; D_1__Proteobacteria; D_2__Deltaproteobacteria; D_3__Desulfobacterales; D_4__Desulfobulbaceae"
"a1003371962ddf8655d071834ab0cfa6",0,0,0,3,0,0,0,0,0,0,0,5,0,0,0,0,0,3,0,0,0,0,0,0,0,0,0,0,0,4,0,0,0,1,0,0,6,0,0,"D_0__Bacteria; D_1__Firmicutes; D_2__Clostridia; D_3__Clostridiales; D_4__Peptococcaceae; D_5__uncultured; D_6__uncultured bacterium"
"f7636b88a981af7449f33cae966d1c1b",0,0,0,0,0,0,2,0,0,0,0,0,0,0,2,0,0,2,2,4,0,0,7,5,3,5,0,0,3,0,0,12,3,0,0,0,0,0,0,"D_0__Bacteria; D_1__Bacteroidetes; D_2__Bacteroidia; D_3__Flavobacteriales; D_4__Flavobacteriaceae; D_5__Eudoraea; Ambiguous_taxa"
"59d96be45d38c8285fbeee826c9103f6",0,0,0,0,4,4,0,0,0,0,0,0,0,0,0,0,0,0,4,3,2,0,0,0,2,0,0,0,2,0,0,4,0,2,0,0,0,0,0,"D_0__Bacteria; D_1__Proteobacteria; D_2__Gammaproteobacteria; D_3__Thiotrichales; D_4__Thiotrichaceae; D_5__uncultured"
"511de0ed4a7924779d0e04a84e4cef23",0,0,0,0,0,4,5,0,8,0,0,0,3,0,0,3,8,0,2,0,2,13,0,0,3,4,0,0,6,19,0,0,13,6,8,0,0,13,0,"D_0__Bacteria; D_1__Synergistetes; D_2__Synergistia; D_3__Synergistales; D_4__Synergistaceae; D_5__Thermovirga; D_6__uncultured Synergistaceae bacterium"
"fbc4c8d3bfc1060ce2da3ebb47883ebd",2,0,0,0,0,0,0,0,0,0,0,0,0,0,0,0,6,0,0,0,0,15,0,4,0,0,0,0,0,2,0,0,0,0,0,0,0,3,0,"D_0__Bacteria; D_1__Proteobacteria; D_2__Deltaproteobacteria; D_3__Syntrophobacterales; D_4__Syntrophaceae; D_5__uncultured"
"b9bb4bb31bfd98d963873f71cc2cc9a7",0,0,0,0,0,2,4,0,5,3,0,0,3,0,0,0,1,2,8,6,4,8,5,0,4,3,0,0,4,5,0,8,9,2,0,0,0,5,0,"D_0__Bacteria; D_1__Chloroflexi; D_2__Anaerolineae; D_3__Anaerolineales; D_4__Anaerolineaceae; D_5__ADurb.Bin120"
"917bd03923bef4d454d05b2138f94cf9",0,0,0,0,0,4,0,0,0,0,0,0,0,0,4,0,0,0,0,0,0,0,0,0,0,0,0,0,0,0,0,0,0,0,3,0,0,0,0,"D_0__Bacteria; D_1__Firmicutes; D_2__Clostridia; D_3__Clostridiales; D_4__Lachnospiraceae; D_5__Vallitalea; D_6__Clostridium sp. AN-AS6C"
"a1267d17405a653507247d952b7ecc2e",0,0,0,0,0,1,0,0,0,2,0,0,0,0,3,4,0,0,0,3,11,0,10,0,1,0,0,0,0,0,0,1,0,0,0,0,0,0,0,"D_0__Bacteria; D_1__Spirochaetes; D_2__Spirochaetia; D_3__Spirochaetales; D_4__Spirochaetaceae; D_5__Sphaerochaeta; D_6__bacterium enrichment culture clone M235"
"d51bf20cefb947ab2c85d00ee39fed5d",2,0,0,0,0,7,0,0,0,0,0,0,0,3,0,0,0,0,0,0,0,0,0,12,0,0,0,0,0,2,0,0,0,0,2,0,2,0,0,"D_0__Bacteria; D_1__Firmicutes; D_2__Clostridia; D_3__Clostridiales; D_4__Peptococcaceae; D_5__uncultured; D_6__uncultured bacterium"
"4727c93e83cfd89df5d9a2ba68408ce5",3,0,0,0,4,1,27,4,0,5,0,0,9,3,8,6,0,0,44,4,15,0,34,20,15,32,0,0,24,0,0,2,40,0,0,11,0,0,0,"D_0__Bacteria; D_1__Bacteroidetes; D_2__Bacteroidia; D_3__Bacteroidales; D_4__Prolixibacteraceae; D_5__uncultured; D_6__uncultured bacterium"
"94c1b9a396cbbe609777b1cd347dba8c",0,0,3,0,19,0,0,0,0,0,0,0,0,0,0,1,0,9,0,0,1,0,1,0,0,0,0,0,0,0,0,0,0,3,0,3,0,0,4,"D_0__Bacteria; D_1__Firmicutes; D_2__Clostridia; D_3__Clostridiales; D_4__Lachnospiraceae; D_5__Anaerocolumna; D_6__uncultured bacterium"
"acae2c1ace725fbfbca692a788a61792",0,0,7,2,0,0,0,0,0,0,0,0,2,0,0,0,0,0,0,0,1,0,0,0,0,0,0,0,0,0,0,0,0,0,0,0,0,0,0,"D_0__Bacteria; D_1__Chloroflexi; D_2__Anaerolineae; D_3__Anaerolineales; D_4__Anaerolineaceae; D_5__Pelolinea; D_6__uncultured bacterium"
"cc9db9a37ed5882b7290f843c8ef754d",13,0,0,0,34,55,8,0,6,55,16,0,1,0,14,103,0,0,8,0,10,0,18,12,3,9,7,38,10,0,7,2,15,15,1,0,0,0,0,"D_0__Bacteria; D_1__Bacteroidetes; D_2__Bacteroidia; D_3__Bacteroidales; D_4__Prolixibacteraceae; D_5__uncultured; D_6__benzene mineralizing consortium clone SB-1"
"9229c8cca57454ed77d2486346693537",6,2,10,3,224,16,1,0,0,8,102,1,18,0,16,16,5,12,0,0,0,5,0,15,5,0,2,115,0,12,78,0,6,32,14,16,1,7,1,"D_0__Bacteria; D_1__Firmicutes; D_2__Clostridia; D_3__Clostridiales; D_4__Clostridiaceae 3; D_5__Brassicibacter; D_6__uncultured Firmicutes bacterium"
"2275b45ba41e583c02aaf5c5ae765ea2",0,0,0,0,0,0,3,0,0,1,0,0,0,0,0,0,0,0,0,0,0,0,0,0,0,0,0,4,0,0,0,0,2,0,0,0,0,0,0,"D_0__Bacteria; D_1__Firmicutes; D_2__Clostridia; D_3__Clostridiales; D_4__Lachnospiraceae; D_5__Mobilitalea; D_6__Mobilitalea sibirica"
"7278211d26b5c7198fa83193c3d2d5ea",0,0,0,0,0,9,0,0,0,0,2,0,0,0,0,0,0,3,0,0,0,0,0,2,0,0,0,0,0,0,2,0,0,3,2,0,0,0,0,"D_0__Bacteria; D_1__Firmicutes; D_2__Clostridia; D_3__Clostridiales; D_4__Ruminococcaceae"
"60f389328f56fd318631ba171831ccb7",6,0,0,0,7,5,0,0,0,4,0,0,8,0,0,8,0,3,0,0,0,0,0,3,0,0,0,3,0,0,0,0,0,2,2,0,2,0,0,"D_0__Bacteria; D_1__Lentisphaerae; D_2__Oligosphaeria; D_3__Oligosphaerales; D_4__Lenti-02; D_5__uncultured organism; D_6__uncultured organism"
"4165ce8dcf031f0e2e6ddb48f5fb5a73",79,0,28,3,17,128,195,4,113,97,4,0,95,8,256,93,0,80,279,36,199,3,229,89,80,133,49,16,181,2,3,48,280,292,126,176,0,3,0,"D_0__Bacteria; D_1__Bacteroidetes; D_2__Bacteroidia; D_3__Bacteroidales; D_4__Marinilabiliaceae; D_5__uncultured; D_6__uncultured Bacteroidetes bacterium"
"b01fffe9ce61f1c9d4cc53394e2db51e",0,0,0,0,0,0,0,0,0,0,0,0,0,0,0,0,0,0,0,4,2,0,3,0,0,0,0,0,2,0,0,9,0,0,0,0,0,0,0,"D_0__Bacteria; D_1__Bacteroidetes; D_2__Bacteroidia; D_3__Flavobacteriales; D_4__Flavobacteriaceae; D_5__Actibacter; D_6__uncultured Bacteroidetes bacterium"
"dce14ed2bd3ff4afda9f62c19cf4d944",0,0,0,0,0,0,0,0,4,0,0,0,0,0,0,2,0,0,0,0,0,0,0,4,1,0,0,0,0,0,0,0,0,0,0,0,0,0,0,"D_0__Bacteria; D_1__Firmicutes; D_2__Clostridia; D_3__Clostridiales; D_4__Peptococcaceae"
"226e3351bf9c1256976142cb5e48b132",0,0,0,0,6,0,0,0,0,2,0,0,0,0,0,0,0,0,0,0,0,0,0,0,0,0,0,0,2,0,3,0,0,0,0,0,0,0,0,"D_0__Bacteria; D_1__Firmicutes; D_2__Clostridia; D_3__Clostridiales; D_4__Ruminococcaceae; D_5__uncultured"
"f9e2ff686e69eb61b2fe265517d31357",0,0,0,0,0,0,0,0,0,0,0,7,0,0,0,0,0,0,0,0,0,0,0,0,0,0,0,0,0,9,0,0,0,0,0,0,6,8,0,"D_0__Bacteria; D_1__Firmicutes; D_2__Clostridia; D_3__Clostridiales; D_4__Ruminococcaceae"
"e58f070861f3d4e8efc64b0c26ad8d2e",143,2,11,3,101,660,219,6,106,343,17,0,131,8,276,359,2,115,425,17,439,0,446,176,99,176,147,98,222,2,24,19,251,479,293,354,3,0,6,"D_0__Bacteria; D_1__Proteobacteria; D_2__Deltaproteobacteria; D_3__Desulfobacterales; D_4__Desulfobacteraceae; D_5__Desulfotignum"
"91919e66d88df341892405a5d6282445",0,0,0,0,0,0,0,0,0,0,0,0,0,0,0,0,0,0,0,0,0,0,0,0,0,0,0,0,0,0,0,16,0,0,0,0,0,0,0,"D_0__Bacteria; D_1__Proteobacteria; D_2__Gammaproteobacteria; D_3__Oceanospirillales; D_4__Nitrincolaceae; D_5__Marinobacterium"
"a9fab55e8bd087698be711f6c7aea038",0,0,0,0,0,0,1,0,0,0,0,0,0,0,0,0,0,0,2,11,2,0,1,0,0,0,0,0,0,0,0,12,2,0,0,0,0,0,0,"D_0__Bacteria; D_1__Firmicutes; D_2__Clostridia; D_3__Clostridiales; D_4__Clostridiales Incertae Sedis; D_5__Dethiosulfatibacter; D_6__uncultured bacterium"
"d2e9d0b252a4e4d8e429e5cb3fe6750f",0,0,5,0,0,2,0,0,2,4,0,2,1,0,2,0,5,3,4,0,0,6,0,0,1,0,2,5,0,4,0,0,0,0,3,2,0,4,0,"D_0__Bacteria; D_1__Actinobacteria; D_2__WCHB1-81; D_3__uncultured bacterium; D_4__uncultured bacterium; D_5__uncultured bacterium; D_6__uncultured bacterium"
"79e8e4861e27b147a6446c68d9f11bf1",0,0,0,0,0,0,0,0,0,0,0,0,0,0,1,3,0,0,0,0,0,0,0,7,0,0,0,0,0,0,0,0,0,0,0,0,0,0,0,"D_0__Bacteria; D_1__Planctomycetes; D_2__Phycisphaerae; D_3__MSBL9; D_4__SM23-30; D_5__uncultured organism; D_6__uncultured organism"
"f1d86b8ffc87a76641b1ca325009c089",0,0,2,0,0,2,0,0,0,0,0,0,0,0,0,0,0,0,9,0,4,1,5,2,4,7,0,0,0,5,0,0,1,5,0,0,0,2,0,"D_0__Bacteria; D_1__Firmicutes; D_2__Clostridia; D_3__Clostridiales; D_4__Ruminococcaceae; D_5__Ercella"
"cecb7d157cc4ae49a5afbf91d8939283",0,0,0,0,0,0,0,0,0,0,0,0,0,0,0,0,13,0,0,0,0,13,0,0,0,0,0,0,0,31,0,0,0,0,0,0,0,10,0,"D_0__Bacteria; D_1__Spirochaetes; D_2__Spirochaetia; D_3__Spirochaetales; D_4__Spirochaetaceae; D_5__Sediminispirochaeta; D_6__uncultured organism"
"bc27bdaab0a37a9e7e6ef7dde325ec5d",0,0,0,0,0,0,0,0,0,2,0,0,0,0,0,0,9,0,2,0,0,11,2,0,0,0,0,0,0,8,0,1,3,0,0,0,0,5,0,"D_0__Bacteria; D_1__Chloroflexi; D_2__Anaerolineae; D_3__SBR1031; D_4__uncultured organism; D_5__uncultured organism; D_6__uncultured organism"
"be2792327c1a31448e21e4ad607ff95f",0,0,0,0,7,0,0,0,0,0,0,0,0,0,0,0,0,0,0,0,2,2,0,0,0,0,0,12,0,0,4,0,0,0,0,0,0,0,0,"D_0__Bacteria; D_1__Tenericutes; D_2__Mollicutes; D_3__Haloplasmatales; D_4__Haloplasmataceae; D_5__Haloplasma; D_6__uncultured bacterium"
"0c9333ed751914e6f90b1609c69bdf3e",19,2,4,0,4,9,19,0,25,8,6,0,35,2,51,12,0,44,30,2,26,4,31,29,21,34,0,5,23,3,4,0,20,50,51,77,0,0,4,"D_0__Bacteria; D_1__Firmicutes; D_2__Clostridia; D_3__Clostridiales; D_4__Peptococcaceae; D_5__uncultured"
"59a406e7ee2ff800cde3d4e0489d4cb2",21,0,0,0,0,0,0,0,0,0,0,0,0,0,0,0,0,0,0,0,0,0,0,30,0,0,0,0,0,0,0,0,0,0,0,0,0,0,0,"D_0__Bacteria; D_1__Firmicutes; D_2__Clostridia; D_3__Clostridiales; D_4__Ruminococcaceae"
"320770b7de745be688957bde20022b8b",0,0,0,0,0,0,0,0,0,0,4,0,0,0,0,2,0,0,0,0,0,0,0,0,0,0,0,0,0,0,4,0,0,0,0,0,0,0,0,"D_0__Bacteria; D_1__Firmicutes; D_2__Clostridia; D_3__Clostridiales; D_4__Peptococcaceae; D_5__uncultured; D_6__uncultured bacterium"
"948527fcc687cea1eb319b41e6b161b1",7,0,0,0,0,0,0,0,0,0,0,0,0,0,0,0,0,0,0,0,0,0,0,18,0,0,0,0,0,0,0,0,0,0,0,0,0,0,0,"D_0__Bacteria; D_1__Firmicutes; D_2__Clostridia; D_3__Clostridiales; D_4__Christensenellaceae; D_5__Christensenellaceae R-7 group; D_6__uncultured Christensenellaceae bacterium"
"1716a1e6431a8c38853d344c9c9c3848",6,0,0,0,0,6,0,0,0,0,5,0,3,0,2,3,0,4,0,0,0,0,0,12,3,3,0,0,0,0,4,0,0,3,0,3,0,0,0,"D_0__Bacteria; D_1__Firmicutes; D_2__Clostridia; D_3__Clostridiales; D_4__Peptococcaceae; D_5__uncultured"
"453543d130acab8be4e2d6d78caae2c3",7,0,9,3,0,0,0,6,0,0,0,0,0,0,0,0,23,3,0,0,0,29,0,19,0,0,0,0,0,31,0,0,0,0,0,2,0,30,0,"D_0__Bacteria; D_1__Proteobacteria; D_2__Deltaproteobacteria; D_3__SAR324 clade(Marine group B); D_4__uncultured bacterium zdt-33i5; D_5__uncultured bacterium zdt-33i5; D_6__uncultured bacterium zdt-33i5"
"6f4091732d101485a2270243c529a368",46,0,0,2,18,67,10,0,4,57,17,0,60,0,72,64,0,45,10,0,10,0,10,65,6,9,7,0,14,0,9,0,6,73,62,98,0,0,0,"D_0__Bacteria; D_1__Bacteroidetes; D_2__Bacteroidia; D_3__Bacteroidales; D_4__Marinilabiliaceae; D_5__Geofilum; Ambiguous_taxa"
"067dde1be8951b9395e9c0e76042c913",0,0,0,0,0,0,4,0,2,0,0,0,0,0,0,0,0,0,4,0,1,0,5,0,0,1,0,0,0,0,0,0,2,0,0,2,0,0,0,"D_0__Bacteria; D_1__Bacteroidetes; D_2__Bacteroidia; D_3__Bacteroidales; D_4__Prolixibacteraceae; D_5__uncultured"
"aa9cd7034e68fb0f22407d842ce0d511",19,0,0,0,0,13,0,0,0,16,8,3,0,0,0,14,0,5,0,0,0,0,0,28,0,0,0,0,0,1,0,0,0,4,0,3,0,0,0,"D_0__Bacteria; D_1__Firmicutes; D_2__Clostridia; D_3__Clostridiales; D_4__Peptococcaceae; D_5__uncultured; D_6__uncultured bacterium"
"93c1d2f51fb7832da1d515b50825dc1e",198,0,96,43,39,11,20,9,64,16,26,0,99,34,118,16,0,111,34,0,33,0,40,194,62,31,7,27,51,5,28,0,51,124,94,155,0,8,0,"D_0__Bacteria; D_1__Proteobacteria; D_2__Gammaproteobacteria; D_3__Betaproteobacteriales; D_4__Burkholderiaceae"
"7a962fa53e12b3a61a778b61213f8c3b",0,0,0,0,0,14,0,0,2,3,0,0,0,0,1,34,0,5,0,0,0,0,0,0,0,0,0,0,0,0,2,0,0,10,2,4,0,0,0,"D_0__Bacteria; D_1__Bacteroidetes; D_2__Bacteroidia; D_3__Bacteroidales; D_4__Prolixibacteraceae; D_5__Roseimarinus; D_6__Roseimarinus sediminis"
"611f0126f75c902ef4c748f2acd1fdbf",0,0,2,0,0,0,3,0,14,0,0,0,0,0,0,0,4,1,12,6,5,1,9,0,1,6,4,0,11,1,0,24,6,0,0,0,0,4,0,"D_0__Bacteria; D_1__Firmicutes; D_2__Clostridia; D_3__Clostridiales; D_4__Family XI; D_5__Soehngenia; D_6__uncultured Clostridium sp."
"9c67c5b4401ea8d98c3c00f66d0a23cb",0,0,0,0,0,0,0,0,0,0,0,0,0,0,6,2,0,0,0,0,0,0,0,0,0,0,0,5,0,0,0,0,0,0,0,0,0,0,0,"D_0__Bacteria; D_1__Firmicutes; D_2__Clostridia; D_3__Clostridiales; D_4__Ruminococcaceae"
"49177ce9815fbef5f087236bcdc3ea6c",2,0,0,0,0,0,0,0,0,0,0,0,5,0,5,0,0,5,0,0,0,0,0,0,0,0,0,0,0,0,0,0,0,0,0,2,0,0,0,"D_0__Bacteria; D_1__Planctomycetes; D_2__Phycisphaerae; D_3__MSBL9; D_4__4572-13"
"3ac42f1c8f46908f5496bbc001518727",0,0,0,2,0,0,3,0,0,0,0,0,0,0,0,0,3,0,2,0,9,2,0,0,0,0,0,0,0,0,0,0,0,0,0,0,0,0,0,"D_0__Bacteria; D_1__Atribacteria; D_2__JS1"
"b5d7ff169b33a375ffe2258220a0c749",0,0,0,0,0,6,0,0,0,0,0,0,1,0,0,0,0,2,0,0,0,0,0,2,0,0,0,0,0,0,0,0,0,2,0,2,0,0,0,"D_0__Bacteria; D_1__Firmicutes; D_2__Clostridia; D_3__Clostridiales"
"1dc746794d61d4b4cc814c12bd42ea56",0,0,0,3,0,0,33,0,2,0,0,0,2,0,0,0,0,2,23,3,33,6,34,0,0,31,0,0,13,3,0,0,40,0,0,0,0,0,0,"D_0__Bacteria; D_1__Cloacimonetes; D_2__Cloacimonadia; D_3__Cloacimonadales; D_4__Cloacimonadaceae; D_5__Candidatus Cloacimonas; D_6__uncultured bacterium"
"258d8f509d00f1b2bb1cd362603b9b32",0,0,0,0,5,0,0,0,0,0,0,0,0,0,0,0,0,3,0,0,0,2,0,0,0,0,0,0,0,0,0,0,0,0,0,0,0,0,0,"D_0__Bacteria; D_1__Planctomycetes; D_2__Phycisphaerae; D_3__MSBL9; D_4__SG8-4; D_5__uncultured planctomycete; D_6__uncultured planctomycete"
"feec09343d518ec7a66582922535c381",6,0,0,0,0,0,9,0,2,0,0,0,10,0,11,2,0,8,18,0,19,0,13,3,3,8,9,3,13,0,0,0,18,30,22,22,0,0,0,"D_0__Bacteria; D_1__Bacteroidetes; D_2__Bacteroidia; D_3__Bacteroidales; D_4__Prolixibacteraceae; D_5__uncultured; D_6__benzene mineralizing consortium clone SB-1"
"b7e0cf0ac1bd2a0d99a1eb68d0352e2e",0,0,0,0,0,0,0,0,2,0,0,0,0,0,0,0,0,0,2,0,0,0,3,0,5,0,0,0,0,0,0,0,0,0,0,0,0,0,0,"D_0__Bacteria; D_1__Synergistetes; D_2__Synergistia; D_3__Synergistales; D_4__Synergistaceae; D_5__Thermovirga; D_6__uncultured Thermovirga sp."
"b31ef10fa2b86077e9c5e30df8e015f4",0,0,0,0,0,0,0,0,9,0,0,0,0,0,0,0,1,0,0,0,0,6,0,0,5,0,0,0,0,8,0,0,0,0,0,0,0,4,2,"D_0__Bacteria; D_1__Firmicutes; D_2__Clostridia; D_3__Clostridiales; D_4__Eubacteriaceae; D_5__Anaerofustis; D_6__uncultured bacterium"
"a88573b084e1530d458ff979d2758e84",10,0,4,0,0,0,0,1,0,2,6,0,0,0,0,3,0,0,0,0,0,0,0,3,0,0,0,0,0,1,24,0,0,0,4,2,0,1,0,"D_0__Bacteria; D_1__Firmicutes; D_2__Clostridia; D_3__Clostridiales"
"1cd105e6b9e9d8c3a8cb8b6155183db0",9,0,8,3,0,59,7,5,6,32,4,0,43,16,32,28,0,38,18,3,7,6,12,6,11,8,4,3,6,2,4,2,14,74,34,29,0,0,0,"D_0__Bacteria; D_1__Spirochaetes; D_2__Spirochaetia; D_3__Spirochaetales; D_4__Spirochaetaceae; D_5__Sediminispirochaeta; D_6__uncultured spirochete"
"f110a439dcc937c748668b498911453c",0,0,0,0,0,0,0,0,0,0,0,0,0,0,0,0,0,3,0,3,0,0,0,0,0,0,0,0,2,0,0,3,0,3,0,0,0,0,0,"D_0__Bacteria; D_1__Spirochaetes; D_2__Spirochaetia; D_3__Spirochaetales; D_4__Spirochaetaceae; D_5__Sediminispirochaeta"
"26d5190d2927698adb2c86fa9b875bf1",3,0,0,0,0,0,0,0,13,2,0,3,0,0,0,17,8,0,0,0,0,15,3,0,0,3,0,0,1,0,0,0,7,0,0,4,0,3,1,"D_0__Bacteria; D_1__Chloroflexi; D_2__Anaerolineae; D_3__Anaerolineales; D_4__Anaerolineaceae; D_5__Pelolinea; Ambiguous_taxa"
"87d5094b440e9fe08f13ed2b5f6da0f2",0,0,0,0,0,0,0,0,0,0,0,0,0,0,0,0,0,0,2,4,0,0,2,0,0,0,0,0,0,0,0,7,0,0,0,0,0,0,0,"D_0__Bacteria; D_1__Chloroflexi; D_2__Dehalococcoidia; D_3__Dehalococcoidales; D_4__Dehalococcoidales Incertae Sedis; D_5__Dehalobium; D_6__uncultured bacterium"
"49888d17c1a9125d07be728af7c399b5",0,0,0,0,0,0,6,0,2,0,0,0,2,0,0,0,0,0,11,10,2,0,8,0,10,2,2,0,6,2,0,8,7,0,0,0,0,1,0,"D_0__Bacteria; D_1__Chloroflexi; D_2__Anaerolineae; D_3__Anaerolineales; D_4__Anaerolineaceae; D_5__ADurb.Bin120; D_6__uncultured Chloroflexi bacterium"
"b979d709112a30ed70d6c7836c3aa0cb",9,0,1,0,8,2,0,3,0,0,0,0,2,0,13,0,0,0,0,0,0,0,0,14,0,0,0,1,0,0,37,0,0,5,1,0,0,0,0,"D_0__Bacteria; D_1__Firmicutes; D_2__Clostridia; D_3__Clostridiales"
"f2d0e2dbd1bd1d82aa5cccff4066a528",0,0,0,0,0,0,0,0,2,0,0,0,2,0,0,0,0,0,0,0,0,0,2,0,0,0,0,0,3,0,0,0,0,5,0,0,0,0,0,"D_0__Bacteria; D_1__Firmicutes; D_2__Clostridia; D_3__Clostridiales; D_4__Ruminococcaceae; D_5__Sporobacter"
"b9a3259a6dbdc45071f3c89e0aa847b0",0,0,0,0,6,2,0,0,0,8,0,0,0,0,4,0,0,3,0,0,0,0,0,0,0,0,0,0,0,0,0,0,0,3,0,0,0,0,0,"D_0__Bacteria; D_1__Latescibacteria; D_2__Latescibacteria; D_3__Latescibacterales; D_4__Latescibacteraceae; D_5__Candidatus Latescibacter; Ambiguous_taxa"
"c137fb0b3d335093eb88142602b1a27a",5,0,5,0,0,0,7,0,14,0,0,0,0,7,3,7,3,3,9,4,10,9,16,2,2,4,3,0,10,10,0,2,6,10,0,2,0,12,0,"D_0__Bacteria; D_1__Atribacteria; D_2__JS1; D_3__uncultured organism; D_4__uncultured organism; D_5__uncultured organism; D_6__uncultured organism"
"45763369ac72e9800d66bf80baee49f7",23,0,2,3,7,2,0,0,0,0,0,0,1,1,3,0,0,0,0,0,0,0,3,4,0,2,0,0,0,0,5,0,2,3,10,0,0,0,0,"D_0__Bacteria; D_1__Firmicutes; D_2__Clostridia; D_3__Clostridiales; D_4__Christensenellaceae; D_5__uncultured; D_6__uncultured bacterium"
"04e173ac5666b7db738ad66c49a6843f",2,0,0,0,0,0,0,0,0,0,0,0,0,0,0,5,0,0,0,0,2,0,0,0,0,0,0,0,0,0,1,0,0,3,0,0,0,0,0,"D_0__Bacteria; D_1__Firmicutes; D_2__Clostridia; D_3__Clostridiales; D_4__Clostridiaceae; D_5__Anaeromicrobium; D_6__Firmicutes bacterium"
"f9fa569009296180f7b941b9d9957236",6,0,0,0,0,0,0,0,0,0,0,0,0,0,2,0,0,5,0,0,0,0,0,6,0,0,0,0,0,0,0,0,0,5,0,2,0,0,0,"D_0__Bacteria; D_1__BRC1; D_2__uncultured organism; D_3__uncultured organism; D_4__uncultured organism; D_5__uncultured organism; D_6__uncultured organism"
"abf7ee690fc76a5ab60b54cbe766756c",0,0,0,0,0,0,0,0,0,0,0,0,0,0,0,0,9,0,0,0,0,8,0,0,0,0,0,0,0,0,0,0,0,0,0,0,0,0,0,"D_0__Bacteria; D_1__Firmicutes; D_2__Clostridia; D_3__Clostridiales"
"7dbe0bbee035e001e29e3a12550a1dc3",0,0,0,0,1,17,0,6,5,5,0,0,2,0,14,0,0,1,12,0,0,0,9,0,0,9,0,0,0,0,4,0,8,0,0,0,0,0,0,"D_0__Bacteria; D_1__Firmicutes; D_2__Clostridia; D_3__Clostridiales; D_4__Clostridiaceae 1; D_5__Proteiniclasticum; Ambiguous_taxa"
"4b0761ed4dca3920da8e047e65a51867",9,0,0,0,0,3,0,0,0,0,0,0,0,0,0,0,0,2,3,0,2,0,2,0,0,0,0,0,0,0,4,0,0,0,2,0,0,0,0,"D_0__Bacteria; D_1__Firmicutes; D_2__Clostridia; D_3__Clostridiales; D_4__Clostridiaceae 4"
"cf7cd124c45b9d2d5cf94f0f57c4c446",0,0,3,0,0,0,0,0,0,2,0,0,0,4,4,0,0,0,0,0,0,0,0,8,0,0,0,0,0,0,0,0,2,0,2,7,0,0,0,"D_0__Bacteria; D_1__Planctomycetes; D_2__Phycisphaerae; D_3__MSBL9; D_4__SG8-4; D_5__uncultured organism; D_6__uncultured organism"
"ed76e8cae2b5427e6cb20522cdb332de",1,0,3,0,2,0,0,0,5,0,0,0,16,0,11,0,0,11,8,0,1,0,4,13,2,5,0,0,4,0,0,0,1,4,5,8,0,0,0,"D_0__Bacteria; D_1__Bacteroidetes; D_2__Bacteroidia; D_3__Bacteroidales; D_4__Prolixibacteraceae; D_5__uncultured"
"c6157ed70aa909d1419ab2ffefaf7fea",0,0,0,0,0,0,6,0,0,0,0,0,0,0,0,0,0,2,4,0,2,0,4,0,2,6,1,0,3,0,0,0,3,0,0,0,0,0,0,"D_0__Bacteria; D_1__Firmicutes; D_2__Clostridia; D_3__Clostridiales; D_4__Clostridiales Incertae Sedis; D_5__Dethiosulfatibacter; D_6__uncultured organism"
"fae39d4ee75a54fcd5b469ffc72cf183",7,0,10,0,4,0,0,0,0,0,9,0,0,4,27,0,0,11,0,0,0,0,0,10,0,0,0,7,0,0,9,0,0,0,0,1,1,0,0,"D_0__Bacteria; D_1__Firmicutes; D_2__Clostridia; D_3__Clostridiales; D_4__Family XI"
"cb0c0a4feef26683ecb3d2fae3391929",47,2,73,20,13,24,10,14,19,16,0,0,33,2,27,49,3,32,15,0,16,12,14,70,11,12,2,4,19,20,4,0,26,12,37,42,0,17,12,"D_0__Bacteria; D_1__Firmicutes; D_2__Clostridia; D_3__Clostridiales; D_4__Ruminococcaceae; D_5__Ercella; D_6__uncultured bacterium"
"e11405ffd26f728bda410266402c982a",0,0,2,0,0,0,2,0,2,0,0,0,0,4,5,0,0,2,2,0,3,0,3,0,0,3,0,0,0,0,0,0,0,0,0,0,0,0,0,"D_0__Bacteria; D_1__Firmicutes; D_2__Clostridia; D_3__Clostridiales; D_4__TSAC18; D_5__uncultured bacterium; D_6__uncultured bacterium"
"bffb2ee7898759e158caf8156a8fef78",3,0,4,3,0,0,2,0,0,0,0,0,0,3,0,0,2,0,9,6,7,8,9,2,4,4,0,0,5,3,0,19,6,0,0,0,0,2,0,"D_0__Bacteria; D_1__Atribacteria; D_2__JS1; D_3__uncultured bacterium; D_4__uncultured bacterium; D_5__uncultured bacterium; D_6__uncultured bacterium"
"d210e7206b6ff507a99193b952abd0e7",0,0,0,0,0,3,0,0,0,0,0,0,0,0,0,9,0,3,0,0,0,0,0,13,0,0,0,0,0,0,0,0,0,0,0,0,3,0,0,"D_0__Bacteria; D_1__Firmicutes; D_2__Clostridia; D_3__Clostridiales; D_4__Peptococcaceae; D_5__uncultured; D_6__uncultured bacterium"
"db27cdcb05ede33ea27c82173f81554f",0,0,0,0,13,10,0,0,5,3,0,0,0,0,3,4,0,0,9,9,6,0,5,0,0,3,2,8,4,0,0,30,3,14,0,0,0,0,0,"D_0__Bacteria; D_1__Proteobacteria; D_2__Deltaproteobacteria; D_3__Desulfobacterales; D_4__Desulfobulbaceae; D_5__MSBL7"
"7f82f13366202447335aac30f7e1b4eb",2,0,9,5,0,0,0,0,0,0,3,0,0,3,0,0,2,0,2,0,0,4,0,0,0,0,0,0,0,9,0,2,0,0,0,0,0,3,0,"D_0__Bacteria; D_1__Chloroflexi; D_2__Anaerolineae; D_3__Anaerolineales; D_4__Anaerolineaceae; D_5__ADurb.Bin120"
"27dafdd044b8346a5ec5a189645d4b08",34,0,15,0,17,0,0,0,0,0,11,0,4,0,5,0,0,0,0,0,0,0,0,73,0,0,0,13,0,4,8,0,0,3,0,3,0,0,2,"D_0__Bacteria; D_1__Firmicutes; D_2__Clostridia; D_3__Clostridiales"
"1853a9d8b0378b7c0426476e6eb4eeda",0,0,9,4,0,0,0,3,0,0,0,0,2,3,0,0,0,0,0,0,0,0,0,0,0,0,0,0,0,0,0,0,0,2,0,0,0,0,0,"D_0__Bacteria; D_1__Chloroflexi; D_2__Dehalococcoidia; D_3__GIF9; D_4__AB-539-J10"
"d3866254a1974c064c05a497ac6ae824",0,0,0,0,0,0,0,0,0,8,0,5,0,0,1,0,0,0,2,0,0,0,0,0,0,0,0,0,0,0,0,0,0,7,0,0,1,4,0,"D_0__Bacteria; D_1__Firmicutes; D_2__Clostridia; D_3__Clostridiales; D_4__Peptococcaceae; D_5__uncultured; D_6__uncultured bacterium"
"76568c62db72bcee5719358cfbd5c6f3",2,0,0,0,0,0,0,0,0,0,0,0,2,0,0,0,6,0,0,0,0,4,0,0,0,0,0,0,0,0,0,0,0,5,0,0,0,2,0,"D_0__Bacteria; D_1__Bacteroidetes; D_2__Bacteroidia; D_3__Bacteroidales"
"50fca9471fcecb7616439b31aa80f797",17,0,2,0,0,0,5,0,17,0,0,0,3,0,8,4,0,5,4,0,7,0,3,15,7,4,3,0,5,0,0,0,11,0,5,5,0,0,0,"D_0__Bacteria; D_1__Bacteroidetes; D_2__Bacteroidia; D_3__Bacteroidales; D_4__Prolixibacteraceae; D_5__uncultured"
"115bc3778b2472b4055cb81183399ad4",0,0,0,0,0,0,0,0,0,0,4,0,4,0,2,0,0,2,0,0,0,0,0,0,0,0,0,0,0,0,0,0,0,2,0,0,0,0,0,"D_0__Bacteria; D_1__Firmicutes; D_2__Clostridia; D_3__Clostridiales; D_4__Ruminococcaceae; D_5__uncultured; D_6__uncultured low G+C Gram-positive bacterium"
"7d3b0a98952580780cf5f465e3e78230",0,0,0,0,0,0,0,0,5,0,0,0,0,0,0,61,0,2,0,0,2,0,0,0,1,0,0,0,0,0,6,0,0,0,0,0,0,0,0,"D_0__Bacteria; D_1__Firmicutes; D_2__Clostridia; D_3__Thermoanaerobacterales; D_4__SRB2"
"4307754bc3be5f06517c50f615468017",0,0,0,0,0,0,0,0,0,0,0,0,0,0,0,0,11,0,0,0,0,19,0,0,0,0,0,0,0,0,0,0,0,0,0,0,0,0,0,"D_0__Bacteria; D_1__Chloroflexi; D_2__Anaerolineae; D_3__Anaerolineales; D_4__Anaerolineaceae; D_5__Ornatilinea; D_6__uncultured Chloroflexi bacterium"
"481ed78b35971efad81bf4b71368ed8a",0,0,0,2,0,0,0,0,2,0,0,0,0,0,0,57,0,0,1,0,2,0,0,0,1,0,0,0,0,0,8,0,0,0,0,0,0,0,0,"D_0__Bacteria; D_1__Firmicutes; D_2__Clostridia; D_3__Thermoanaerobacterales; D_4__SRB2"
"efc08a32c1f2ac53e21dad19f03e93d0",0,0,0,0,0,0,0,0,3,0,0,0,0,0,0,0,0,0,2,2,2,0,5,0,0,3,0,0,3,0,0,4,0,0,0,0,0,0,0,"D_0__Bacteria; D_1__Chloroflexi; D_2__Anaerolineae; D_3__Anaerolineales; D_4__Anaerolineaceae; D_5__uncultured; D_6__uncultured Chloroflexi bacterium"
"739bc9eb92adb2962759ef3eed4493f7",0,0,0,0,0,0,0,0,0,0,0,0,0,0,0,0,0,0,4,0,2,0,2,0,0,0,0,0,0,0,0,0,3,0,0,0,0,0,0,"D_0__Bacteria; D_1__Spirochaetes; D_2__Spirochaetia; D_3__Spirochaetales; D_4__Spirochaetaceae; D_5__Spirochaeta 2"
"3c42adba00efbd5ef47e08205399b28a",0,10,0,0,0,0,0,0,0,0,0,0,0,0,0,0,0,0,0,0,0,3,0,0,0,0,0,0,0,0,0,0,0,0,0,0,0,0,19,"D_0__Bacteria; D_1__Firmicutes; D_2__Clostridia; D_3__Clostridiales; D_4__Syntrophomonadaceae; D_5__Syntrophomonas"
"7fc8626c77dc26c52c6bc6b571088f86",7,0,40,44,24,18,113,12,86,0,10,0,71,52,136,30,14,84,169,30,131,46,218,8,65,126,43,4,111,69,21,40,162,160,67,105,5,40,0,"D_0__Bacteria; D_1__Firmicutes; D_2__Clostridia; D_3__Clostridiales; D_4__Family XI"
"ec10ea168b715ea6641a2aa6ccaf9070",0,0,0,0,0,0,2,0,2,0,0,0,0,0,0,0,0,0,5,0,3,0,3,0,0,0,0,0,0,0,0,4,4,0,0,0,0,0,0,"D_0__Bacteria; D_1__Bacteroidetes; D_2__Bacteroidia; D_3__Flavobacteriales; D_4__Flavobacteriaceae; D_5__Lutibacter; D_6__uncultured Lutibacter sp."
"87b0142eccf45a9deb42bcef021d07f8",0,0,0,0,5,0,0,0,0,1,0,0,0,0,0,0,0,3,0,0,0,0,0,0,0,0,0,0,0,0,0,0,0,0,2,3,0,0,0,"D_0__Bacteria; D_1__Atribacteria; D_2__JS1; D_3__uncultured organism; D_4__uncultured organism; D_5__uncultured organism; D_6__uncultured organism"
"37c9f6b0734485a135dbf80600392644",2,0,9,2,18,9,3,7,2,5,14,3,5,5,6,14,5,2,4,0,3,14,4,3,1,5,3,9,2,17,11,3,5,5,3,8,2,4,0,"D_0__Bacteria; D_1__Actinobacteria; D_2__WCHB1-81; D_3__uncultured bacterium; D_4__uncultured bacterium; D_5__uncultured bacterium; D_6__uncultured bacterium"
"79ef6a2bda3a7b59385822bcd02b7dde",0,0,0,0,0,2,0,0,0,3,0,0,0,0,0,2,0,2,5,0,7,0,0,0,0,7,0,0,6,0,0,0,0,0,0,0,0,0,0,"D_0__Bacteria; D_1__Synergistetes; D_2__Synergistia; D_3__Synergistales; D_4__Synergistaceae; D_5__EBM-39; D_6__uncultured organism"
"347c875c8f30cbfa39bc0ccdca16cde2",8,0,8,2,14,12,5,2,4,0,0,0,16,3,8,0,0,14,3,0,7,0,11,5,4,0,2,0,3,3,2,0,5,10,5,6,0,0,2,"D_0__Bacteria; D_1__Firmicutes; D_2__Clostridia; D_3__Clostridiales; D_4__Clostridiaceae 4"
"b8c9afd8b8de629c5e85848fd83031b5",17,0,0,0,2,15,0,0,0,6,0,0,0,0,6,10,0,0,0,0,0,0,0,10,0,0,0,0,0,0,0,0,3,0,5,1,0,0,0,"D_0__Bacteria; D_1__BRC1; D_2__uncultured bacterium; D_3__uncultured bacterium; D_4__uncultured bacterium; D_5__uncultured bacterium; D_6__uncultured bacterium"
"35345362216c9d244f71e8c69ae7c597",4,0,0,0,4,0,0,0,0,0,4,0,2,0,2,9,0,5,0,0,0,0,0,9,0,0,0,8,0,0,9,0,0,5,3,2,0,0,0,"D_0__Bacteria; D_1__Bacteroidetes; D_2__Ignavibacteria; D_3__Ignavibacteriales; D_4__Melioribacteraceae; D_5__Melioribacter; D_6__uncultured organism"
"9d6f3c75186b3af77aa84fd52df5d267",0,0,0,0,2,3,0,0,0,2,5,0,0,0,0,1,0,0,0,0,0,0,0,0,0,0,0,8,0,0,0,0,0,4,0,0,0,0,0,"D_0__Bacteria; D_1__Epsilonbacteraeota; D_2__Campylobacteria; D_3__Campylobacterales; D_4__Sulfurovaceae; D_5__Sulfurovum; D_6__uncultured Salimesophilobacter sp."
"b552bd13d12ceca077d591747e9939d5",6,0,0,0,0,0,0,0,0,0,0,0,8,0,0,0,0,4,0,0,0,0,0,3,0,0,0,0,0,0,0,0,0,0,3,0,0,0,0,"D_0__Bacteria; D_1__Firmicutes; D_2__Clostridia; D_3__Clostridiales; D_4__Syntrophomonadaceae; D_5__Dethiobacter"
"8597a4dcefa2061082a37d4a4b0fc520",0,0,0,0,15,0,0,0,0,0,3,0,4,0,19,4,0,14,0,0,0,0,0,0,0,0,0,4,0,0,2,0,0,24,0,0,0,0,0,"D_0__Bacteria; D_1__Firmicutes; D_2__Clostridia; D_3__Thermoanaerobacterales; D_4__SRB2"
"d01455c15e5c0fc4fcf2e472f189a5ad",0,0,0,0,0,0,0,0,0,0,0,0,0,0,0,4,0,0,0,0,0,0,0,0,0,0,0,0,0,0,0,0,0,4,3,0,0,0,0,"D_0__Bacteria; D_1__Firmicutes; D_2__Clostridia; D_3__Clostridiales; D_4__Eubacteriaceae; D_5__Alkalibacter; D_6__uncultured bacterium"
"d27e9fa6a916dd5233ddc6c26cc033a8",16,0,23,3,10,18,3,6,4,6,0,0,124,16,21,26,0,115,5,0,9,0,8,16,8,1,2,4,7,0,2,0,4,61,55,75,0,0,0,"D_0__Bacteria; D_1__Proteobacteria; D_2__Deltaproteobacteria; D_3__Desulfobacterales; D_4__Desulfobacteraceae"
"a459789e4fb1fca90f2e635537cd3c54",2,25,3,0,9,24,0,0,0,12,10,0,0,0,4,8,31,3,0,0,0,32,0,4,0,0,0,17,0,6,6,0,0,3,2,9,0,2,24,"D_0__Bacteria; D_1__Proteobacteria; D_2__Gammaproteobacteria; D_3__Pseudomonadales; D_4__Pseudomonadaceae; D_5__Pseudomonas"
"a08710f4da0feb1120df4f56ab170cce",7,0,4,0,3,43,2,0,4,32,0,0,0,2,8,8,0,0,6,0,2,0,0,7,3,0,0,2,4,0,0,0,0,0,0,2,0,0,0,"D_0__Bacteria; D_1__Firmicutes; D_2__Clostridia; D_3__Clostridiales; D_4__Christensenellaceae"
"4378a4af1d74054ad3149645e6644856",4,0,0,0,0,0,0,0,0,0,0,0,2,0,0,2,0,0,0,0,0,0,0,0,2,0,0,0,0,0,0,0,0,3,0,0,0,0,0,"D_0__Bacteria; D_1__Firmicutes; D_2__Clostridia; D_3__Clostridiales; D_4__Peptococcaceae; D_5__uncultured; D_6__uncultured bacterium"
"c299bd06e3d1d119204dbc9678d4f67d",0,0,2,7,0,0,0,0,0,0,0,0,0,5,0,0,0,0,0,0,0,0,0,0,0,0,0,0,0,0,0,0,0,0,0,0,0,0,0,"D_0__Bacteria; D_1__Hydrogenedentes; D_2__Hydrogenedentia; D_3__Hydrogenedentiales; D_4__Hydrogenedensaceae"
"e929f6f6b072513cd721eb7236527101",34,0,0,0,0,0,0,0,3,0,28,0,5,0,10,0,0,8,0,0,3,0,0,28,0,0,0,0,0,0,24,0,0,19,2,5,0,0,0,"D_0__Bacteria; D_1__Bacteroidetes; D_2__Bacteroidia"
"c6b38a2c762af255de08ead000dfac09",0,0,0,0,0,4,0,0,0,0,0,0,2,0,0,2,0,0,0,0,0,0,0,0,0,0,0,2,0,0,0,0,0,0,0,3,0,0,0,"D_0__Bacteria; D_1__Lentisphaerae; D_2__Oligosphaeria; D_3__Oligosphaerales; D_4__Lenti-02"
"467cefaff1cdef3cc506b71af944bc25",0,0,0,0,0,0,3,0,4,3,0,0,0,0,0,0,0,0,7,0,2,0,4,0,5,2,0,0,0,3,0,3,3,0,0,0,0,0,0,"D_0__Bacteria; D_1__Chloroflexi; D_2__Anaerolineae; D_3__Anaerolineales; D_4__Anaerolineaceae; D_5__ADurb.Bin120"
"3c9af570b9efed8a25edd66827bbc9b4",0,0,0,0,4,7,0,0,0,0,0,0,0,0,0,0,0,0,0,0,0,0,0,0,0,0,0,0,0,0,0,0,0,0,0,0,0,0,0,"D_0__Bacteria; D_1__Epsilonbacteraeota; D_2__Campylobacteria; D_3__Campylobacterales; D_4__Sulfurovaceae; D_5__Sulfurovum; D_6__uncultured Salimesophilobacter sp."
"caa75e725ac08ea19630121b866de739",0,0,0,0,10,5,0,0,0,7,0,0,0,0,0,0,0,0,0,0,0,0,0,4,0,0,0,0,0,0,3,0,0,0,0,0,0,0,0,"D_0__Bacteria; D_1__Firmicutes; D_2__Clostridia; D_3__Clostridiales; D_4__Syntrophomonadaceae; D_5__Dethiobacter; D_6__uncultured bacterium"
"278053f52a8181aa36938a9b6ec59bb7",0,0,0,0,0,0,15,0,0,2,0,0,3,0,0,0,0,0,12,1,16,0,27,0,0,19,7,0,13,0,3,0,6,0,0,0,0,0,0,"D_0__Bacteria; D_1__Bacteroidetes; D_2__Bacteroidia; D_3__Bacteroidales; D_4__Prolixibacteraceae; D_5__uncultured; D_6__benzene mineralizing consortium clone SB-1"
"757588ee8b9c9f37ae6035169e2f34cc",0,0,0,0,1,0,0,0,0,0,12,0,0,0,0,5,0,0,0,0,2,0,0,15,0,0,0,0,0,0,2,0,0,0,1,0,0,0,0,"D_0__Bacteria; D_1__Firmicutes; D_2__Clostridia; D_3__Clostridiales; D_4__Family XI; D_5__Sedimentibacter; D_6__Sedimentibacter acidaminivorans"
"bc9f8c1c4d47cc90b02fb089f09c6382",40,0,7,4,603,65,2,5,0,45,173,3,23,7,23,59,2,19,8,0,3,0,8,31,2,4,0,270,6,20,184,0,0,44,7,18,1,11,4,"D_0__Bacteria; D_1__Firmicutes; D_2__Clostridia; D_3__Clostridiales; D_4__Clostridiaceae 3; D_5__Brassicibacter; D_6__uncultured Firmicutes bacterium"
"c104efc28f77eedd85a83713cc44d018",3,0,2,0,2,0,0,0,3,0,0,0,0,0,3,0,0,0,4,0,0,0,2,0,0,0,0,0,2,0,0,0,2,3,4,6,0,0,0,"D_0__Bacteria; D_1__Firmicutes; D_2__Clostridia; D_3__Clostridiales; D_4__Peptococcaceae; D_5__uncultured"
"ed2f8a758eb6e10c786c2322efee5bb0",0,0,0,0,0,0,0,0,0,0,0,0,0,0,0,0,141,0,0,0,0,243,0,0,0,0,0,0,0,71,0,0,0,0,0,0,0,50,0,"D_0__Bacteria; D_1__Proteobacteria; D_2__Deltaproteobacteria; D_3__Syntrophobacterales; D_4__Syntrophaceae; D_5__uncultured; D_6__uncultured bacterium"
"dc6954eed707d5b0a675582c2b644371",1,0,1,0,0,0,0,0,1,0,0,0,0,0,3,0,0,2,1,0,3,0,1,0,2,2,0,0,1,0,0,0,0,0,0,4,0,0,0,"D_0__Bacteria; D_1__Firmicutes; D_2__Clostridia; D_3__Clostridiales; D_4__Ruminococcaceae"
"b9d5c77d9bba66066742d1770022cbfa",0,0,0,0,0,0,0,0,0,0,6,0,0,0,7,0,0,0,0,0,0,1,0,0,0,0,0,0,0,0,3,0,0,10,6,8,0,0,0,"D_0__Bacteria; D_1__Kiritimatiellaeota; D_2__Kiritimatiellae; D_3__113B434; D_4__uncultured bacterium; D_5__uncultured bacterium; D_6__uncultured bacterium"
"857507e7947f0249c55af4f603e2fd94",21,0,10,3,20,23,0,6,0,3,0,0,19,8,21,18,0,5,3,0,4,0,6,33,2,4,5,4,3,0,3,0,5,32,13,22,0,0,0,"D_0__Bacteria; D_1__Planctomycetes; D_2__Phycisphaerae; D_3__MSBL9; D_4__SG8-4"
"fc9d6aaa5ba0e339d198fcacafd3a579",0,0,6,1,0,0,0,0,0,0,0,0,0,4,0,4,0,0,0,0,0,2,2,0,0,2,0,0,0,0,0,0,0,5,0,2,0,0,0,"D_0__Bacteria; D_1__Actinobacteria; D_2__WCHB1-81; D_3__uncultured bacterium; D_4__uncultured bacterium; D_5__uncultured bacterium; D_6__uncultured bacterium"
"36ae9bc645dc4c8f76b88563216e72ac",2,0,0,0,146,33,0,0,2,28,7,0,0,0,1,15,0,0,3,0,0,0,0,0,1,0,0,100,0,0,0,3,0,0,0,0,0,0,0,"D_0__Bacteria; D_1__Proteobacteria; D_2__Deltaproteobacteria; D_3__Desulfuromonadales; D_4__Desulfuromonadaceae; D_5__Desulfuromonas; D_6__Desulfuromonas palmitatis"
"1b7c776a8fc9c32002bfb5785e3daa99",7,0,0,0,0,24,0,0,0,6,0,0,6,0,0,10,0,1,0,0,0,0,0,25,0,0,0,0,0,5,0,0,0,0,0,2,0,0,0,"D_0__Bacteria; D_1__Firmicutes; D_2__Clostridia; D_3__Clostridiales; D_4__Peptococcaceae; D_5__uncultured; D_6__uncultured bacterium"
"c2e444b9488b8b995ab14ea149ed82b7",0,0,0,0,0,0,1,0,2,0,0,0,0,0,0,5,0,0,2,0,4,0,0,0,0,0,0,0,3,0,0,0,0,0,0,0,0,0,0,"D_0__Bacteria; D_1__Firmicutes; D_2__Clostridia; D_3__Clostridiales; D_4__Ruminococcaceae; D_5__Ercella; D_6__uncultured bacterium"
"eed1b758fd5d2735b3247af96a8f8694",0,0,0,0,0,0,2,0,0,0,0,0,0,0,0,0,0,0,0,0,3,0,2,0,0,0,0,0,2,0,0,0,0,0,0,0,0,2,0,"D_0__Bacteria; D_1__WS1; D_2__uncultured bacterium; D_3__uncultured bacterium; D_4__uncultured bacterium; D_5__uncultured bacterium; D_6__uncultured bacterium"
"adfd204be635152ed2308d214df1a8ab",0,0,2,2,0,0,0,0,0,0,0,0,0,2,0,0,0,2,2,0,0,0,0,0,0,0,0,0,0,0,0,2,0,0,0,0,0,0,0,"D_0__Bacteria; D_1__BRC1; D_2__uncultured organism; D_3__uncultured organism; D_4__uncultured organism; D_5__uncultured organism; D_6__uncultured organism"
"b04ede50e95298fd5c62bd82405ae02a",10,5,27,0,0,0,0,6,0,0,0,0,4,0,0,0,0,0,0,0,0,0,0,10,0,0,0,7,0,0,6,0,0,7,3,0,2,0,8,"D_0__Bacteria; D_1__Proteobacteria; D_2__Deltaproteobacteria; D_3__Desulfobacterales; D_4__Desulfobacteraceae; D_5__Desulfonatronobacter; D_6__uncultured bacterium"
"0ead0bccb46920e77792ab7416013bd2",0,0,0,0,0,3,0,0,0,0,0,0,0,0,0,2,0,2,4,0,2,0,2,0,0,4,0,0,2,0,0,0,0,0,0,0,0,0,0,"D_0__Bacteria; D_1__Firmicutes; D_2__Clostridia; D_3__Clostridiales; D_4__Ruminococcaceae; D_5__Ercella"
"e6e06eba3ee4c7d72a5d57a222dc63eb",0,0,2,0,0,0,5,3,8,3,0,0,0,0,0,2,0,0,2,0,8,0,10,0,8,7,2,0,8,0,0,2,1,0,0,0,0,0,0,"D_0__Bacteria; D_1__Firmicutes; D_2__Clostridia; D_3__Clostridiales; D_4__Ruminococcaceae; D_5__Ercella; D_6__uncultured bacterium"
"ba1bf0f2dac0782fc8578bc19958e606",5,0,0,0,0,4,0,0,0,0,0,0,7,0,0,0,0,1,0,0,0,0,0,10,0,0,0,0,0,0,0,0,0,0,0,3,0,0,0,"D_0__Bacteria; D_1__Bacteroidetes; D_2__Bacteroidia; D_3__Bacteroidales; D_4__Prolixibacteraceae; D_5__uncultured"
"9537f113cfce2a389ebd874a56f74716",4,0,0,0,5,0,0,0,0,0,0,0,2,2,0,0,0,2,0,0,0,0,0,0,2,0,0,0,0,0,0,0,0,3,0,0,0,0,0,"D_0__Bacteria; D_1__Firmicutes; D_2__Clostridia; D_3__Clostridiales; D_4__Peptococcaceae; D_5__uncultured"
"edf03a4933f35e34a6061d3ce2bc5582",8,0,0,0,0,4,0,0,0,0,0,0,2,0,0,15,0,4,0,0,0,0,0,11,0,0,0,0,0,0,0,0,0,0,0,0,0,0,0,"D_0__Bacteria; D_1__Firmicutes; D_2__Clostridia; D_3__Clostridiales; D_4__Peptococcaceae; D_5__uncultured; D_6__uncultured bacterium"
"51783cd6b7a70330d3ff199dba6db2c2",0,0,0,0,4,0,0,0,0,0,0,0,0,0,0,3,0,0,0,0,0,0,0,3,0,0,0,0,0,0,0,0,0,0,0,0,0,0,0,"D_0__Bacteria; D_1__Firmicutes; D_2__Clostridia; D_3__Clostridiales; D_4__Peptococcaceae; D_5__Desulfotomaculum; D_6__Desulfotomaculum intricatum"
"c92f3c65516a2169e2f04cbedd0249ac",49,0,28,13,35,41,30,9,11,18,4,0,65,14,113,18,0,56,34,0,29,0,23,67,0,30,8,17,24,0,17,3,55,83,91,111,0,0,2,"D_0__Bacteria; D_1__Lentisphaerae; D_2__Oligosphaeria; D_3__Oligosphaerales; D_4__Lenti-02"
"11b56b42a7e4dee9eacf21b6e675f8a2",0,0,0,0,0,0,2,0,1,0,0,0,0,0,2,0,0,0,4,2,0,0,8,0,2,0,0,0,2,0,0,9,2,0,0,0,0,0,0,"D_0__Bacteria; D_1__Atribacteria; D_2__JS1; D_3__uncultured organism; D_4__uncultured organism; D_5__uncultured organism; D_6__uncultured organism"
"8679082ce4e8ceec6555820345d7225c",4,0,0,0,0,46,0,0,14,29,0,0,0,0,0,72,0,0,0,0,0,0,2,0,16,2,0,0,17,2,7,0,0,0,0,2,0,0,0,"D_0__Bacteria; D_1__Bacteroidetes; D_2__Bacteroidia; D_3__Bacteroidales; D_4__ML635J-40 aquatic group; D_5__uncultured bacterium; D_6__uncultured bacterium"
"d5212bb2b302646cfc71e68cfa635488",0,0,0,0,0,1,0,0,0,0,0,0,0,0,5,0,0,0,0,0,0,0,0,1,0,3,0,0,0,0,0,0,0,8,0,0,0,0,0,"D_0__Bacteria; D_1__Proteobacteria; D_2__Deltaproteobacteria; D_3__Desulfobacterales; D_4__Desulfobacteraceae"
"c685191b6c56a8f9318848dccf4380ca",5,0,0,0,2,0,0,0,0,0,0,0,0,0,0,2,0,0,0,0,0,0,0,3,0,0,0,0,0,0,0,0,0,0,0,0,0,0,0,"D_0__Bacteria; D_1__Bacteroidetes; D_2__Bacteroidia; D_3__Bacteroidales; D_4__Marinilabiliaceae; D_5__Marinilabilia; D_6__uncultured bacterium"
"1fe034f5a52d767b6da98edf18a27afd",0,0,0,0,0,4,2,0,0,3,0,0,0,0,0,0,0,0,0,0,0,0,0,0,0,0,0,0,2,0,0,0,0,0,0,0,0,0,0,"D_0__Bacteria; D_1__Latescibacteria; D_2__Latescibacteria; D_3__Latescibacterales; D_4__Latescibacteraceae; D_5__Candidatus Latescibacter"
"03a10fc94dd82f3de51d33292625545e",13,0,0,0,16,7,16,0,16,12,0,0,14,0,42,2,0,24,43,4,30,0,32,19,17,17,9,6,27,0,2,2,42,44,11,28,0,0,0,"D_0__Bacteria; D_1__Bacteroidetes; D_2__Bacteroidia; D_3__Bacteroidales; D_4__Prolixibacteraceae; D_5__uncultured; D_6__benzene mineralizing consortium clone SB-1"
"5abd60afca19dd3d7ef74d7031ecf36a",591,21,205,85,717,562,257,29,240,380,2795,57,477,85,420,635,76,468,327,0,265,87,353,773,238,253,67,437,362,115,2516,0,277,578,489,593,56,102,60,"D_0__Bacteria; D_1__Firmicutes; D_2__Clostridia; D_3__Clostridiales; D_4__Clostridiaceae 2; D_5__Alkaliphilus; D_6__Firmicutes bacterium 1229-1IIA"
"76cdb3b2047030edbec3aa7239f6315c",4,0,10,0,0,0,0,2,0,0,0,0,0,2,2,0,0,1,0,0,0,0,0,5,0,0,0,0,0,0,4,0,0,0,5,0,0,0,0,"D_0__Bacteria; D_1__Planctomycetes; D_2__Phycisphaerae; D_3__Phycisphaerales; D_4__AKAU3564 sediment group; D_5__uncultured bacterium; D_6__uncultured bacterium"
"2685fdab2be5075369338730c83f42fc",0,0,0,0,0,0,0,0,0,0,0,0,4,0,0,0,0,6,0,0,0,0,0,0,0,0,0,0,0,0,0,0,0,0,0,0,0,0,0,"D_0__Bacteria; D_1__Spirochaetes; D_2__Spirochaetia; D_3__Spirochaetales; D_4__Spirochaetaceae; D_5__Sediminispirochaeta"
"77b7f9c947a0279dba9892e05a6f4642",0,0,11,2,201,705,3,4,1,503,0,0,0,0,84,183,0,5,0,43,0,0,9,0,2,2,0,154,3,0,0,49,2,52,34,40,0,0,0,"D_0__Bacteria; D_1__Proteobacteria; D_2__Gammaproteobacteria; D_3__Ectothiorhodospirales; D_4__Thioalkalispiraceae; D_5__Thioalkalispira"
"9fb96796ceda38999b42de7b4b7cf24a",8,0,16,2,0,0,0,3,0,7,2,0,0,5,10,0,18,5,10,7,9,28,14,7,8,0,0,0,0,5,0,9,1,2,0,6,0,6,0,"D_0__Bacteria; D_1__Synergistetes; D_2__Synergistia; D_3__Synergistales; D_4__Synergistaceae; D_5__Thermovirga; D_6__uncultured Synergistaceae bacterium"
"aba1506c95f8c07721d7b9cffcf0faed",0,0,0,0,3,0,0,0,0,0,0,0,0,0,0,0,0,0,2,0,0,0,0,2,0,0,0,0,0,0,2,0,0,3,0,0,0,0,0,"D_0__Bacteria; D_1__BRC1; D_2__uncultured organism; D_3__uncultured organism; D_4__uncultured organism; D_5__uncultured organism; D_6__uncultured organism"
"4839edea181cb6e10a98d4ed07675e4f",3,0,0,0,0,0,0,0,0,8,0,0,4,0,0,4,0,0,0,0,0,0,0,0,0,0,0,6,0,0,2,0,0,0,0,0,0,0,0,"D_0__Bacteria; D_1__Proteobacteria; D_2__Deltaproteobacteria; D_3__Desulfuromonadales; D_4__Desulfuromonadaceae; D_5__Desulfuromonas"
"bb51427e291f7aa16644e86f6b3f992f",12,0,4,2,3,15,2,2,0,2,6,0,0,2,4,0,0,0,0,0,0,0,0,7,0,5,0,3,3,0,0,0,0,9,14,6,0,0,0,"D_0__Bacteria; D_1__Planctomycetes; D_2__Planctomycetacia; D_3__Pirellulales; D_4__Pirellulaceae; D_5__Pir4 lineage"
"39e406101ba478c5a716d1effe2b13e1",36,0,7,3,3,12,15,0,3,7,2,0,20,0,41,30,0,20,12,2,12,0,17,38,0,7,4,5,6,0,10,0,13,45,15,21,0,0,0,"D_0__Bacteria; D_1__Bacteroidetes; D_2__Bacteroidia; D_3__Bacteroidales; D_4__Prolixibacteraceae; D_5__uncultured; D_6__benzene mineralizing consortium clone SB-1"
"cbc5b8ba680259924b139613275b311b",0,0,7,3,0,0,0,0,0,0,0,0,0,4,0,0,2,0,2,0,3,8,0,0,0,2,0,0,0,0,0,3,2,0,0,0,0,0,0,"D_0__Bacteria; D_1__Proteobacteria; D_2__Deltaproteobacteria; D_3__Syntrophobacterales; D_4__Syntrophaceae; D_5__uncultured; D_6__bacterium enrichment culture clone E36_A"
"c7656016a565b4ffb17d039b87e567d7",19,0,0,0,18,21,15,0,13,1,2,0,12,0,23,25,0,22,37,4,24,0,48,13,7,21,10,4,16,0,9,4,26,54,17,29,0,0,0,"D_0__Bacteria; D_1__Bacteroidetes; D_2__Bacteroidia; D_3__Bacteroidales; D_4__Prolixibacteraceae; D_5__Tangfeifania; D_6__uncultured bacterium"
"8b4d1a06db367f9457059df45234cc25",0,0,0,0,0,0,0,0,0,0,0,0,0,0,0,0,55,0,0,0,0,100,0,0,0,0,0,0,0,67,0,0,0,0,0,0,0,50,0,"D_0__Bacteria; D_1__Chloroflexi; D_2__Anaerolineae; D_3__RBG-13-54-9; D_4__uncultured bacterium; D_5__uncultured bacterium; D_6__uncultured bacterium"
"b155ffd04a6ad731bf249b07a886cccc",0,0,2,0,0,0,0,0,0,0,0,0,0,0,0,3,0,2,0,0,0,0,0,5,0,0,0,0,0,0,0,0,0,0,0,3,0,0,0,"D_0__Bacteria; D_1__Latescibacteria; D_2__Latescibacteria; D_3__Latescibacterales; D_4__Latescibacteraceae; D_5__Candidatus Latescibacter; D_6__uncultured bacterium"
"e74cfa2fef1fd399747ee8dcf6b4a481",74,0,20,4,21,5,6,3,5,6,0,0,20,4,51,3,0,23,19,0,10,0,17,82,9,15,4,11,8,2,12,0,12,44,26,31,0,2,0,"D_0__Bacteria; D_1__Planctomycetes; D_2__Phycisphaerae; D_3__MSBL9; D_4__ST-NAGAB-D1; D_5__Phycisphaerae bacterium ST-NAGAB-D1; D_6__Phycisphaerae bacterium ST-NAGAB-D1"
"a96946c6fd71a59f2f2f37e9504bbc19",0,0,0,0,0,0,0,0,0,0,0,0,0,0,3,0,0,0,2,0,0,0,0,0,0,0,0,0,2,0,0,0,0,9,3,2,0,0,0,"D_0__Bacteria; D_1__Spirochaetes; D_2__Spirochaetia; D_3__Spirochaetales; D_4__Spirochaetaceae; D_5__Sediminispirochaeta"
"977918444a0a243efa92dcffdc5cb5fa",0,0,0,0,0,0,3,0,3,0,0,0,0,0,0,0,0,0,3,2,8,0,2,0,2,0,0,0,0,0,0,8,3,0,0,0,0,0,0,"D_0__Bacteria; D_1__Bacteroidetes; D_2__Bacteroidia; D_3__Flavobacteriales; D_4__Flavobacteriaceae; D_5__Lutibacter; D_6__uncultured Flavobacterium sp."
"176b9fa432da7dabb72cefff197c7911",0,0,5,0,2,2,2,0,2,2,0,0,0,0,8,0,0,2,3,0,6,2,4,4,2,0,0,2,2,0,0,0,4,0,0,0,0,0,2,"D_0__Bacteria; D_1__Firmicutes; D_2__Clostridia; D_3__Clostridiales; D_4__Syntrophomonadaceae; D_5__uncultured"
"f46be3b77571706bae699bad1d9cbf38",84,0,0,6,42,13,0,2,2,9,11,0,30,6,14,17,0,31,5,0,0,0,2,71,5,0,0,23,0,0,18,2,0,31,15,19,0,0,0,"D_0__Bacteria; D_1__Proteobacteria; D_2__Deltaproteobacteria; D_3__Oligoflexales; D_4__0319-6G20; D_5__uncultured organism; D_6__uncultured organism"
"9009aec1ee4459a41b91e1abae60d1a6",0,0,1,0,0,2,0,0,0,3,0,0,2,0,0,1,0,0,0,0,0,0,0,3,0,0,0,2,0,0,0,0,0,0,0,0,0,0,0,"D_0__Bacteria; D_1__Planctomycetes; D_2__Phycisphaerae; D_3__MSBL9; D_4__SG8-4"
"a4e603af0adf72349ca2fb37fbc0b03b",0,0,0,0,0,0,0,2,0,0,0,0,0,2,0,0,0,0,0,0,0,0,0,0,0,0,0,5,0,0,0,0,0,2,0,0,0,0,0,"D_0__Bacteria; D_1__Chloroflexi; D_2__Anaerolineae; D_3__Anaerolineales; D_4__Anaerolineaceae; D_5__ADurb.Bin120"
"91f1879d48877684d9406c5670ba47ab",0,0,3,2,0,0,5,0,8,0,0,0,0,0,0,2,10,0,8,2,5,15,8,0,10,4,2,0,6,11,0,0,14,0,0,0,0,11,0,"D_0__Bacteria; D_1__Chloroflexi; D_2__Anaerolineae; D_3__Anaerolineales; D_4__Anaerolineaceae; D_5__ADurb.Bin120; D_6__uncultured bacterium"
"52515dd7a8bc4b53bb1e4088a757c919",0,0,12,4,0,0,0,6,0,9,0,0,0,7,0,3,0,0,0,0,2,3,1,0,3,0,0,2,0,0,0,0,1,1,0,3,0,0,0,"D_0__Bacteria; D_1__Chloroflexi; D_2__Anaerolineae; D_3__Anaerolineales; D_4__Anaerolineaceae; D_5__Pelolinea; D_6__uncultured bacterium"
"56c1eb9e4e88e6ef98d022a97e2cf9eb",6,0,13,3,8,0,0,1,0,0,83,0,8,0,1,5,0,6,0,0,0,0,0,0,0,0,0,2,0,4,24,0,2,6,1,1,0,3,2,"D_0__Bacteria; D_1__Firmicutes; D_2__Limnochordia; D_3__Limnochordales; D_4__uncultured"
"2c47c074b7fd6a7c88ec35ffad111803",0,0,0,0,0,5,8,0,5,3,3,0,6,0,6,4,0,6,11,0,10,0,15,2,6,6,4,0,6,0,0,0,18,7,0,0,0,0,0,"D_0__Bacteria; D_1__Firmicutes; D_2__Clostridia; D_3__Clostridiales; D_4__Lachnospiraceae"
"a0bc323046801304c0a832b336006b55",2,3,51,33,21,28,96,15,55,32,6,3,113,46,74,13,28,91,159,19,174,28,187,15,78,101,36,6,122,48,9,33,113,109,71,71,4,51,7,"D_0__Bacteria; D_1__Firmicutes; D_2__Clostridia; D_3__Clostridiales; D_4__Family XI"
"fd9f9c47ab52271a1363961d71032d93",285,0,0,0,12,0,0,0,3,11,41,0,40,0,37,27,0,46,0,0,2,0,3,380,4,3,0,7,0,0,30,0,2,33,34,30,0,0,0,"D_0__Bacteria; D_1__Bacteroidetes; D_2__Bacteroidia; D_3__Bacteroidales; D_4__Prolixibacteraceae; D_5__uncultured Cytophagales bacterium; D_6__uncultured Cytophagales bacterium"
"7111cc49ee20342ebcbda9334f1f2296",0,0,0,0,0,4,0,0,7,0,0,0,2,0,0,0,0,0,9,1,3,0,2,0,9,0,3,0,6,0,0,5,1,0,0,0,0,0,0,"D_0__Bacteria; D_1__Firmicutes; D_2__Clostridia; D_3__Clostridiales; D_4__Clostridiales Incertae Sedis; D_5__Dethiosulfatibacter; D_6__uncultured organism"
"ab4eff0046736ebf32e2579df7f3ed72",61,0,4,0,7,0,5,0,0,0,7,0,12,2,20,4,0,13,0,0,7,0,3,63,1,0,0,0,0,0,3,0,20,24,13,0,0,0,0,"D_0__Bacteria; D_1__Firmicutes; D_2__Clostridia; D_3__Thermoanaerobacterales; D_4__SRB2"
"9fdc55a5572853ef0804421f2642ca64",0,0,2,2,0,0,0,0,6,0,0,0,0,0,0,0,0,4,1,0,0,0,4,0,0,1,0,0,0,1,0,3,6,0,0,0,0,0,0,"D_0__Bacteria; D_1__Chloroflexi; D_2__Anaerolineae; D_3__Anaerolineales; D_4__Anaerolineaceae; D_5__uncultured; D_6__uncultured Chloroflexi bacterium"
"fc55b9ce63d9603adc66102fb68722fc",664,5,97,32,1388,2510,103,17,90,1599,419,2,320,29,1425,2396,10,355,202,406,199,17,375,759,78,76,72,814,98,27,462,662,157,1280,377,480,0,20,14,"D_0__Bacteria; D_1__Epsilonbacteraeota; D_2__Campylobacteria; D_3__Campylobacterales; D_4__Sulfurovaceae; D_5__Sulfurovum; D_6__bacterium 2BP-7"
"5bcf8e09c509d227f649299db24f9a93",1,0,0,0,0,0,0,0,0,0,0,0,0,0,3,0,2,1,0,0,0,0,0,0,0,0,0,0,0,0,2,0,0,2,0,0,0,0,0,"D_0__Bacteria; D_1__Firmicutes; D_2__Clostridia; D_3__Clostridiales; D_4__Ruminococcaceae"
"18f1742ffbe1a67bc2eca6f6699e801c",19,2,8,12,4,24,238,3,316,40,9,0,43,0,18,42,294,67,396,236,287,411,306,10,213,186,84,4,180,93,1,419,440,0,0,7,4,85,10,"D_0__Bacteria; D_1__Chloroflexi; D_2__Anaerolineae; D_3__Anaerolineales; D_4__Anaerolineaceae; D_5__ADurb.Bin120; Ambiguous_taxa"
"85a43b015333fa1fd7e3bfd1f9a58e87",0,0,0,0,0,6,0,0,0,0,0,0,0,0,0,13,0,0,2,0,0,0,0,0,0,2,0,0,0,0,0,0,0,0,0,0,0,0,0,"D_0__Bacteria; D_1__Proteobacteria; D_2__Deltaproteobacteria; D_3__Desulfarculales; D_4__Desulfarculaceae; D_5__Desulfatiglans; D_6__bacterium 2BP-6"
"67c8070f33bc95d16a78ec950b4367a6",0,0,4,3,0,2,0,0,0,0,0,0,0,2,0,0,0,0,0,0,0,0,0,0,0,0,0,0,0,0,0,0,0,0,0,0,0,0,0,"D_0__Bacteria; D_1__Chloroflexi; D_2__Anaerolineae"
"8d47693c93a6fb0899a47f41bed96924",3,0,3,3,4,6,3,0,13,3,0,0,7,3,0,0,5,3,14,4,8,4,11,0,13,10,6,0,8,4,0,11,12,11,4,0,0,7,0,"D_0__Bacteria; D_1__Chloroflexi; D_2__Anaerolineae; D_3__Anaerolineales; D_4__Anaerolineaceae; D_5__ADurb.Bin120; D_6__uncultured bacterium"
"dd1df4d4328c788bc838d766a37d8193",159,0,1,3,15,7,6,0,11,4,9,0,45,2,47,24,0,36,6,0,0,2,8,150,3,2,0,7,4,4,10,0,8,16,32,39,0,3,4,"D_0__Bacteria; D_1__Planctomycetes; D_2__Phycisphaerae; D_3__MSBL9; D_4__SG8-4; D_5__uncultured Planctomyces sp.; D_6__uncultured Planctomyces sp."
"e9e77fe19267ff40b71cec9de03ef8a0",0,0,0,0,0,0,0,0,0,0,0,0,0,0,0,0,0,0,3,0,0,0,3,0,0,0,0,0,2,0,0,0,0,0,0,2,0,0,0,"D_0__Bacteria; D_1__Bacteroidetes; D_2__Bacteroidia; D_3__Bacteroidales; D_4__Prolixibacteraceae; D_5__uncultured"
"4d6c83c8288ecc77f11d9515833464bf",15,0,0,0,0,7,0,0,0,0,0,0,6,0,2,8,0,1,0,0,0,0,0,6,0,0,0,0,0,0,4,0,0,0,0,0,0,0,0,"D_0__Bacteria; D_1__Firmicutes; D_2__Clostridia; D_3__Clostridiales; D_4__Christensenellaceae; D_5__Christensenellaceae R-7 group"
"d9b485026940ec2b0141a2d1e62da18c",13,0,2,2,0,4,0,0,0,0,3,0,7,0,4,0,0,5,0,0,0,0,0,20,0,0,0,2,0,0,3,0,0,0,6,13,0,0,0,"D_0__Bacteria; D_1__Planctomycetes; D_2__Phycisphaerae; D_3__Phycisphaerales; D_4__AKAU3564 sediment group; D_5__uncultured organism; D_6__uncultured organism"
"c99f499225f61716d98482f575d891b9",0,0,0,0,0,12,0,0,0,0,0,0,3,0,0,1,3,0,4,3,7,0,0,0,1,3,0,2,0,0,0,2,0,0,0,0,0,0,0,"D_0__Bacteria; D_1__Synergistetes; D_2__Synergistia; D_3__Synergistales; D_4__Synergistaceae; D_5__Thermovirga; Ambiguous_taxa"
"a0c252897ed85059b996fd0f95b045c2",0,0,0,0,0,0,0,0,0,0,1,0,0,0,0,3,0,5,0,0,0,0,0,0,0,0,0,1,0,0,0,0,0,0,0,0,0,0,0,"D_0__Bacteria; D_1__Firmicutes; D_2__Clostridia; D_3__Clostridiales; D_4__Peptococcaceae; D_5__uncultured; D_6__uncultured bacterium"
"3a1a27952bb22b88ab110332b414560c",15,0,15,4,0,0,6,0,4,2,6,0,7,3,4,0,0,5,16,0,9,0,12,19,0,10,2,3,6,5,10,0,1,12,6,12,0,2,2,"D_0__Bacteria; D_1__WS1; D_2__uncultured organism; D_3__uncultured organism; D_4__uncultured organism; D_5__uncultured organism; D_6__uncultured organism"
"06c5ce7a5fb7003a7fe50a0fa9706c7e",0,0,0,0,0,3,0,0,0,0,0,0,0,0,8,0,0,0,0,0,0,0,0,2,0,0,0,0,0,0,0,0,0,0,3,5,0,0,0,"D_0__Bacteria; D_1__Planctomycetes; D_2__Phycisphaerae; D_3__Phycisphaerales; D_4__Phycisphaeraceae; D_5__uncultured; D_6__uncultured organism"
"1ec9c1ad435937613bab28b14c4684bf",13,0,2,0,0,9,0,0,0,3,20,6,6,0,0,33,0,6,0,0,0,0,0,19,0,0,0,0,0,8,4,0,0,0,0,2,13,7,0,"D_0__Bacteria; D_1__Firmicutes; D_2__Clostridia; D_3__Clostridiales; D_4__Peptococcaceae; D_5__uncultured; D_6__uncultured bacterium"
"c10b8040920af8ecec638330b5f72878",3,0,3,0,0,11,54,0,40,11,2,2,7,0,8,6,0,6,69,0,71,3,55,12,26,35,13,3,38,3,0,5,42,5,0,6,0,2,0,"D_0__Bacteria; D_1__Firmicutes; D_2__Clostridia; D_3__Clostridiales; D_4__Clostridiales Incertae Sedis; D_5__Dethiosulfatibacter; D_6__uncultured bacterium"
"94551b6b4106429080f87014934a4f8a",0,3,0,0,0,17,0,0,3,1,0,0,0,0,3,3,0,0,0,0,0,0,0,0,1,0,2,0,0,0,0,0,0,0,4,3,0,0,1,"D_0__Bacteria; D_1__Firmicutes; D_2__Clostridia; D_3__Clostridiales; D_4__uncultured"
"251fccb8b46cd12295b3e14f1cbfc03e",6,0,0,0,5,0,0,0,0,3,0,0,3,0,0,3,0,3,5,0,6,0,3,3,0,3,0,2,0,0,0,0,2,3,0,2,0,0,0,"D_0__Bacteria; D_1__WS1; D_2__uncultured organism; D_3__uncultured organism; D_4__uncultured organism; D_5__uncultured organism; D_6__uncultured organism"
"711f603c3665ab3842f0d701e5cfb32f",0,0,0,0,0,0,2,0,5,0,0,0,0,0,0,0,2,0,0,0,2,0,6,0,7,9,3,0,3,0,0,0,2,0,0,0,0,0,2,"D_0__Bacteria; D_1__Atribacteria; D_2__JS1; D_3__uncultured organism; D_4__uncultured organism; D_5__uncultured organism; D_6__uncultured organism"
"6e02f4cc026cb7ffc1010df5cfa6cfb9",6,0,0,0,2,3,16,0,18,0,0,0,4,0,2,5,0,4,24,2,15,0,17,5,9,14,0,3,9,0,0,3,23,3,2,4,0,0,0,"D_0__Bacteria; D_1__Spirochaetes; D_2__Spirochaetia; D_3__Spirochaetales; D_4__Spirochaetaceae; D_5__Sphaerochaeta"
"cde42b1c0b6c1fab7dea176a9b8e1389",0,0,0,0,0,0,0,2,2,0,0,0,0,0,0,7,2,0,8,0,0,0,6,0,1,3,0,0,5,2,0,0,8,0,0,0,0,0,0,"D_0__Bacteria; D_1__Chloroflexi; D_2__Anaerolineae; D_3__SBR1031; D_4__uncultured organism; D_5__uncultured organism; D_6__uncultured organism"
"74b5c26526ba4cf95cfec269a542afd5",4,0,0,0,0,1,0,0,0,0,0,0,0,0,0,0,0,0,0,0,0,0,0,3,0,0,0,0,0,0,0,0,0,2,0,0,0,0,3,"D_0__Bacteria; D_1__Firmicutes; D_2__Clostridia; D_3__Clostridiales; D_4__Peptococcaceae; D_5__Desulfosporosinus; D_6__Desulfosporosinus sp. enrichment culture"
"13717a5485f86ae6896cfe97a1f35b12",35,0,18,9,14,11,44,3,20,6,22,0,13,10,15,16,3,10,31,7,63,0,87,22,19,49,44,2,62,2,8,4,62,24,0,10,0,0,0,"D_0__Bacteria; D_1__Bacteroidetes; D_2__Bacteroidia; D_3__Bacteroidales; D_4__Prolixibacteraceae; D_5__uncultured"
"ad6affd5af1d93f6c44f4518abd000e8",4,0,3,0,3,3,5,0,8,0,0,0,3,2,0,0,0,5,4,0,2,2,9,7,4,3,0,0,6,3,4,0,0,3,0,5,0,3,0,"D_0__Bacteria; D_1__Armatimonadetes; D_2__uncultured"
"bf05dd35b111ee428e18b5cc157c7159",8,0,0,9,0,0,0,0,0,0,14,0,10,7,0,2,0,2,0,0,2,0,0,9,2,0,0,0,0,0,5,0,2,0,0,0,0,0,0,"D_0__Bacteria; D_1__Firmicutes; D_2__Clostridia; D_3__Clostridiales; D_4__Defluviitaleaceae; D_5__Defluviitaleaceae UCG-011"
"43564fc7adee07ac282d8565ebc8e378",0,0,0,0,14,0,0,0,0,0,0,0,10,1,1,0,0,12,0,0,1,0,0,0,0,2,0,3,0,0,0,0,6,0,0,16,0,0,0,"D_0__Bacteria; D_1__Firmicutes; D_2__Clostridia; D_3__Thermoanaerobacterales; D_4__SRB2"
"5a85e46f92b30dfe9ec546e6d2e1ee27",0,0,0,0,2,2,8,0,8,3,0,0,0,0,0,0,0,0,19,71,12,0,20,0,11,5,0,0,14,0,0,125,13,0,0,0,0,0,0,"D_0__Bacteria; D_1__Bacteroidetes; D_2__Bacteroidia; D_3__Bacteroidetes VC2.1 Bac22; D_4__uncultured Bacteroidetes bacterium; D_5__uncultured Bacteroidetes bacterium; D_6__uncultured Bacteroidetes bacterium"
"b50c2a934fe04db6289094ec9444734a",0,0,2,0,3,0,0,0,0,0,0,0,4,0,0,2,0,0,0,0,0,0,2,2,0,0,0,7,2,0,0,2,0,0,0,4,0,0,0,"D_0__Bacteria; D_1__Spirochaetes; D_2__Spirochaetia; D_3__Spirochaetales; D_4__Spirochaetaceae; D_5__Sediminispirochaeta"
"1168ac487badaea52f7cd14563a455f9",403,0,0,0,0,0,0,0,0,0,2,2,0,0,0,1,0,0,0,0,0,0,0,436,0,0,0,0,0,82,0,0,0,0,0,0,0,202,0,"D_0__Bacteria; D_1__Firmicutes; D_2__Clostridia; D_3__Clostridiales; D_4__Syntrophomonadaceae; D_5__Syntrophomonas"
"fc1278f02295e0412f8ef5f99424b933",9,0,6,0,28,33,0,0,0,25,2,0,4,0,4,23,0,4,2,0,2,3,0,9,0,0,0,11,0,0,4,0,0,6,6,7,0,0,0,"D_0__Bacteria; D_1__Proteobacteria; D_2__Deltaproteobacteria; D_3__Syntrophobacterales; D_4__Syntrophaceae; D_5__uncultured; D_6__uncultured delta proteobacterium"
"414cbef8f40975faf0837dbee2183b46",0,0,0,0,0,6,0,0,0,0,3,0,0,0,0,0,0,0,0,0,0,0,0,0,0,0,0,0,0,0,4,0,0,0,3,0,0,0,0,"D_0__Bacteria; D_1__Firmicutes; D_2__Clostridia; D_3__Clostridiales; D_4__Clostridiaceae; D_5__Anaeromicrobium; D_6__bacterium enrichment culture clone PKWE30-19"
"31d3d0c0ada2bd5e065f5d0108996ee1",0,0,2,0,0,6,8,0,8,3,0,0,3,0,2,0,0,0,18,100,16,0,14,0,5,7,0,0,2,0,0,152,10,2,0,0,0,0,0,"D_0__Bacteria; D_1__Chloroflexi; D_2__Dehalococcoidia; D_3__Dehalococcoidales; D_4__Dehalococcoidales Incertae Sedis; D_5__Dehalobium; D_6__uncultured bacterium"
"fc76d4a1a7e0276a038e80dc60de7342",2,0,0,0,0,0,3,0,5,3,2,0,0,0,5,0,0,0,17,0,7,0,9,0,5,6,0,0,8,0,0,0,7,0,2,0,0,0,0,"D_0__Bacteria; D_1__Bacteroidetes; D_2__Bacteroidia; D_3__Bacteroidales; D_4__Prolixibacteraceae; D_5__uncultured"
"8e2631a008607500c0c4a73fe94fcb00",1,0,0,0,0,0,0,0,0,0,1,0,2,0,1,0,0,3,0,0,0,0,0,28,0,0,0,0,0,0,2,0,0,1,0,0,0,0,0,"D_0__Bacteria; D_1__Firmicutes; D_2__Clostridia; D_3__Clostridiales; D_4__Caldicoprobacteraceae; D_5__Caldicoprobacter; D_6__uncultured bacterium"
"e68617fb7e89e8eb7f636e1c6d3e589b",12,0,0,0,0,0,3,0,4,3,0,0,3,0,0,0,0,0,4,0,1,0,4,5,0,1,6,0,2,0,0,0,5,1,3,3,0,0,0,"D_0__Bacteria; D_1__Firmicutes; D_2__Clostridia; D_3__Clostridiales; D_4__MAT-CR-H4-C10; D_5__uncultured bacterium; D_6__uncultured bacterium"
"081acdcd9467c31b213b9b7e56d46081",0,0,0,0,0,0,0,0,0,0,2,0,0,0,0,3,0,2,0,0,0,0,0,0,0,0,0,4,0,0,0,0,0,0,0,0,0,0,0,"D_0__Bacteria; D_1__Firmicutes; D_2__Clostridia; D_3__Clostridiales; D_4__Peptococcaceae; D_5__Desulfotomaculum; D_6__Desulfotomaculum intricatum"
"db8afec30ce025acbe9509dabf650518",0,0,0,0,38,5,0,0,2,0,0,0,0,0,0,7,0,0,0,0,0,0,0,0,32,54,11,15,7,0,1,5,5,16,0,12,0,0,0,"D_0__Bacteria; D_1__Thermotogae; D_2__Thermotogae; D_3__Kosmotogales; D_4__Kosmotogaceae; D_5__Mesotoga; Ambiguous_taxa"
"5bbe65f5d59db2fcd6a0b539b6990fb3",2,0,0,2,0,4,10,3,4,0,0,0,0,0,8,0,0,0,28,7,18,0,22,0,0,5,3,0,13,0,0,16,18,9,0,3,0,0,0,"D_0__Bacteria; D_1__Bacteroidetes; D_2__Bacteroidia; D_3__Bacteroidales; D_4__Prolixibacteraceae; D_5__uncultured; D_6__uncultured organism"
"27f82ec87fb16d1b596eb210b89bd599",0,0,2,0,0,0,0,0,0,0,0,0,0,0,0,24,0,0,0,0,0,0,2,0,2,0,0,0,0,0,0,0,0,0,1,0,0,0,0,"D_0__Bacteria; D_1__Bacteroidetes; D_2__Bacteroidia; D_3__Bacteroidales; D_4__Marinilabiliaceae; D_5__Marinilabilia; D_6__Marinilabilia nitratireducens"
"3cdcea7220b991cde9648260f527532b",0,0,0,0,0,0,2,0,0,0,0,0,0,0,0,0,0,0,0,0,0,0,0,0,2,0,2,0,0,0,0,0,4,0,0,0,0,0,0,"D_0__Bacteria; D_1__Bacteroidetes; D_2__Bacteroidia; D_3__Flavobacteriales; D_4__Flavobacteriaceae; D_5__Lutimonas; D_6__uncultured Bacteroidetes bacterium"
"14101dcc7a18aae4d6557b1f8a6546e0",0,0,0,0,0,0,3,0,9,0,0,0,2,0,0,0,2,0,3,4,4,4,0,0,3,0,2,0,10,0,0,11,4,0,0,0,0,0,0,"D_0__Bacteria; D_1__Atribacteria; D_2__JS1; D_3__uncultured organism; D_4__uncultured organism; D_5__uncultured organism; D_6__uncultured organism"
"cd4acd0701649dfc7fd754f1e06cb7dd",0,0,0,0,0,0,0,0,0,3,0,0,0,0,0,4,0,2,0,0,0,0,0,0,0,0,0,0,0,0,0,0,0,9,5,4,0,0,0,"D_0__Bacteria; D_1__Firmicutes; D_2__Clostridia; D_3__Clostridiales; D_4__Ruminococcaceae"
"d0d24491a1d6702889dec9ec0f022ccf",251,0,158,53,51,15,27,29,0,27,7,0,77,51,119,33,0,78,49,0,22,0,37,277,0,28,18,39,21,0,2,0,58,32,94,157,0,0,0,"D_0__Bacteria; D_1__Planctomycetes; D_2__Planctomycetacia; D_3__Pirellulales; D_4__Pirellulaceae"
"b6dab1f7cdff7e38a671c76d71b51034",16,0,0,0,4,0,1,0,0,3,0,0,0,0,0,0,0,0,1,0,4,0,0,15,0,0,1,1,2,0,0,0,4,0,10,2,0,0,0,"D_0__Bacteria; D_1__Bacteroidetes; D_2__Bacteroidia; D_3__Bacteroidales; D_4__Prolixibacteraceae; D_5__uncultured; D_6__benzene mineralizing consortium clone SB-1"
"a1f039f4d4778506c9651c3164665f21",2,0,0,2,0,18,12,0,3,5,0,0,3,0,4,10,0,3,12,0,26,2,11,0,5,6,3,0,8,0,0,0,10,4,0,2,0,0,0,"D_0__Bacteria; D_1__Firmicutes; D_2__Clostridia; D_3__Clostridiales; D_4__Ruminococcaceae; D_5__Ercella; D_6__uncultured bacterium"
"345c45d9ec3b59957e24e753be1e2175",0,0,0,0,0,0,3,0,0,0,0,0,0,0,0,0,0,0,4,0,0,0,0,0,0,2,0,0,2,0,0,0,0,0,0,3,0,0,0,"D_0__Bacteria; D_1__Firmicutes; D_2__Clostridia; D_3__Clostridiales; D_4__Ruminococcaceae; D_5__Sporobacter"
"143f66402fff19680838f305fd1dd6ce",3,0,4,2,0,0,0,0,0,5,0,0,3,2,2,0,0,7,0,0,0,0,0,6,0,0,0,0,0,0,0,0,0,0,0,2,0,0,0,"D_0__Bacteria; D_1__Planctomycetes; D_2__Phycisphaerae; D_3__MSBL9; D_4__SG8-4; D_5__uncultured bacterium; D_6__uncultured bacterium"
"d4860009d64cc22e09edfc6f3d8eb314",0,0,0,0,0,0,0,0,0,0,0,0,0,0,0,0,0,0,0,0,0,0,0,0,0,0,0,0,0,154,0,0,0,0,0,0,0,143,0,"D_0__Bacteria; D_1__Firmicutes; D_2__Clostridia; D_3__Clostridiales; D_4__Syntrophomonadaceae; D_5__Syntrophomonas"
"885e9810617658eeceff62f74bbef99c",0,0,0,0,0,0,0,0,0,0,0,0,0,0,0,0,13,0,0,0,0,9,0,0,0,0,0,0,0,0,0,0,0,0,0,0,0,0,0,"D_0__Bacteria; D_1__Firmicutes; D_2__Clostridia; D_3__Clostridiales; D_4__Syntrophomonadaceae; D_5__Syntrophomonas"
"4dde8f883bf881071e41a4ffbb59a526",5,0,0,0,2,9,0,0,0,10,0,0,4,0,0,8,0,2,0,0,0,0,0,0,0,0,0,0,0,0,0,0,0,3,2,0,0,0,0,"D_0__Bacteria; D_1__Firmicutes; D_2__Clostridia; D_3__Clostridiales; D_4__Family XIII; D_5__uncultured; D_6__uncultured bacterium"
"171b18580ccde254901c30b467409266",0,0,0,0,0,1,8,0,3,0,0,0,0,0,0,2,7,0,10,0,3,4,1,0,5,4,0,0,3,6,0,1,0,0,0,0,0,5,0,"D_0__Bacteria; D_1__Atribacteria; D_2__JS1; D_3__uncultured organism; D_4__uncultured organism; D_5__uncultured organism; D_6__uncultured organism"
"44d00712a53be345bc7848712b0f26a5",0,0,5,0,0,3,0,0,17,0,0,0,0,2,0,0,4,0,4,1,0,0,0,0,13,0,0,0,19,15,0,19,1,0,0,0,0,11,0,"D_0__Bacteria; D_1__Cloacimonetes; D_2__Cloacimonadia; D_3__Cloacimonadales; D_4__Cloacimonadaceae; D_5__Candidatus Cloacimonas; D_6__uncultured bacterium"
"f424beea34254ab326043ac61525026a",0,0,0,0,1,0,0,0,0,3,0,0,1,0,2,0,0,0,0,1,0,0,1,0,0,0,0,0,0,0,3,3,5,4,1,0,0,0,0,"D_0__Bacteria; D_1__Bacteroidetes; D_2__Bacteroidia; D_3__Bacteroidales; D_4__Prolixibacteraceae; D_5__uncultured; D_6__benzene mineralizing consortium clone SB-1"
"61130643f7fbc84bcb9463afcd6079c4",7,0,2,0,15,0,0,0,0,0,0,0,0,0,0,0,0,2,0,0,0,0,0,36,0,0,0,12,0,0,0,0,0,0,0,0,0,0,0,"D_0__Bacteria; D_1__Firmicutes; D_2__Clostridia; D_3__Clostridiales"
"0cc68dede8fd7592c5b6508f669dddc0",0,0,3,0,2,0,2,0,2,0,0,0,3,0,3,0,0,2,3,0,3,0,4,2,3,2,0,2,7,0,0,0,3,2,0,3,0,0,0,"D_0__Bacteria; D_1__Firmicutes; D_2__Clostridia; D_3__Clostridiales; D_4__Family XII; D_5__Fusibacter; D_6__uncultured bacterium"
"cfb6063dc175a5a07dc6181964942879",0,0,0,0,2,0,0,0,0,0,9,0,0,0,3,0,0,0,0,0,0,0,0,0,0,0,0,8,0,0,15,0,0,0,0,0,0,0,0,"D_0__Bacteria; D_1__Firmicutes; D_2__Limnochordia; D_3__Limnochordales; D_4__uncultured; D_5__uncultured bacterium; D_6__uncultured bacterium"
"67aa885a76c0221f805d3b4a9c901c7e",0,0,0,2,0,5,0,0,0,0,0,0,0,6,0,0,8,0,0,0,0,12,0,0,0,0,0,0,0,3,0,0,0,0,0,4,0,0,0,"D_0__Bacteria; D_1__Chloroflexi; D_2__Anaerolineae; D_3__SBR1031; D_4__uncultured organism; D_5__uncultured organism; D_6__uncultured organism"
"212f5cd14e9d298b15533afe69993223",175,104,0,0,4,9,0,0,15,9,0,231,0,0,0,3,5,0,0,0,5,7,0,178,4,0,0,0,0,4,0,0,2,0,0,0,274,12,251,"D_0__Bacteria; D_1__Spirochaetes; D_2__Leptospirae; D_3__Leptospirales; D_4__Leptospiraceae; D_5__RBG-16-49-21; D_6__uncultured Leptospira sp."
"6339bd5f7a91ccdba7743b9bb3b340eb",7,0,0,0,0,0,0,0,0,0,3,0,0,0,0,8,0,3,0,0,0,0,0,14,0,0,0,0,0,0,0,0,0,0,0,0,0,0,0,"D_0__Bacteria; D_1__Firmicutes; D_2__Clostridia; D_3__Clostridiales; D_4__Peptococcaceae; D_5__uncultured; D_6__uncultured bacterium"
"73e84d92de4e0ba605c580db02b553aa",26,0,0,0,23,0,0,0,0,0,17,0,12,0,7,0,0,0,0,0,0,0,2,16,0,0,0,13,0,0,5,0,0,29,11,21,0,0,0,"D_0__Bacteria; D_1__Firmicutes; D_2__Clostridia; D_3__Clostridiales; D_4__Clostridiaceae 1; D_5__Oxobacter"
"2e21df1623ea665672577e76bf9ceed2",0,0,0,0,0,0,0,0,3,0,0,0,0,0,0,0,0,2,0,0,0,0,3,0,0,0,0,2,0,0,0,0,2,0,0,0,0,0,0,"D_0__Bacteria; D_1__Firmicutes; D_2__Clostridia; D_3__Clostridiales; D_4__Ruminococcaceae; D_5__Ruminiclostridium 9; D_6__bacterium enrichment culture clone M244"
"facaa648bc35d83ec26b79ef3dec07ae",13,2,4,2,14,45,22,0,16,26,7,0,2,0,12,27,7,4,33,3,26,8,50,8,14,16,7,11,27,0,5,11,40,11,0,2,0,4,0,"D_0__Bacteria; D_1__Acidobacteria; D_2__Subgroup 21"
"9cbf9f6268e150617de536de7fcdbe88",0,0,10,0,0,0,0,0,0,0,3,0,0,3,0,0,0,0,0,0,0,0,0,0,0,0,0,0,0,0,5,0,0,0,0,0,0,0,0,"D_0__Bacteria; D_1__Planctomycetes; D_2__Planctomycetacia; D_3__Pirellulales; D_4__Pirellulaceae; D_5__uncultured; D_6__uncultured organism"
"00fcee69a3885b234e2dd8396a89130e",7,2,6,6,2,12,11,0,32,0,0,0,7,5,3,12,77,3,15,0,16,137,21,6,34,10,4,2,10,110,0,3,12,4,0,2,3,82,3,"D_0__Bacteria; D_1__Synergistetes; D_2__Synergistia; D_3__Synergistales; D_4__Synergistaceae; D_5__Thermovirga; D_6__uncultured bacterium"
"917e21d7a9ac3a96f07ad13d6a06c6a4",0,0,2,0,11,0,0,0,0,0,6,0,0,0,0,0,0,0,0,0,0,0,0,0,0,0,0,17,0,0,0,0,0,0,0,2,0,0,0,"D_0__Bacteria; D_1__Proteobacteria; D_2__Deltaproteobacteria; D_3__Desulfobacterales; D_4__Desulfobacteraceae; D_5__uncultured; D_6__bacterium enrichment culture clone Oil_10"
"c36259102ae44c25efe413e345984b4d",1,0,0,0,0,0,0,0,0,3,3,0,0,0,0,0,0,0,0,0,0,0,0,0,0,0,0,4,0,0,0,0,0,0,3,0,0,0,0,"D_0__Bacteria; D_1__Hydrogenedentes; D_2__Hydrogenedentia; D_3__Hydrogenedentiales; D_4__Hydrogenedensaceae; D_5__uncultured bacterium; D_6__uncultured bacterium"
"2b6c8cc99bf778c9c372c8f7085abffe",0,0,0,0,0,0,0,0,0,0,0,0,0,0,0,0,0,1,0,0,0,0,0,9,0,0,0,0,0,0,0,0,0,4,0,0,0,0,0,"D_0__Bacteria; D_1__Bacteroidetes; D_2__Bacteroidia; D_3__Bacteroidales; D_4__Prolixibacteraceae; D_5__uncultured; D_6__uncultured Bacteroidetes bacterium"
"44189cc738390e3d85ce441514740732",37,0,0,0,19,0,2,0,0,0,27,0,7,0,30,6,0,3,0,0,2,0,0,40,3,2,0,21,2,0,18,0,0,23,5,6,0,0,0,"D_0__Bacteria; D_1__Firmicutes; D_2__Clostridia; D_3__Clostridiales; D_4__Clostridiaceae 1; D_5__Oxobacter; D_6__uncultured bacterium"
"c7bfab5075fe48533f49a3edc8a95c71",0,0,0,0,3,0,0,0,0,0,0,0,0,0,0,10,0,0,0,0,0,0,0,0,0,0,0,0,0,0,3,0,0,0,0,0,0,0,0,"D_0__Bacteria; D_1__Firmicutes; D_2__Clostridia; D_3__Clostridiales; D_4__Peptococcaceae; D_5__Desulfotomaculum; D_6__Desulfotomaculum arcticum"
"ff2210fa1a3a3b271938a17110604cc0",6,0,4,10,0,1,0,0,0,0,3,0,62,5,8,0,0,15,0,0,2,0,0,5,2,5,0,0,4,0,0,0,3,23,45,19,0,0,3,"D_0__Bacteria; D_1__Proteobacteria; D_2__Deltaproteobacteria; D_3__Desulfobacterales; D_4__Desulfobacteraceae; D_5__Desulfosalsimonas; D_6__uncultured delta proteobacterium"
"82d00fb46742ccb18734378d5e19c835",0,0,0,0,0,0,0,0,0,0,0,0,0,0,2,9,0,0,0,0,0,0,0,0,0,0,0,0,0,0,0,0,0,4,0,2,0,0,0,"D_0__Bacteria; D_1__Spirochaetes; D_2__Spirochaetia; D_3__Spirochaetales; D_4__Spirochaetaceae; D_5__Sediminispirochaeta; D_6__uncultured bacterium"
"ad6d8b9941a9ed3eb9242c797b3cad38",0,0,1,0,0,0,1,0,0,0,11,0,0,1,0,0,0,0,0,0,0,0,0,0,0,0,0,0,0,0,7,0,2,0,0,0,0,0,0,"D_0__Bacteria; D_1__Firmicutes; D_2__Clostridia; D_3__Thermoanaerobacterales; D_4__SRB2"
"006efec35bae7f811f863ca6bc1b13f5",5,0,14,4,5,0,0,5,3,0,0,0,3,3,14,2,0,2,2,0,0,0,7,0,0,0,0,0,3,0,0,0,4,4,6,13,0,0,2,"D_0__Bacteria; D_1__Planctomycetes; D_2__Phycisphaerae; D_3__Phycisphaerales; D_4__AKAU3564 sediment group; D_5__uncultured organism; D_6__uncultured organism"
"d267b45d19b456c997b76d714d140034",0,0,0,0,0,0,0,0,0,0,0,0,0,0,0,13,0,0,0,0,0,0,0,0,0,0,0,0,0,0,0,0,0,2,0,0,0,0,0,"D_0__Bacteria; D_1__Proteobacteria; D_2__Gammaproteobacteria; D_3__Pseudomonadales; D_4__Moraxellaceae; D_5__Enhydrobacter"
"66277832765e033d517b7b5d16d8486c",5,0,2,0,3,2,0,0,0,2,0,0,1,0,0,0,0,0,0,0,0,0,0,5,0,0,0,0,0,0,0,0,0,4,0,3,0,0,0,"D_0__Bacteria; D_1__Planctomycetes; D_2__Phycisphaerae; D_3__MSBL9; D_4__SG8-4; D_5__bacterium enrichment culture clone AOM-SR-B13; D_6__bacterium enrichment culture clone AOM-SR-B13"
"b0eaa524d489237afa62d25063f2f285",0,0,4,5,0,0,0,0,0,0,0,0,2,4,0,0,0,3,0,0,0,0,0,0,0,0,0,0,0,0,0,0,0,0,0,0,0,0,0,"D_0__Bacteria; D_1__Planctomycetes; D_2__Phycisphaerae; D_3__MSBL9; D_4__SG8-4; D_5__uncultured bacterium; D_6__uncultured bacterium"
"019f43c7b37be614339b356f7a9031c0",7,0,60,18,0,19,0,12,2,17,4,0,49,26,12,28,0,50,9,0,3,0,3,23,5,3,0,0,4,0,0,0,0,13,17,46,0,0,2,"D_0__Bacteria; D_1__Proteobacteria; D_2__Deltaproteobacteria; D_3__Desulfobacterales; D_4__Desulfobacteraceae; D_5__Desulfatitalea; Ambiguous_taxa"
"ea48bf108e73bbcff6da047416930540",0,0,4,0,0,0,0,0,0,4,0,0,0,0,2,0,6,0,0,0,0,4,0,0,2,1,4,0,0,2,0,1,0,0,0,0,0,0,0,"D_0__Bacteria; D_1__Atribacteria; D_2__JS1; D_3__uncultured organism; D_4__uncultured organism; D_5__uncultured organism; D_6__uncultured organism"
"cab91c77372c372c1f77e28029012bc9",9,0,0,0,0,0,0,0,0,0,0,0,0,0,6,7,0,0,0,0,0,0,0,16,0,0,0,0,0,0,2,0,0,0,0,0,0,0,0,"D_0__Bacteria; D_1__Firmicutes; D_2__Clostridia; D_3__Clostridiales; D_4__Peptococcaceae; D_5__uncultured; D_6__uncultured bacterium"
"a4765dc67a607b403ea1ead1775cafa2",4,0,0,0,0,2,0,0,2,0,6,0,2,0,0,0,0,3,1,0,0,0,5,0,1,0,0,0,5,0,2,0,8,0,0,0,0,0,0,"D_0__Bacteria; D_1__Bacteroidetes; D_2__Bacteroidia; D_3__Bacteroidales; D_4__Prolixibacteraceae; D_5__uncultured"
"a9c21c4e7e7a47e67ea690735a93c458",0,0,0,0,3,0,3,0,0,0,3,0,0,0,0,0,0,0,3,0,5,0,0,0,0,2,0,0,0,0,0,0,0,6,0,0,0,0,0,"D_0__Bacteria; D_1__Firmicutes; D_2__Clostridia"
"dee5d11b2eb88314fc87acc8589865fb",5,0,4,4,0,15,91,0,77,8,2,0,17,0,10,16,8,10,119,225,102,10,130,8,64,56,37,0,100,0,0,367,115,8,6,6,0,2,0,"D_0__Bacteria; D_1__Proteobacteria; D_2__Deltaproteobacteria; D_3__Desulfobacterales; D_4__Desulfobacteraceae; D_5__uncultured"
"6c62b57cf199b9fea276dc4a52c4e3af",0,0,0,0,0,0,6,0,7,0,0,0,3,0,0,0,0,0,11,0,10,0,12,0,7,3,0,0,7,0,0,0,9,0,0,0,0,0,0,"D_0__Bacteria; D_1__Firmicutes; D_2__Clostridia; D_3__Clostridiales; D_4__Clostridiales Incertae Sedis; D_5__Dethiosulfatibacter; D_6__uncultured bacterium"
"18574499c5d28909afe84b7e02fa307c",21,0,4,0,0,5,63,0,131,11,5,0,30,3,15,5,0,30,83,0,81,0,96,17,105,67,25,0,90,0,8,0,104,7,16,35,3,0,0,"D_0__Bacteria; D_1__Bacteroidetes; D_2__Bacteroidia; D_3__Bacteroidales; D_4__Prolixibacteraceae; D_5__uncultured"
"599fdac7c10473ba7bdfe881e96b3d46",5,0,7,4,0,0,0,1,2,0,6,0,0,4,0,0,0,0,2,0,3,0,0,9,0,0,0,3,0,0,0,0,0,2,0,4,0,0,0,"D_0__Bacteria; D_1__WS1"
"13da6700b78239208410a3355e5b4575",3,0,0,0,0,2,0,0,0,7,0,0,0,0,0,0,0,0,0,0,0,0,0,0,0,0,0,3,0,0,4,0,0,0,0,0,0,0,0,"D_0__Bacteria; D_1__Proteobacteria; D_2__Gammaproteobacteria; D_3__Xanthomonadales; D_4__Xanthomonadaceae; D_5__Stenotrophomonas"
"ad94f0ebcd4d1615eb3c3737ad44992d",70,0,0,0,53,2,6,0,5,0,43,0,66,0,101,24,0,55,10,0,12,0,21,84,8,1,9,8,12,0,22,0,18,93,112,146,0,0,2,"D_0__Bacteria; D_1__Bacteroidetes; D_2__Bacteroidia; D_3__Bacteroidales; D_4__Prolixibacteraceae; D_5__Sunxiuqinia"
"01e1ab4c79febb44b05d0de95b244aab",232,0,37,13,62,65,10,5,9,64,47,2,97,21,78,132,9,79,11,0,6,4,14,261,5,18,3,50,6,3,78,0,11,109,82,89,0,0,2,"D_0__Bacteria; D_1__Planctomycetes; D_2__Phycisphaerae; D_3__MSBL9; D_4__SG8-4; D_5__bacterium enrichment culture clone AOM-SR-B13; D_6__bacterium enrichment culture clone AOM-SR-B13"
"a09ad73cba70b4b69a1d95c34b11a1b6",0,0,0,0,0,0,0,0,0,0,10,0,0,0,0,0,0,0,0,0,0,0,0,0,0,0,0,0,0,0,0,0,0,0,0,0,0,0,0,"D_0__Bacteria; D_1__Firmicutes; D_2__Clostridia; D_3__Clostridiales; D_4__Family XI; D_5__Anaerococcus; D_6__uncultured bacterium"
"4f6cca057c390bee0f859aef0104106a",22,0,19,7,26,35,4,2,0,30,28,0,6,3,7,5,0,2,5,0,4,0,2,16,0,0,0,27,0,0,29,0,4,15,4,6,0,0,0,"D_0__Bacteria; D_1__Planctomycetes; D_2__Planctomycetacia; D_3__Pirellulales; D_4__Pirellulaceae; D_5__uncultured; D_6__uncultured organism"
"31472d495a5f4ccbc1bff543ca13d6e3",4,0,4,4,2,6,2,0,34,4,3,0,4,0,5,2,12,5,6,0,6,17,8,5,18,6,4,0,6,41,0,0,5,0,0,0,0,27,6,"D_0__Bacteria; D_1__Proteobacteria; D_2__Deltaproteobacteria; D_3__Desulfobacterales; D_4__Desulfobulbaceae; D_5__uncultured"
"ab22bcdf43070fb487f560804d61a590",0,0,0,0,0,0,0,0,0,0,0,0,0,0,0,0,0,0,0,0,0,0,0,14,0,0,0,0,0,0,2,0,0,0,0,0,0,0,0,"D_0__Bacteria; D_1__Firmicutes; D_2__Clostridia; D_3__Clostridiales; D_4__Peptococcaceae; D_5__uncultured; D_6__uncultured bacterium"
"1f0bdbcebd6779036c9f7e7069c7b871",3,0,17,6,32,9,12,4,7,9,9,2,31,4,81,12,0,29,12,0,16,0,24,4,0,20,3,5,16,0,7,0,16,82,45,52,0,0,0,"D_0__Bacteria; D_1__Planctomycetes; D_2__Phycisphaerae; D_3__MSBL9; D_4__SG8-4; D_5__uncultured Planctomyces sp.; D_6__uncultured Planctomyces sp."
"4c657bf8098653d21647d3399ccb2803",19,0,8,4,61,8,3,3,0,12,230,0,32,4,34,20,0,21,0,0,5,2,4,18,0,3,0,40,4,7,267,0,5,35,18,23,0,4,0,"D_0__Bacteria; D_1__Firmicutes; D_2__Clostridia; D_3__Clostridiales; D_4__Lachnospiraceae; D_5__Anaerocolumna; D_6__uncultured bacterium"
"775b39a4d21c63614fc446842bde4718",0,0,2,0,0,0,3,0,0,0,0,0,2,0,0,0,0,0,0,0,2,0,2,0,0,2,0,0,5,0,0,0,0,0,0,0,0,0,0,"D_0__Bacteria; D_1__Chloroflexi; D_2__Anaerolineae; D_3__RBG-13-54-9; D_4__uncultured bacterium; D_5__uncultured bacterium; D_6__uncultured bacterium"
"1858d823d1e884f9bc4e8ccaa34fae34",3,0,0,0,0,0,0,0,2,0,0,0,2,0,7,0,0,0,2,0,0,0,6,0,2,0,0,0,3,0,0,0,3,0,0,0,0,0,0,"D_0__Bacteria; D_1__Bacteroidetes; D_2__Ignavibacteria; D_3__OPB56"
"189adfd3e15709a9f9f36ddbbf859fef",6,0,0,0,8,0,0,0,0,2,2,0,0,0,4,0,0,0,0,0,0,0,0,0,0,0,0,6,0,0,1,0,0,4,0,2,0,0,0,"D_0__Bacteria; D_1__Firmicutes; D_2__Clostridia; D_3__Clostridiales; D_4__Caldicoprobacteraceae; D_5__Caldicoprobacter; D_6__uncultured bacterium"
"857714ef28a3fe681c7518a80f45d16c",4,0,2,0,13,15,0,0,0,8,4,0,0,0,6,7,0,0,0,0,0,0,0,2,0,0,0,3,0,0,10,0,0,5,0,0,0,0,0,"D_0__Bacteria; D_1__Proteobacteria; D_2__Gammaproteobacteria; D_3__Pseudomonadales; D_4__Pseudomonadaceae; D_5__Pseudomonas"
"0d410385b940330b20205b60313fb8f9",152,8,10,4,170,19,3,0,11,20,52,0,1,1,27,518,5,11,0,0,0,7,0,184,11,5,0,122,4,5,33,0,8,61,46,41,0,0,4,"D_0__Bacteria; D_1__Tenericutes; D_2__Mollicutes; D_3__Haloplasmatales; D_4__Haloplasmataceae; D_5__Haloplasma; D_6__uncultured bacterium"
"1b8d13faff756af9442656894724d16d",0,0,0,4,1,2,1,0,3,0,0,0,3,0,0,0,0,0,0,0,3,0,0,0,0,3,2,6,4,0,0,0,0,1,0,1,0,0,0,"D_0__Bacteria; D_1__Proteobacteria; D_2__Deltaproteobacteria; D_3__Desulfobacterales; D_4__Desulfobacteraceae; D_5__uncultured"
"a35957baf4788e7750ca924175f56b34",188,109,0,0,0,26,0,0,9,19,0,225,0,0,0,6,15,2,2,0,3,25,0,229,13,0,0,0,0,17,0,0,2,2,0,0,279,18,351,"D_0__Bacteria; D_1__Spirochaetes; D_2__Leptospirae; D_3__Leptospirales; D_4__Leptospiraceae; D_5__RBG-16-49-21; D_6__uncultured Leptospira sp."
"8245b983eb77eb4502a692cc70ee674e",0,0,0,0,0,0,0,0,0,0,3,0,0,0,0,0,0,0,0,0,0,0,0,0,0,4,0,9,0,0,0,0,0,0,0,0,0,0,0,"D_0__Bacteria; D_1__Firmicutes; D_2__Clostridia; D_3__Clostridiales; D_4__Clostridiaceae 4"
"d4a6a0bb076d9b392cf0ca0865b7fd18",0,0,0,0,21,7,5,0,0,8,2,0,2,0,3,5,0,2,8,0,5,2,8,0,2,0,2,2,5,0,2,0,2,2,0,0,0,0,0,"D_0__Bacteria; D_1__Tenericutes; D_2__Mollicutes; D_3__Haloplasmatales; D_4__Haloplasmataceae; D_5__Haloplasma; D_6__uncultured bacterium"
"ed67ecce45ac8ede71ff8134298832e8",0,0,1,0,0,2,3,0,0,0,0,0,3,0,1,2,0,0,3,0,5,0,0,0,0,0,0,0,0,0,0,0,0,3,0,0,0,1,0,"D_0__Bacteria; D_1__Bacteroidetes; D_2__Bacteroidia; D_3__Bacteroidales; D_4__Marinilabiliaceae; D_5__uncultured"
"caaa634f67a2f32755077d108fc0e8c4",0,0,0,0,0,0,3,0,9,0,7,0,8,0,0,131,0,6,6,0,1,0,0,0,0,0,0,0,0,0,10,0,0,0,0,0,0,0,0,"D_0__Bacteria; D_1__Firmicutes; D_2__Clostridia; D_3__Thermoanaerobacterales; D_4__SRB2"
"49cbbba881dac712d4a469bf059c5f75",0,0,0,0,3,0,0,0,0,0,5,0,0,0,0,0,0,6,0,0,0,0,0,0,0,0,0,0,0,0,0,0,0,4,0,0,0,0,0,"D_0__Bacteria; D_1__Firmicutes; D_2__Clostridia; D_3__Clostridiales; D_4__Clostridiaceae 4; D_5__Salimesophilobacter; Ambiguous_taxa"
"e1437ee88e8a34567a2f784b74e79d62",24,2,2,3,6,695,12,0,11,462,12,2,55,0,16,416,0,51,10,0,3,0,13,31,11,13,2,5,11,0,12,0,15,35,6,16,0,0,5,"D_0__Bacteria; D_1__Bacteroidetes; D_2__Bacteroidia; D_3__Bacteroidales; D_4__Marinilabiliaceae; D_5__Marinilabilia; D_6__Marinilabilia nitratireducens"
"3abf72592bb176c50bb6415e25b75e80",0,0,0,2,0,6,0,2,3,3,0,0,0,0,0,15,2,0,0,0,0,0,0,0,0,0,0,0,0,2,0,0,0,0,0,0,0,0,0,"D_0__Bacteria; D_1__Chloroflexi; D_2__Anaerolineae; D_3__Anaerolineales; D_4__Anaerolineaceae"
"82b48a0f8ace1945769e45496d3af56b",0,0,0,0,0,5,0,0,0,1,0,0,0,0,4,0,0,0,0,0,0,0,0,0,0,0,0,0,0,0,0,0,0,0,0,0,0,0,0,"D_0__Bacteria; D_1__Proteobacteria; D_2__Deltaproteobacteria; D_3__Desulfuromonadales; D_4__Desulfuromonadaceae; D_5__Pelobacter"
"36c8643e68b40e646f5d97e4934123ab",0,0,0,0,0,0,0,0,0,0,0,0,2,0,0,0,0,6,3,0,5,0,0,0,6,0,0,0,0,0,0,0,0,0,0,0,0,0,0,"D_0__Bacteria; D_1__Firmicutes; D_2__Clostridia; D_3__Clostridiales; D_4__Ruminococcaceae; D_5__Ruminococcus 1"
"4c1d8a4f376e46a80110f97ce02f60fd",0,0,0,0,0,0,0,0,0,0,0,0,0,0,2,0,0,0,0,0,0,0,0,0,0,0,0,5,0,0,3,0,0,0,0,0,0,0,0,"D_0__Bacteria; D_1__Firmicutes; D_2__Clostridia"
"a81a614befdb8328c663067044539af0",0,0,0,0,0,0,0,0,0,0,0,0,0,0,0,0,0,0,0,3,0,0,0,0,0,0,0,0,0,0,0,9,0,0,0,0,0,0,0,"D_0__Bacteria; D_1__Proteobacteria; D_2__Deltaproteobacteria; D_3__Desulfuromonadales; D_4__Sva1033; Ambiguous_taxa; Ambiguous_taxa"
"95d6e1da41116c01a515acff9b8f2b94",0,0,0,0,0,0,0,0,0,0,0,0,0,0,0,0,15,0,0,0,0,27,0,0,0,0,0,0,0,3,0,0,0,0,0,0,0,3,0,"D_0__Bacteria; D_1__Chloroflexi; D_2__Anaerolineae; D_3__Anaerolineales; D_4__Anaerolineaceae; D_5__Ornatilinea; D_6__uncultured Chloroflexi bacterium"
"5ac0943d1b43274f71c230a938f7d36d",14,0,0,0,0,0,0,0,3,2,0,0,0,0,0,6,0,0,0,0,0,0,0,14,6,0,0,0,0,0,0,0,0,0,0,0,0,0,0,"D_0__Bacteria; D_1__Firmicutes; D_2__Clostridia; D_3__Clostridiales; D_4__Peptococcaceae"
"05004d76869c203c13c0568e3ae5d9e7",0,0,0,0,0,0,0,0,0,7,0,0,0,0,3,0,0,3,0,0,0,0,0,0,0,0,0,0,0,0,0,0,0,5,0,0,0,0,0,"D_0__Bacteria; D_1__Planctomycetes; D_2__Phycisphaerae; D_3__MSBL9; D_4__4572-13; D_5__uncultured bacterium; D_6__uncultured bacterium"
"8cbee5a607c06b13c1fe25a4810cde93",6,0,169,86,0,0,3,21,0,0,7,0,20,90,2,0,25,7,4,0,4,31,2,10,0,2,2,0,2,25,9,0,6,10,3,10,0,17,0,"D_0__Bacteria; D_1__Bacteroidetes; D_2__Bacteroidia; D_3__Sphingobacteriales; D_4__Lentimicrobiaceae"
"bb2f76dd7a86360d0ce206b03b91e4dc",12,0,3,0,0,0,0,0,0,7,0,0,0,0,4,0,0,3,0,0,0,0,0,10,0,0,0,0,0,0,0,0,0,4,3,6,0,0,0,"D_0__Bacteria; D_1__Planctomycetes; D_2__Phycisphaerae; D_3__Phycisphaerales; D_4__AKAU3564 sediment group; D_5__uncultured organism; D_6__uncultured organism"
"3ac2e014a0372fe0f2099510c1de4993",8,0,0,0,0,0,0,0,0,0,4,0,6,4,1,0,0,0,2,0,0,0,0,7,0,0,0,7,0,0,0,0,0,0,8,10,0,0,0,"D_0__Bacteria; D_1__Firmicutes; D_2__Clostridia; D_3__Clostridiales; D_4__Ruminococcaceae"
"7f18269581356ca600fb5163b9c526f4",0,0,0,0,0,0,0,0,0,0,11,0,0,0,0,1,0,0,0,0,0,0,0,0,0,0,0,0,0,0,4,0,0,0,0,0,0,0,0,"D_0__Bacteria; D_1__Proteobacteria; D_2__Gammaproteobacteria; D_3__Betaproteobacteriales; D_4__Burkholderiaceae; D_5__Cupriavidus"
"9f073d2b9c927b3fb996dc6c8e5dbf8f",2,0,0,0,0,2,3,0,0,0,0,0,0,0,3,0,0,3,0,0,0,0,0,2,0,0,0,2,0,0,0,0,0,4,2,3,0,0,0,"D_0__Bacteria; D_1__Latescibacteria; D_2__Latescibacteria; D_3__Latescibacterales; D_4__Latescibacteraceae; D_5__Candidatus Latescibacter; D_6__uncultured organism"
"88365a151eefe361c09db6774175281e",0,0,0,0,0,0,0,0,0,0,0,0,0,0,0,0,0,0,0,0,0,0,0,0,0,0,0,0,0,18,0,0,0,0,0,0,0,12,0,"D_0__Bacteria; D_1__Firmicutes; D_2__Clostridia; D_3__Clostridiales; D_4__Peptococcaceae; D_5__uncultured"
"04b354a81575e38ce57aa2306d57f587",0,0,0,2,7,0,0,0,0,4,0,0,0,0,0,12,0,0,0,0,0,0,0,0,0,0,0,0,0,0,0,0,0,0,0,0,0,0,0,"D_0__Bacteria; D_1__Firmicutes; D_2__Clostridia; D_3__Clostridiales; D_4__Lachnospiraceae; D_5__Mobilitalea"
"6af669a324a092b7efa881f25c85720e",0,0,0,0,0,0,0,0,0,0,0,0,0,0,0,0,0,0,5,0,4,0,0,2,2,3,2,0,4,3,0,2,4,0,0,0,0,0,0,"D_0__Bacteria; D_1__WS1; D_2__uncultured bacterium; D_3__uncultured bacterium; D_4__uncultured bacterium; D_5__uncultured bacterium; D_6__uncultured bacterium"
"72ab0b15aa668071b8fa4b5d4450387b",0,0,0,0,0,0,0,0,0,0,1,0,0,3,0,0,0,0,0,0,0,0,0,0,11,0,0,0,2,0,0,0,0,0,0,0,0,0,0,"D_0__Bacteria; D_1__Firmicutes; D_2__Clostridia; D_3__Thermoanaerobacterales; D_4__SRB2"
"5791f9c88e37ba1810c146f25787f703",0,0,6,0,0,0,0,4,0,0,0,0,0,0,0,0,0,0,0,0,0,3,0,0,0,0,0,0,0,0,0,0,0,0,0,0,0,0,0,"D_0__Bacteria; D_1__Synergistetes; D_2__Synergistia; D_3__Synergistales; D_4__Synergistaceae; D_5__Thermovirga"
"5a1458e2709e2af2bc20426af524b5bf",8,0,0,0,0,0,0,0,0,6,1,0,0,0,0,0,0,3,0,0,0,0,0,5,0,0,0,4,0,0,0,0,0,0,0,0,0,0,0,"D_0__Bacteria; D_1__Firmicutes; D_2__Clostridia; D_3__Clostridiales; D_4__Peptococcaceae; D_5__uncultured; D_6__uncultured bacterium"
"df7771679866fcbf0c8148c04bef1afe",0,0,18,2,0,0,0,7,0,0,0,0,0,4,0,0,4,0,0,0,0,6,0,0,0,0,0,0,0,0,0,0,0,0,0,0,0,2,0,"D_0__Bacteria; D_1__Synergistetes; D_2__Synergistia; D_3__Synergistales; D_4__Synergistaceae; D_5__Thermovirga"
"8d448897c9ace34b8bd2cb3cdf30c53e",0,0,0,0,0,0,0,0,0,0,0,0,0,0,0,12,0,0,0,0,0,0,0,0,0,0,0,0,0,0,0,0,0,0,0,0,0,0,0,"D_0__Bacteria; D_1__Actinobacteria; D_2__Actinobacteria; D_3__Corynebacteriales; D_4__Corynebacteriaceae; D_5__Corynebacterium 1"
"ced747b8895a7ad2221a9640051cf85e",16,0,0,0,0,0,0,0,0,0,0,0,0,0,0,0,0,0,0,0,0,0,0,22,0,0,0,0,0,0,0,0,0,0,0,0,0,0,0,"D_0__Bacteria; D_1__Armatimonadetes; D_2__uncultured"
"e7fa723a451e3ed355538d2d1dc483e5",20,0,0,0,2,13,24,0,15,14,0,0,6,0,7,14,0,16,26,0,27,0,20,5,14,14,2,10,17,0,0,0,23,4,3,5,2,0,0,"D_0__Bacteria; D_1__Bacteroidetes; D_2__Bacteroidia; D_3__Bacteroidales; D_4__Prolixibacteraceae; D_5__uncultured; D_6__benzene mineralizing consortium clone SB-1"
"00110f54286f04400bce82011a77b174",0,0,3,3,0,0,0,0,0,0,5,0,0,0,0,0,0,0,0,0,3,0,0,0,0,0,0,0,0,0,0,0,0,0,0,2,0,0,0,"D_0__Bacteria; D_1__WS1"
"48f92125691e472929298ae9da840110",0,0,0,0,0,0,0,0,0,0,0,0,0,0,0,0,3,0,0,0,0,9,0,0,0,0,0,0,0,4,0,0,0,0,0,0,0,0,0,"D_0__Bacteria; D_1__Chloroflexi; D_2__Anaerolineae; D_3__SBR1031"
"522214e308b4aaead3ba2ee319bef49f",0,0,0,0,0,0,0,0,0,0,0,24,0,0,0,0,0,0,0,0,0,0,0,0,0,0,0,0,0,0,0,0,0,0,0,0,28,0,0,"D_0__Bacteria; D_1__Firmicutes; D_2__Clostridia; D_3__Clostridiales; D_4__Ruminococcaceae; D_5__Ruminiclostridium"
"a8a6ea6afcf237d977af9d6175f60184",0,0,0,0,1,3,3,0,0,2,0,0,1,0,0,0,0,8,2,0,0,0,0,3,2,0,0,1,0,0,0,0,2,2,1,10,0,0,0,"D_0__Bacteria; D_1__Firmicutes; D_2__Clostridia; D_3__Clostridiales; D_4__Ruminococcaceae"
"55bb489a5eab7bd1757f87f4d7b3ebcb",2,0,0,0,0,0,3,0,0,3,0,0,0,0,0,0,0,0,4,0,4,0,8,0,0,0,0,0,3,0,0,0,7,0,0,0,0,0,0,"D_0__Bacteria; D_1__Spirochaetes; D_2__Spirochaetia; D_3__Spirochaetales; D_4__Spirochaetaceae; D_5__Sphaerochaeta"
"cc81b440fc88616222481f591ab8743b",0,0,0,0,0,0,0,0,3,0,0,0,0,0,4,0,0,0,11,0,7,0,10,0,6,4,0,2,3,0,0,0,4,0,0,0,0,0,0,"D_0__Bacteria; D_1__Firmicutes; D_2__Clostridia; D_3__Clostridiales; D_4__Ruminococcaceae; D_5__uncultured"
"3872295740409fdcf34eb26bc561ec83",2,0,0,0,0,0,0,0,0,0,0,0,0,0,0,2,0,0,2,0,0,0,0,0,0,0,0,0,0,0,0,0,3,0,2,0,0,0,0,"D_0__Bacteria; D_1__Spirochaetes; D_2__Spirochaetia; D_3__Spirochaetales; D_4__Spirochaetaceae; D_5__Sediminispirochaeta"
"52d171a6d5514d0feb402e9194ff0594",0,0,0,0,0,10,0,0,15,5,0,0,0,0,0,0,0,0,0,0,0,0,0,0,11,0,0,0,0,0,0,0,0,0,0,0,0,0,6,"D_0__Bacteria; D_1__Firmicutes; D_2__Clostridia; D_3__Clostridiales; D_4__Syntrophomonadaceae"
"10802218e06532a18419cec3beae50ca",0,0,0,0,0,0,0,0,0,0,0,0,0,0,0,0,0,0,2,8,0,0,3,2,0,2,0,0,0,0,0,8,0,0,0,0,0,0,0,"D_0__Bacteria; D_1__Bacteroidetes; D_2__Bacteroidia; D_3__Flavobacteriales; D_4__Flavobacteriaceae; D_5__Planktosalinus; D_6__Planktosalinus lacus"
"d01c65396d498fdcf9d4f7cb9640b5cf",51,0,28,0,11,3,0,4,4,0,2,0,3,0,0,4,0,5,2,0,3,0,1,63,4,0,0,2,0,0,5,0,0,7,7,8,0,0,0,"D_0__Bacteria; D_1__Firmicutes; D_2__Clostridia; D_3__Clostridiales; D_4__Peptococcaceae"
"24531df518054d1f28740b73944e2852",223,0,20,9,256,56,9,4,7,38,610,2,172,13,133,157,3,145,9,0,13,0,15,304,19,4,2,128,8,13,554,0,9,134,97,102,3,11,0,"D_0__Bacteria; D_1__Firmicutes; D_2__Clostridia; D_3__Clostridiales"
"588b5f9afd71eb5ff46964be5982bc3c",0,0,0,0,4,0,0,0,0,0,0,0,0,0,0,2,0,0,0,0,0,0,12,0,0,0,0,0,0,0,0,0,0,0,0,0,0,0,0,"D_0__Bacteria; D_1__Kiritimatiellaeota; D_2__Kiritimatiellae; D_3__113B434; D_4__uncultured bacterium; D_5__uncultured bacterium; D_6__uncultured bacterium"
"c8f132fcc15e5f37b0986a390d75bd37",0,0,0,0,0,0,0,0,0,0,0,0,0,0,0,0,0,0,8,0,6,0,0,0,0,0,0,0,0,0,0,0,0,24,0,0,0,0,0,"D_0__Bacteria; D_1__Firmicutes; D_2__Clostridia; D_3__Thermoanaerobacterales; D_4__SRB2"
"ba6252f69fa894a4a7d0223719e607ee",25,0,0,0,2,16,2,0,0,4,0,0,30,0,85,0,0,54,11,0,6,0,9,7,0,0,0,3,0,0,3,0,3,146,52,78,0,0,0,"D_0__Bacteria; D_1__Bacteroidetes; D_2__Bacteroidia; D_3__Bacteroidales; D_4__Prolixibacteraceae"
"a41c29042d5dd2723201f309eca9c51e",0,0,0,0,0,2,0,0,0,2,0,0,0,0,0,3,0,0,0,0,0,0,2,0,0,0,0,3,0,0,0,0,2,0,0,0,0,0,0,"D_0__Bacteria; D_1__Firmicutes; D_2__Clostridia; D_3__Clostridiales; D_4__Ruminococcaceae; D_5__uncultured"
"3b02db2c9f9d0de477d0c285d941eae6",0,0,0,0,0,0,0,0,0,0,0,0,0,0,0,0,6,0,0,0,0,12,0,0,0,0,0,0,0,0,0,0,0,0,0,0,0,0,0,"D_0__Bacteria; D_1__Firmicutes; D_2__Clostridia; D_3__Clostridiales; D_4__Christensenellaceae; D_5__Christensenellaceae R-7 group"
"d35393ebc82051a09d1bff27955c29d3",0,0,0,0,0,0,0,0,0,0,0,0,0,0,0,31,0,0,0,0,0,0,0,0,0,0,0,0,0,0,0,0,0,0,0,0,0,0,0,"D_0__Bacteria; D_1__Firmicutes; D_2__Bacilli; D_3__Bacillales; D_4__Bacillaceae"
"8f803e8d2f0e46c2c2003cd3b5feac38",0,0,5,0,1,0,0,0,0,0,0,0,0,0,1,0,0,0,0,0,0,0,0,5,0,1,0,4,0,2,4,0,0,13,1,0,0,0,0,"D_0__Bacteria; D_1__Firmicutes; D_2__Clostridia; D_3__Clostridiales; D_4__Clostridiaceae 2; D_5__Alkaliphilus; D_6__uncultured Alkaliphilus sp."
"d8775d060bb03ac802a86bbca7f2e271",12,0,0,2,0,2,0,0,0,3,0,0,6,0,7,0,0,11,0,0,2,0,0,18,0,2,0,0,0,0,0,0,0,16,6,3,0,0,0,"D_0__Bacteria; D_1__Latescibacteria; D_2__Latescibacteria; D_3__Latescibacterales; D_4__Latescibacteraceae; D_5__Candidatus Latescibacter; D_6__uncultured organism"
"b5750cb652015f818950cadbdbf3fbd5",0,0,0,0,0,0,5,0,0,0,0,0,5,0,3,0,0,0,0,0,8,0,0,0,0,0,3,0,4,0,0,0,15,0,0,0,0,0,0,"D_0__Bacteria; D_1__Firmicutes; D_2__Clostridia; D_3__Clostridiales; D_4__Ruminococcaceae"
"d90b01809b4e65badc7c99c36d9c4ab3",0,0,0,0,0,0,0,0,0,0,0,0,0,0,0,7,0,0,0,0,0,0,0,1,0,0,0,0,0,2,0,0,0,0,0,0,0,0,0,"D_0__Bacteria; D_1__Firmicutes; D_2__Clostridia; D_3__Clostridiales; D_4__Peptococcaceae; D_5__uncultured; D_6__uncultured bacterium"
"2fd21a586db7caa72a7d44d1a287c5db",2,0,7,3,0,0,0,0,0,0,0,0,2,4,0,5,0,3,0,0,2,0,0,0,0,0,0,0,0,0,6,0,0,0,0,0,0,0,0,"D_0__Bacteria; D_1__Chloroflexi; D_2__Dehalococcoidia; D_3__GIF3; D_4__uncultured bacterium; D_5__uncultured bacterium; D_6__uncultured bacterium"
"20f94a0a558be7da0baf24782a60e531",8,0,10,2,0,6,8,2,10,2,0,2,0,3,2,0,15,3,10,2,3,27,7,6,4,4,3,0,0,22,0,4,11,2,0,8,0,25,0,"D_0__Bacteria; D_1__Synergistetes; D_2__Synergistia; D_3__Synergistales; D_4__Synergistaceae; D_5__Thermovirga; D_6__uncultured Synergistaceae bacterium"
"ec27be02ed10140e568dc9596ca50c90",5,0,0,0,0,2,0,0,0,3,0,0,0,0,0,0,0,0,0,0,0,0,0,2,0,0,0,0,0,0,0,5,0,0,0,0,0,0,0,"D_0__Bacteria; D_1__Spirochaetes; D_2__Spirochaetia; D_3__Spirochaetales; D_4__Spirochaetaceae; D_5__Candidatus Marispirochaeta; Ambiguous_taxa"
"2f22d36f910dd977b8aa3eb6b62ce99e",10,0,3,2,3,37,0,0,0,0,1,7,6,0,0,36,0,4,4,0,0,0,0,44,0,0,0,0,0,12,5,0,0,2,2,2,8,8,0,"D_0__Bacteria; D_1__Firmicutes; D_2__Clostridia; D_3__Clostridiales; D_4__Peptococcaceae; D_5__uncultured; D_6__uncultured bacterium"
"459fe1bdae849dbd75a8fa1ea1603b63",0,0,0,0,0,7,4,0,0,0,0,0,0,2,23,3,1,0,0,0,0,0,0,0,0,7,2,11,3,0,0,0,0,7,16,1,0,2,0,"D_0__Bacteria; D_1__Firmicutes; D_2__Clostridia; D_3__Clostridiales; D_4__Clostridiaceae 1; D_5__Proteiniclasticum; Ambiguous_taxa"
"1f0bf60ef11f89ac04ea8131da0e8169",0,0,0,0,0,0,0,0,3,0,0,0,0,0,0,0,0,0,3,7,0,0,5,0,0,0,0,0,0,2,0,4,0,0,0,0,0,0,0,"D_0__Bacteria; D_1__Epsilonbacteraeota; D_2__Campylobacteria; D_3__Campylobacterales; D_4__Sulfurovaceae; D_5__Sulfurovum"
"567f0b15bff59f6ef1e0722bc38d8611",0,0,0,0,0,0,3,0,8,0,0,0,3,0,0,0,5,0,4,0,4,0,2,0,8,7,5,0,2,0,0,3,6,0,0,0,0,2,0,"D_0__Bacteria; D_1__Atribacteria; D_2__JS1; D_3__uncultured organism; D_4__uncultured organism; D_5__uncultured organism; D_6__uncultured organism"
"c7745b31dabafd28fa2ba2308fd53c46",0,0,8,0,0,0,0,2,0,0,0,0,0,0,0,0,0,0,0,0,0,0,0,0,0,0,0,0,0,0,0,0,0,2,0,0,0,0,0,"D_0__Bacteria; D_1__Chlamydiae; D_2__LD1-PA32; D_3__uncultured bacterium; D_4__uncultured bacterium; D_5__uncultured bacterium; D_6__uncultured bacterium"
"4ded5e5ea41976c172b1b1fbd93bf8ad",2,0,0,0,7,0,0,0,0,0,0,0,0,0,0,0,3,0,0,0,0,2,0,2,0,0,0,0,0,0,0,0,0,0,0,0,0,0,0,"D_0__Bacteria; D_1__Proteobacteria; D_2__Deltaproteobacteria; D_3__Syntrophobacterales; D_4__Syntrophaceae; D_5__uncultured"
"49afde163ed71d82d4143884e546a89e",1,0,9,0,0,0,0,4,3,0,0,0,0,0,0,0,0,0,0,0,0,0,0,0,2,0,0,5,0,0,0,0,0,0,2,2,0,0,0,"D_0__Bacteria; D_1__Proteobacteria; D_2__Deltaproteobacteria; D_3__Desulfobacterales; D_4__Desulfobacteraceae; D_5__Desulfonatronobacter; D_6__uncultured bacterium"
"29da5a3f094d3a63d84f126506c2e716",2,0,0,0,0,0,0,0,0,0,0,0,9,0,0,0,16,8,2,0,0,11,0,0,0,0,0,0,0,3,0,0,0,3,0,0,0,0,0,"D_0__Bacteria; D_1__Proteobacteria; D_2__Deltaproteobacteria; D_3__Syntrophobacterales; D_4__Syntrophaceae; D_5__uncultured"
"0c54dbc73557982d95fcf50a70680ac2",0,0,0,0,0,5,0,0,0,0,0,0,4,0,2,4,0,0,0,0,0,0,0,3,0,0,0,0,0,0,0,0,0,4,0,0,0,0,1,"D_0__Bacteria; D_1__Chloroflexi; D_2__Anaerolineae; D_3__Anaerolineales; D_4__Anaerolineaceae; D_5__ADurb.Bin120; D_6__uncultured Anaerolineaceae bacterium"
"9d0825d4b19e2354212e1a0f935bf5dc",3,0,2,0,0,16,0,2,0,10,0,0,0,0,0,2,0,0,3,0,4,0,9,0,3,3,0,0,9,0,0,0,6,5,3,3,0,0,0,"D_0__Bacteria; D_1__Chloroflexi; D_2__Anaerolineae; D_3__RBG-13-54-9; D_4__uncultured bacterium; D_5__uncultured bacterium; D_6__uncultured bacterium"
"28ecbb634069afd9434861502e6af65a",0,0,0,0,0,0,0,0,0,0,0,0,0,0,0,3,0,0,2,0,2,0,0,0,0,0,0,0,2,0,0,0,0,0,2,0,0,0,0,"D_0__Bacteria; D_1__Proteobacteria; D_2__Deltaproteobacteria; D_3__Desulfobacterales; D_4__Desulfobacteraceae; D_5__Desulfatitalea; D_6__uncultured bacterium"
"42ecb3acc5410bb794da1b674770cfba",748,10,284,12,624,145,167,54,83,100,1051,12,417,9,849,296,27,402,194,0,182,32,202,994,74,71,45,490,110,22,869,0,151,895,753,1022,7,19,56,"D_0__Bacteria; D_1__Firmicutes; D_2__Clostridia; D_3__Clostridiales; D_4__Clostridiaceae 3; D_5__Clostridiisalibacter; D_6__bacterium YC-ZSS-LKJ129"
"ca222d896fb6c7ee2ebba74059f23be0",3,0,0,0,0,0,0,0,0,0,0,0,0,0,5,1,0,0,0,0,0,0,1,0,0,1,0,0,0,0,0,0,0,3,0,0,0,0,0,"D_0__Bacteria; D_1__Latescibacteria; D_2__Latescibacteria; D_3__Latescibacterales; D_4__Latescibacteraceae; D_5__Candidatus Latescibacter"
"eef248a8ac4207dd0620e1813b6282c2",0,0,0,0,0,0,0,0,0,11,0,0,0,0,0,0,0,0,0,0,0,0,2,0,0,2,0,0,2,0,0,6,3,0,0,0,0,0,0,"D_0__Bacteria; D_1__Planctomycetes; D_2__Planctomycetacia; D_3__Pirellulales; D_4__Pirellulaceae"
"714a4b5cea556404892daf9117a6bce8",5,0,2,0,0,4,0,0,0,0,0,0,0,3,0,0,0,0,0,0,3,0,2,7,0,0,0,2,0,0,0,0,0,0,0,0,0,0,0,"D_0__Bacteria; D_1__Latescibacteria; D_2__Latescibacteria; D_3__Latescibacterales; D_4__Latescibacteraceae; D_5__Candidatus Latescibacter"
"f2e51fd959352d21330cde87fb9b45a9",0,0,0,0,0,3,0,0,0,0,2,0,0,0,2,0,0,3,2,0,0,0,0,0,0,0,0,0,0,0,0,0,0,6,0,5,0,0,0,"D_0__Bacteria; D_1__Lentisphaerae; D_2__Oligosphaeria; D_3__Oligosphaerales; D_4__Lenti-02; D_5__uncultured bacterium; D_6__uncultured bacterium"
"826f9b1fb31db30faf024eebb13f1e54",19,0,0,0,27,0,0,0,0,18,15,0,0,0,0,0,0,2,0,0,0,0,0,24,0,0,1,23,0,0,0,0,0,0,22,4,0,0,0,"D_0__Bacteria; D_1__Bacteroidetes; D_2__Bacteroidia; D_3__Bacteroidales; D_4__Prolixibacteraceae; D_5__Sunxiuqinia; D_6__uncultured Sunxiuqinia sp."
"f0ef270508971b35a60727a113664400",0,0,0,0,0,0,0,0,0,0,0,0,0,0,0,0,25,0,0,0,0,22,0,0,0,0,0,0,0,0,0,0,0,0,0,0,0,0,0,"D_0__Bacteria; D_1__Firmicutes; D_2__Clostridia; D_3__Clostridiales; D_4__Peptococcaceae; D_5__uncultured"
"f002eb9cd96f64ddaa9e698153f5902f",2,0,7,3,0,0,9,0,10,0,0,0,0,2,0,0,2,2,16,0,16,0,9,0,5,6,6,0,11,0,0,0,11,4,0,0,0,2,0,"D_0__Bacteria; D_1__Latescibacteria; D_2__Latescibacteria; D_3__Latescibacterales; D_4__Latescibacteraceae; D_5__Candidatus Latescibacter"
"8cb7f1b5419b070f73a538a38980dba7",0,0,0,0,0,0,0,0,0,0,0,0,1,0,8,0,0,2,0,0,0,0,0,0,0,0,0,0,0,0,0,0,0,0,0,0,0,0,0,"D_0__Bacteria; D_1__Bacteroidetes; D_2__Bacteroidia; D_3__Bacteroidales; D_4__Marinilabiliaceae; D_5__Alkaliflexus"
"63267c05f3c1472f50a2187f9c78b85d",0,0,0,2,0,0,15,0,16,0,0,0,0,2,2,4,0,2,23,0,17,0,28,0,6,9,8,0,8,0,0,0,42,0,0,2,0,0,0,"D_0__Bacteria; D_1__Chloroflexi; D_2__Anaerolineae; D_3__Anaerolineales; D_4__Anaerolineaceae"
"b41d208054306aab490b37cd4ee172c5",0,0,0,0,3,0,0,0,0,8,0,0,0,0,0,16,0,3,0,0,0,0,0,4,0,0,0,0,0,0,0,0,2,0,0,0,0,0,0,"D_0__Bacteria; D_1__Spirochaetes; D_2__Spirochaetia; D_3__Spirochaetales; D_4__Spirochaetaceae; D_5__Spirochaeta 2; D_6__uncultured bacterium"
"1d1c1327f6693da7b3b9d3af891bdaab",0,0,2,0,0,0,0,0,0,0,0,0,5,0,0,0,2,0,0,0,0,4,0,0,0,0,0,0,0,0,0,0,0,0,0,1,0,2,0,"D_0__Bacteria; D_1__Planctomycetes; D_2__Phycisphaerae; D_3__MSBL9; D_4__SG8-4"
"369158d3cafbe55a05725e1e9775f829",15,0,7,0,6,14,90,0,64,0,0,0,9,4,12,12,0,14,136,21,107,0,145,9,64,59,34,0,93,0,0,39,128,6,7,5,0,0,0,"D_0__Bacteria; D_1__Bacteroidetes; D_2__Bacteroidia; D_3__Bacteroidales; D_4__Prolixibacteraceae; D_5__uncultured"
"63f42f2c267c5a7ce010f988b6e9f718",8,2,2,0,0,8,2,0,103,9,0,4,0,0,0,23,3,4,1,0,3,5,9,0,88,3,0,0,6,6,0,0,5,0,0,0,6,2,11,"D_0__Bacteria; D_1__Proteobacteria; D_2__Deltaproteobacteria; D_3__Desulfobacterales; D_4__Desulfobacteraceae; D_5__Desulfococcus; Ambiguous_taxa"
"ef391043fad6ac36e87152156ac7c477",0,0,0,0,0,0,17,4,0,5,0,0,0,0,0,0,0,0,1,0,0,0,5,0,0,1,2,0,17,0,0,0,0,0,0,0,0,0,0,"D_0__Bacteria; D_1__Proteobacteria; D_2__Deltaproteobacteria; D_3__Desulfobacterales; D_4__Desulfobulbaceae; D_5__Desulfofustis; Ambiguous_taxa"
"0da5d402840bbc4ed9590a5b6e119a02",0,0,0,0,0,0,0,0,0,0,0,0,0,0,0,0,0,0,0,0,0,0,0,0,0,0,0,0,0,0,14,0,0,0,0,0,0,0,0,"D_0__Bacteria; D_1__Firmicutes; D_2__Clostridia; D_3__Clostridiales; D_4__Clostridiaceae 2; D_5__Alkaliphilus; Ambiguous_taxa"
"ceb958dd19bd64232c798c3ab73a542f",0,0,0,0,0,0,0,0,0,0,0,0,5,0,1,0,0,0,2,0,0,0,0,0,0,0,0,0,0,0,0,0,0,19,0,0,0,0,0,"D_0__Bacteria; D_1__Firmicutes; D_2__Clostridia; D_3__Thermoanaerobacterales; D_4__SRB2"
"f373a6e20b0605a984502a8eadf3847f",0,0,0,0,0,0,0,0,0,0,0,0,0,0,0,18,0,0,0,0,0,0,0,0,0,0,0,0,0,0,0,0,0,0,0,0,0,0,0,"D_0__Bacteria; D_1__Bacteroidetes; D_2__Bacteroidia; D_3__Bacteroidales; D_4__Marinilabiliaceae"
"f95268a433ca54c4d6a622490ad76c85",3,0,0,0,0,0,0,0,0,0,1,0,0,0,0,0,0,2,0,0,0,0,0,5,0,0,0,0,0,0,0,0,0,0,0,0,0,0,0,"D_0__Bacteria; D_1__Firmicutes; D_2__Clostridia; D_3__Clostridiales; D_4__Ruminococcaceae"
"6d3d2ade5aabc05c1ac50b59dc70a75a",0,0,0,0,0,0,0,0,0,0,0,0,0,0,0,2,0,0,8,0,5,2,0,4,0,0,0,0,0,0,0,4,0,0,2,0,0,0,0,"D_0__Bacteria; D_1__Spirochaetes; D_2__Spirochaetia; D_3__Spirochaetales; D_4__Spirochaetaceae"
"efd97ad9242c4c2676734e1728d6fec3",0,0,0,0,0,0,0,0,0,0,0,0,3,0,3,0,0,0,4,0,6,0,2,0,0,3,0,0,2,0,0,0,3,0,0,2,0,0,0,"D_0__Bacteria; D_1__Firmicutes; D_2__Clostridia; D_3__Clostridiales; D_4__Christensenellaceae; D_5__uncultured"
"b26da220f8e80860edf0bd46e6a71868",0,0,0,2,0,0,0,0,0,0,1,0,2,2,0,0,0,6,0,0,0,0,0,2,0,0,0,0,0,0,6,0,2,0,0,5,0,0,0,"D_0__Bacteria; D_1__Firmicutes; D_2__Clostridia; D_3__Clostridiales; D_4__Ruminococcaceae; D_5__uncultured; D_6__uncultured low G+C Gram-positive bacterium"
"dbe7243f288cb2a0825e31a634e133b8",0,0,3,0,0,0,0,0,2,4,0,0,0,0,0,25,0,0,0,0,0,0,3,8,2,0,0,0,0,0,0,0,0,0,0,0,0,0,0,"D_0__Bacteria; D_1__Armatimonadetes; D_2__uncultured"
"7bb129e928e98d9d6ad3c75d794bd86f",4,0,2,0,8,7,0,0,2,2,0,0,0,0,12,3,0,0,3,0,0,0,0,2,0,0,0,5,0,0,0,0,0,6,0,5,0,0,0,"D_0__Bacteria; D_1__Gemmatimonadetes; D_2__BD2-11 terrestrial group"
"4efb5905da0ae94e6a72036689003a10",0,0,0,0,0,0,0,0,2,0,0,0,0,0,0,0,0,0,0,0,3,0,2,0,0,0,0,0,4,0,0,0,5,0,0,0,0,0,0,"D_0__Bacteria; D_1__Firmicutes; D_2__Clostridia; D_3__Clostridiales; D_4__Ruminococcaceae; D_5__Ercella; D_6__uncultured bacterium"
"466d0dbe1e1381f45aabe7430482c183",0,0,0,0,0,0,0,0,0,0,0,0,0,0,0,0,0,0,0,0,0,0,0,0,2,0,0,0,0,0,0,0,0,0,8,6,0,0,0,"D_0__Bacteria; D_1__Bacteroidetes; D_2__Bacteroidia"
"84bd04060dc85235b863a35a65a27ba4",21,0,22,5,6,3,0,0,0,0,5,0,4,5,8,8,0,5,4,0,4,2,0,17,2,3,0,0,4,0,2,0,6,10,5,6,0,0,0,"D_0__Bacteria; D_1__Planctomycetes; D_2__Phycisphaerae; D_3__Pla1 lineage; D_4__uncultured bacterium; D_5__uncultured bacterium; D_6__uncultured bacterium"
"19d168f0cb7a6314bd51c360385593ea",0,0,2,6,0,7,0,0,0,0,0,0,0,5,0,0,0,0,0,0,0,0,0,0,0,2,0,0,0,0,0,4,0,0,0,0,0,0,0,"D_0__Bacteria; D_1__LCP-89; D_2__uncultured bacterium; D_3__uncultured bacterium; D_4__uncultured bacterium; D_5__uncultured bacterium; D_6__uncultured bacterium"
"534a2ab7f542076f108466a8380b2c63",0,0,0,0,0,0,0,0,0,0,0,0,5,0,18,0,0,1,0,0,2,0,2,0,2,0,0,0,0,0,0,0,0,2,0,0,0,0,0,"D_0__Bacteria; D_1__Firmicutes; D_2__Clostridia; D_3__Thermoanaerobacterales; D_4__SRB2"
"15ee05ccba57b83d7ce4e6a8b914be6e",0,0,0,0,0,0,0,0,0,0,0,0,0,0,0,0,0,0,0,10,0,0,0,0,0,0,0,0,0,0,0,16,0,2,0,0,0,0,0,"D_0__Bacteria; D_1__Chloroflexi; D_2__Dehalococcoidia; D_3__Dehalococcoidales; D_4__Dehalococcoidales Incertae Sedis; D_5__Dehalobium; D_6__unidentified"
"20afdafc99f93841e4bb042e24cafeb4",17,0,6,2,2,9,2,0,4,7,3,0,12,2,12,11,2,23,0,2,6,3,4,23,5,3,2,4,5,0,6,0,5,24,10,6,0,2,0,"D_0__Bacteria; D_1__Hydrogenedentes; D_2__Hydrogenedentia; D_3__Hydrogenedentiales; D_4__Hydrogenedensaceae"
"ac3e532a7abe7426961ee2eb37fa8849",0,0,0,0,0,2,0,0,0,0,0,0,0,0,0,0,0,0,0,0,2,0,4,0,2,0,2,0,0,0,0,0,1,0,0,0,0,0,0,"D_0__Bacteria; D_1__Bacteroidetes; D_2__Bacteroidia; D_3__Bacteroidales; D_4__Bacteroidetes vadinHA17"
"6936aaa84502c557a2708130166fc985",1,0,20,11,2,6,0,6,2,0,0,0,43,23,10,0,0,28,2,0,2,0,2,5,0,2,0,0,0,0,0,0,0,10,23,19,0,0,3,"D_0__Bacteria; D_1__Proteobacteria; D_2__Deltaproteobacteria; D_3__Desulfobacterales; D_4__Desulfobacteraceae; D_5__Desulfatitalea; D_6__uncultured bacterium"
"8b4f27f55f3dd51a55c32d296c2e8d90",0,0,0,0,0,2,0,0,0,7,0,2,0,0,0,6,0,2,0,0,0,0,0,0,0,0,0,0,0,2,0,0,0,0,0,0,0,0,0,"D_0__Bacteria; D_1__Firmicutes; D_2__Clostridia; D_3__Clostridiales; D_4__Peptococcaceae; D_5__uncultured; D_6__uncultured bacterium"
"97d6739663393e9c0bf894544d27e59e",0,0,10,9,0,0,0,0,0,0,0,0,0,4,0,0,0,0,0,0,0,0,0,0,0,0,0,0,0,0,0,0,0,0,0,0,0,0,0,"D_0__Bacteria; D_1__Planctomycetes"
"4a7ae139b102dccf70f7cc7837627691",0,0,20,1,28,0,0,0,5,2,2,0,3,0,45,0,0,4,4,0,6,0,6,0,0,0,0,0,0,0,9,0,0,37,0,25,0,0,0,"D_0__Bacteria; D_1__Firmicutes; D_2__Clostridia; D_3__Clostridiales; D_4__Clostridiaceae 1; D_5__Proteiniclasticum; Ambiguous_taxa"
"204172bde8ba03736d4e8ea1de109cb8",0,0,4,0,0,0,0,0,3,2,0,0,0,2,0,0,3,0,2,2,2,5,0,0,0,5,0,0,0,9,0,7,2,0,0,0,0,4,0,"D_0__Bacteria; D_1__Chloroflexi; D_2__Anaerolineae; D_3__SBR1031; D_4__uncultured organism; D_5__uncultured organism; D_6__uncultured organism"
"57265888314c10110bf272aeabc7f2bd",0,0,0,0,6,0,0,0,0,0,3,0,0,0,11,12,0,3,0,24,0,0,0,0,0,0,0,0,0,0,0,36,0,4,0,0,0,0,0,"D_0__Bacteria; D_1__Proteobacteria; D_2__Gammaproteobacteria; D_3__Pseudomonadales; D_4__Pseudomonadaceae; D_5__Pseudomonas"
"3706fd176f171dcb643a10b755db8e3f",5,0,0,0,0,0,0,0,0,0,0,0,0,0,0,0,0,0,0,0,0,0,0,8,0,0,0,0,0,0,0,0,0,0,0,0,0,0,0,"D_0__Bacteria; D_1__Firmicutes; D_2__Clostridia; D_3__Clostridiales; D_4__Peptococcaceae; D_5__Desulfotomaculum"
"ac9ea3080bb8004470e8011cee46df5e",2,0,0,0,0,0,0,0,0,0,4,0,4,0,4,6,0,5,0,0,0,0,0,0,0,0,0,0,0,0,0,0,0,6,2,9,0,0,0,"D_0__Bacteria; D_1__Firmicutes; D_2__Clostridia; D_3__Clostridiales; D_4__Ruminococcaceae; D_5__Sporobacter"
"af7c2625bb49cbe7e58c4d060c1e920c",0,0,0,0,0,0,0,0,0,0,0,0,0,0,0,0,0,0,0,0,0,0,0,0,0,0,0,0,0,0,0,19,0,0,0,0,0,0,0,"D_0__Bacteria; D_1__Proteobacteria; D_2__Gammaproteobacteria; D_3__Alteromonadales; D_4__Marinobacteraceae; D_5__Marinobacter"
"1a448e280df278c30677aa69620b3a3b",0,0,0,0,0,0,0,0,0,0,0,0,0,0,0,2,0,0,0,0,2,0,2,4,0,4,0,0,0,0,0,0,0,5,3,6,0,0,0,"D_0__Bacteria; D_1__Latescibacteria; D_2__Latescibacteria; D_3__Latescibacterales; D_4__Latescibacteraceae; D_5__Candidatus Latescibacter"
"e151d0b42da298e69b3f942e28647826",0,0,0,0,3,0,0,0,0,0,6,0,0,0,0,0,0,0,0,0,0,0,0,0,0,0,0,2,0,0,3,0,0,0,0,0,0,0,0,"D_0__Bacteria; D_1__Firmicutes; D_2__Clostridia; D_3__Clostridiales; D_4__Clostridiales Incertae Sedis; D_5__Dethiosulfatibacter; D_6__uncultured organism"
"0116dac5f7f21089eae736794f3aed0f",2,0,0,0,0,0,0,0,0,0,0,0,2,0,5,4,0,2,0,0,0,0,0,3,0,0,0,0,0,0,0,0,2,9,2,6,0,0,0,"D_0__Bacteria; D_1__Chloroflexi; D_2__Anaerolineae; D_3__RBG-13-54-9; D_4__uncultured bacterium; D_5__uncultured bacterium; D_6__uncultured bacterium"
"c2576277c77958200675b276ccf68882",0,0,0,0,0,0,0,0,0,0,0,0,0,0,0,14,0,0,0,0,0,0,0,0,0,0,0,0,0,0,0,0,0,0,0,0,0,0,0,"D_0__Bacteria; D_1__Firmicutes; D_2__Clostridia; D_3__Clostridiales; D_4__Ruminococcaceae; D_5__uncultured"
"a1c4c0254072ce24ab2389ef5ca45037",9,0,0,0,0,0,0,0,0,0,0,0,0,0,0,0,0,0,0,0,0,0,0,0,0,0,0,0,0,0,7,0,0,0,0,0,0,0,0,"D_0__Bacteria; D_1__Firmicutes; D_2__Clostridia; D_3__Clostridiales; D_4__Peptococcaceae; D_5__Desulfosporosinus"
"04bab06c318e81dcacad1a17cfcd0504",3,0,0,0,0,0,0,0,0,3,0,0,0,0,0,0,0,0,4,0,4,0,2,0,2,0,0,0,0,0,0,0,0,0,0,2,0,0,0,"D_0__Bacteria; D_1__Planctomycetes; D_2__Planctomycetacia; D_3__Pirellulales; D_4__Pirellulaceae; D_5__uncultured"
"c35a0ee8edc70c3de448cd5e2d58a740",0,0,0,0,2,0,0,0,0,0,0,0,0,0,0,0,0,0,0,5,0,0,2,0,0,2,0,0,2,0,0,6,0,0,3,3,0,0,0,"D_0__Bacteria; D_1__Bacteroidetes; D_2__Bacteroidia; D_3__Bacteroidales; D_4__Prolixibacteraceae; D_5__Sunxiuqinia; Ambiguous_taxa"
"24bb3d97c6ec00326c93bb816f62acd1",9,0,1,0,0,0,0,0,0,0,8,0,0,0,0,0,0,0,0,0,0,0,0,9,0,0,0,0,0,0,0,0,0,0,0,0,0,0,0,"D_0__Bacteria; D_1__Firmicutes; D_2__Clostridia; D_3__Clostridiales; D_4__Clostridiaceae 1; D_5__Oxobacter; D_6__uncultured bacterium"
"26d44011ec1e2e7b1e848aa6a8d76ac8",0,0,0,0,15,14,2,0,10,1,0,0,1,0,5,13,0,8,3,4,0,0,0,0,15,0,0,0,0,0,0,2,0,0,0,0,0,2,0,"D_0__Bacteria; D_1__Proteobacteria; D_2__Deltaproteobacteria; D_3__Desulfuromonadales; D_4__Desulfuromonadaceae; D_5__Desulfuromonas"
"4fc8144a38fd6e31f64afbc81d0372bf",3,0,5,20,0,8,14,1,0,2,0,0,1,23,2,0,11,0,9,1,0,14,3,2,0,0,0,4,0,10,0,0,0,0,2,0,0,1,0,"D_0__Bacteria; D_1__Chloroflexi; D_2__Anaerolineae; D_3__Anaerolineales; D_4__Anaerolineaceae; D_5__uncultured; D_6__uncultured Chloroflexi bacterium"
"5cd1f169e6f8d857444c9736c026eeba",0,0,4,3,0,7,18,0,30,4,0,0,0,0,0,10,7,0,34,12,29,19,34,3,26,21,8,0,18,18,0,12,16,7,0,0,0,16,2,"D_0__Bacteria; D_1__Atribacteria; D_2__JS1; D_3__uncultured organism; D_4__uncultured organism; D_5__uncultured organism; D_6__uncultured organism"
"e4b0969b4526d76ce90432d313d4df06",0,0,0,0,0,0,4,0,4,0,0,0,0,0,0,0,0,0,13,0,3,0,7,0,0,3,2,0,6,0,0,0,4,0,0,0,0,0,0,"D_0__Bacteria; D_1__Bacteroidetes; D_2__Bacteroidia; D_3__Bacteroidales; D_4__SB-5; D_5__uncultured bacterium; D_6__uncultured bacterium"
"9e7fcd695c2926ca667086b36ceb0ab3",0,0,2,0,0,0,0,0,0,0,3,0,0,0,0,5,0,2,0,0,0,0,0,3,0,0,0,0,0,0,3,0,0,0,0,6,0,0,0,"D_0__Bacteria; D_1__Planctomycetes; D_2__Phycisphaerae; D_3__Phycisphaerales; D_4__AKAU3564 sediment group; D_5__uncultured bacterium; D_6__uncultured bacterium"
"7e8c032d1db6aba58a5fad91de7a2121",19,0,0,0,0,10,0,0,0,8,0,0,0,0,0,22,0,0,0,0,0,0,1,13,0,0,0,0,1,2,0,0,0,0,7,13,0,0,0,"D_0__Bacteria; D_1__Firmicutes; D_2__Clostridia; D_3__Thermoanaerobacterales; D_4__SRB2"
"d36b89d515858125468f030be82c062b",2,0,0,0,0,0,0,2,0,0,0,0,0,0,0,0,0,2,0,0,0,0,0,2,0,0,0,0,0,0,0,0,0,3,2,3,0,0,0,"D_0__Bacteria; D_1__BRC1; D_2__uncultured organism; D_3__uncultured organism; D_4__uncultured organism; D_5__uncultured organism; D_6__uncultured organism"
"4d9d9f216cd69a3325bcb919d70def23",20,0,2,0,3,8,4,0,5,5,0,0,8,0,11,9,0,8,9,0,0,0,2,23,5,2,2,0,5,0,3,0,5,6,4,5,0,0,0,"D_0__Bacteria; D_1__Firmicutes; D_2__Clostridia; D_3__Clostridiales; D_4__Christensenellaceae; D_5__uncultured"
"a180c364e87b3ebd82ebd37c6040b595",4,0,0,0,0,0,5,0,5,0,0,0,4,0,5,0,0,0,7,0,5,0,9,0,3,3,3,0,11,0,0,0,8,4,0,2,0,0,0,"D_0__Bacteria; D_1__Firmicutes; D_2__Clostridia; D_3__Clostridiales; D_4__Family XIII; D_5__Anaerovorax"
"f34419d79aab2f69dbaa156b0147ebb5",42,0,0,0,4,28,10,0,7,6,0,0,21,0,28,30,0,10,19,0,6,0,11,41,8,9,5,3,7,0,0,3,8,24,23,35,0,0,0,"D_0__Bacteria; D_1__Planctomycetes; D_2__Phycisphaerae; D_3__MSBL9; D_4__4572-13; D_5__uncultured organism; D_6__uncultured organism"
"fac0d813232522b628de34d23ad03812",11,0,2,0,20,4,0,0,0,0,5,0,5,0,3,3,0,0,0,0,0,0,0,10,0,0,0,0,0,0,39,0,2,0,0,0,0,0,0,"D_0__Bacteria; D_1__Tenericutes; D_2__Mollicutes; D_3__Haloplasmatales; D_4__Haloplasmataceae; D_5__Haloplasma; D_6__uncultured bacterium"
"8f6e56ce9032e03b461cd6fd4afbdc6b",0,0,31,10,0,0,0,3,0,0,0,0,0,6,0,0,2,0,0,0,0,0,0,0,0,0,0,0,0,4,0,0,0,0,0,0,0,0,0,"D_0__Bacteria; D_1__WS1"
"ddec4f82a3ff75a700131c9694b7af9d",0,0,0,0,4,10,7,0,0,8,0,0,3,2,17,0,0,0,13,0,3,0,15,0,2,9,6,0,7,0,0,0,27,12,9,6,0,0,0,"D_0__Bacteria; D_1__Planctomycetes; D_2__Planctomycetacia; D_3__Pirellulales; D_4__Pirellulaceae"
"54c800d7fc44e048529c5310aeda3f97",0,0,3,0,19,3,0,0,0,9,14,0,0,3,0,0,92,0,0,0,0,141,0,0,0,0,0,8,0,95,8,0,0,3,0,0,0,58,0,"D_0__Bacteria; D_1__Spirochaetes; D_2__Leptospirae; D_3__Leptospirales; D_4__Leptospiraceae; D_5__RBG-16-49-21; D_6__uncultured organism"
"984c6b8f149cb66bb88046dff8414cc1",76,0,16,3,146,193,0,4,0,97,73,6,9,4,38,686,6,24,0,0,0,7,0,60,0,0,0,98,0,3,59,0,0,70,4,8,8,0,2,"D_0__Bacteria; D_1__Actinobacteria; D_2__Actinobacteria; D_3__Propionibacteriales; D_4__Propionibacteriaceae; D_5__Cutibacterium"
"23c567ea3d4cb88c2f4937af8a349e83",0,0,15,2,0,0,0,4,0,0,0,0,2,3,3,0,0,0,2,0,3,0,0,0,0,0,0,0,2,2,0,2,0,0,0,0,0,0,0,"D_0__Bacteria; D_1__Chloroflexi; D_2__Anaerolineae; D_3__SBR1031; D_4__uncultured organism; D_5__uncultured organism; D_6__uncultured organism"
"d1a4818be972a520a0a56a3da6788595",0,0,22,19,2,0,0,5,0,0,5,0,0,15,0,0,0,0,0,0,0,0,0,0,0,0,0,7,0,0,0,0,0,0,0,0,0,0,0,"D_0__Bacteria; D_1__Actinobacteria; D_2__Coriobacteriia; D_3__FS118-23B-02; Ambiguous_taxa; Ambiguous_taxa; Ambiguous_taxa"
"a3b6164b6b8e40a960ab768a7776fd24",0,0,0,0,0,0,0,0,0,0,3,0,0,0,0,7,0,0,0,0,0,0,0,0,0,0,0,0,0,0,0,0,0,0,0,0,0,0,0,"D_0__Bacteria; D_1__Firmicutes; D_2__Clostridia; D_3__Clostridiales; D_4__Peptococcaceae; D_5__Desulfotomaculum; D_6__Desulfotomaculum intricatum"
"5e483203cd1f6aa2110c9aca8501f879",0,0,0,0,6,83,2,0,0,74,0,0,4,0,2,0,0,1,2,0,0,0,0,0,0,0,0,2,2,0,0,0,0,0,0,3,0,0,0,"D_0__Bacteria; D_1__Bacteroidetes; D_2__Bacteroidia; D_3__Bacteroidales; D_4__Marinilabiliaceae; D_5__Marinilabilia; D_6__Marinilabilia nitratireducens"
"1037cb19d15a86d09c743bc0ddec03a1",0,0,0,4,0,0,0,0,0,0,0,0,0,0,0,0,0,0,4,3,3,0,0,0,0,0,0,0,0,0,0,3,0,0,0,0,0,0,0,"D_0__Bacteria; D_1__Chloroflexi; D_2__Anaerolineae; D_3__Anaerolineales; D_4__Anaerolineaceae; D_5__Pelolinea; D_6__uncultured bacterium"
"e3d3464efa00ba075a1850c92d47d121",0,0,0,0,0,0,0,0,2,0,0,0,0,0,0,0,0,0,2,15,2,0,3,0,0,0,0,0,2,0,0,14,0,0,0,0,0,0,0,"D_0__Bacteria; D_1__Firmicutes; D_2__Clostridia; D_3__Clostridiales; D_4__Family XII; D_5__Fusibacter"
"8ec48d14d187dd9f462a6dea415fd855",0,0,4,0,0,6,7,0,5,0,0,0,7,0,4,0,2,2,24,23,14,0,15,0,4,7,3,0,5,0,0,28,10,5,2,0,0,0,0,"D_0__Bacteria; D_1__Atribacteria; D_2__JS1"
"ba82d05b6b35abea95822910a7bb279c",0,0,0,0,0,0,0,0,0,0,0,0,5,0,0,0,0,3,2,0,0,0,0,0,0,0,0,0,0,0,0,0,0,0,0,0,0,0,0,"D_0__Bacteria; D_1__Firmicutes; D_2__Clostridia; D_3__Clostridiales; D_4__Clostridiaceae 4; D_5__Salimesophilobacter; Ambiguous_taxa"
"6399c4c9e39f833ecb3048ae4f41d615",4,0,0,0,0,0,3,0,0,2,0,0,5,0,0,0,0,5,0,9,3,4,0,4,0,0,0,2,0,0,0,7,0,3,0,3,0,0,0,"D_0__Bacteria; D_1__Marinimicrobia (SAR406 clade); D_2__uncultured bacterium; D_3__uncultured bacterium; D_4__uncultured bacterium; D_5__uncultured bacterium; D_6__uncultured bacterium"
"d37d51f9408be5f57a96fba8e35baaeb",2,0,8,0,0,0,0,0,0,0,0,0,0,3,0,0,2,0,0,0,0,0,0,0,0,0,0,0,0,0,0,0,0,0,0,2,0,0,0,"D_0__Bacteria; D_1__Chloroflexi; D_2__Dehalococcoidia; D_3__GIF9; D_4__AB-539-J10"
"ec654c6b7066fbaddfc1a2e24ecd1426",14,0,9,2,0,6,0,0,0,0,8,0,10,3,23,0,0,18,0,0,2,0,0,38,0,0,0,2,2,0,10,2,0,40,14,19,0,0,0,"D_0__Bacteria; D_1__Planctomycetes; D_2__Phycisphaerae; D_3__Phycisphaerales; D_4__AKAU3564 sediment group"
"c05b662086303492013f854ed3abed5c",0,0,0,0,53,6,0,0,0,0,0,0,0,0,0,0,0,0,0,0,0,0,0,0,0,0,0,24,0,0,0,0,0,0,0,0,0,0,0,"D_0__Bacteria; D_1__Proteobacteria; D_2__Gammaproteobacteria; D_3__Oceanospirillales; D_4__Halomonadaceae; D_5__Halomonas"
"8cfee7a80c35516ff507d79acb086f2a",8,0,0,0,0,0,0,0,0,0,0,0,0,0,0,0,0,0,0,0,0,0,0,6,0,0,0,0,0,0,0,0,0,0,0,0,0,0,0,"D_0__Bacteria; D_1__Proteobacteria; D_2__Gammaproteobacteria; D_3__Pseudomonadales; D_4__Moraxellaceae; D_5__Acinetobacter"
"680d8491ddd5b2d92d89668a3397ec7f",6,0,11,4,4,0,0,0,0,2,5,0,0,0,6,0,0,0,0,0,0,0,0,13,0,0,0,0,0,0,7,0,2,5,4,3,0,0,0,"D_0__Bacteria; D_1__Spirochaetes; D_2__Spirochaetia; D_3__Spirochaetales; D_4__Spirochaetaceae; D_5__Spirochaeta 2"
"d38d042fbc1ef490093495db2b5d4fe3",0,0,0,0,0,6,2,0,0,0,0,0,0,0,0,2,0,0,3,0,0,0,0,0,0,2,0,0,0,0,0,0,0,0,0,2,0,0,0,"D_0__Bacteria; D_1__WS1; D_2__uncultured organism; D_3__uncultured organism; D_4__uncultured organism; D_5__uncultured organism; D_6__uncultured organism"
"41f8dcf858225ca04cd6b8280cc060e1",15,0,0,0,0,0,0,0,0,0,0,0,8,0,0,0,0,5,2,0,0,0,0,25,0,0,0,0,0,0,0,0,0,3,2,3,0,0,0,"D_0__Bacteria; D_1__Firmicutes; D_2__Clostridia; D_3__Clostridiales; D_4__Peptococcaceae; D_5__Desulfotomaculum"
"d8aa05883d27d331900c866f3ab57886",0,0,2,0,3,7,0,0,0,3,0,0,4,0,0,0,0,0,0,0,0,3,0,0,0,0,0,2,0,0,0,0,0,3,0,0,0,4,0,"D_0__Bacteria; D_1__Proteobacteria; D_2__Gammaproteobacteria; D_3__Enterobacteriales; D_4__Enterobacteriaceae; D_5__Escherichia-Shigella"
"79c41e44debe5d9a7363af186ae4affe",3,0,0,0,0,5,0,0,0,1,0,0,0,2,0,9,0,0,3,0,3,0,0,6,0,0,0,0,2,0,0,0,0,0,4,2,0,0,0,"D_0__Bacteria; D_1__Spirochaetes; D_2__Spirochaetia; D_3__Spirochaetales; D_4__Spirochaetaceae; D_5__Sediminispirochaeta"
"cc7129877686bf039abed9f830de18cc",4,0,0,0,0,4,0,0,0,3,0,0,0,0,4,0,0,0,8,0,5,0,3,0,3,2,0,0,2,0,0,0,0,4,0,0,0,2,0,"D_0__Bacteria; D_1__Firmicutes; D_2__Clostridia; D_3__Clostridiales; D_4__Family XIII; D_5__uncultured; D_6__uncultured bacterium"
"5a50e1e3578e9c48a4920d467b401fb3",0,0,0,0,0,3,0,0,0,0,0,0,0,0,3,3,0,4,2,0,2,0,0,0,0,0,0,0,0,0,0,0,0,4,0,0,0,0,0,"D_0__Bacteria; D_1__Bacteroidetes; D_2__Bacteroidia; D_3__Bacteroidales; D_4__Bacteroidetes BD2-2"
"31ce753382c393cb5b3988c75fccdcde",3,0,0,0,0,0,0,0,5,0,0,0,4,0,0,2,0,0,0,0,5,0,0,2,0,0,0,0,4,0,0,0,2,0,0,0,0,0,0,"D_0__Bacteria; D_1__Bacteroidetes; D_2__Bacteroidia; D_3__Bacteroidales; D_4__Prolixibacteraceae; D_5__uncultured"
"bf2a584e87a1d8647066541b91527101",0,0,0,0,0,3,0,0,0,0,0,0,0,0,17,0,0,0,0,0,1,0,0,0,2,0,0,0,0,0,0,0,0,0,0,0,0,0,0,"D_0__Bacteria; D_1__Firmicutes; D_2__Clostridia; D_3__Thermoanaerobacterales; D_4__SRB2"
"86da387847aad31ddac64439a9ff8012",0,0,5,0,0,0,23,0,36,0,0,0,6,0,2,0,33,0,33,19,21,39,27,3,30,11,11,0,21,30,0,21,22,0,0,0,0,23,0,"D_0__Bacteria; D_1__Atribacteria; D_2__JS1; D_3__uncultured organism; D_4__uncultured organism; D_5__uncultured organism; D_6__uncultured organism"
"88fb2978856a38579e455d100a05aeaf",41,0,6,0,14,20,170,0,138,40,0,0,31,3,21,69,2,31,210,5,170,3,203,33,98,163,39,12,187,0,3,15,281,31,10,10,0,0,0,"D_0__Bacteria; D_1__Kiritimatiellaeota; D_2__Kiritimatiellae; D_3__113B434; D_4__uncultured bacterium; D_5__uncultured bacterium; D_6__uncultured bacterium"
"730109c93721220c6da9a35b18685caa",58,0,39,18,7,5,10,1,4,2,52,0,27,9,57,17,0,52,9,0,13,2,15,45,4,16,4,3,13,5,41,0,19,62,12,9,0,2,0,"D_0__Bacteria; D_1__Firmicutes; D_2__Clostridia; D_3__Clostridiales; D_4__Clostridiaceae 1; D_5__Proteiniclasticum; Ambiguous_taxa"
"9d8e726570f3e5379c7888f9dadc84ce",0,0,3,0,118,0,0,0,0,0,0,0,0,0,0,0,0,0,0,0,0,0,0,0,0,0,0,59,0,0,0,0,2,0,0,0,0,0,0,"D_0__Bacteria; D_1__Firmicutes; D_2__Clostridia; D_3__Clostridiales; D_4__Ruminococcaceae; D_5__Acetivibrio"
"59808d1fd8f01b70e535a85cd82dbe52",4,0,0,0,4,0,0,0,2,0,0,0,0,0,4,6,0,0,0,0,0,0,3,0,0,0,0,0,2,0,0,0,0,0,0,0,0,0,0,"D_0__Bacteria; D_1__Planctomycetes; D_2__Phycisphaerae; D_3__MSBL9; D_4__L21-RPul-D3; Ambiguous_taxa; Ambiguous_taxa"
"2e992520f2cceece23ce3cbf78709313",0,0,0,0,0,0,0,0,0,0,0,0,5,0,0,0,0,0,0,2,0,0,0,0,0,0,0,0,0,0,0,2,0,2,0,0,0,0,0,"D_0__Bacteria; D_1__TA06; D_2__uncultured bacterium; D_3__uncultured bacterium; D_4__uncultured bacterium; D_5__uncultured bacterium; D_6__uncultured bacterium"
"dca4220881db616e737379e09492c1b4",6,0,21,4,0,0,0,6,3,0,0,0,1,7,8,6,0,16,4,0,0,0,2,4,2,0,0,9,0,2,0,0,3,8,8,10,0,0,0,"D_0__Bacteria; D_1__Chloroflexi; D_2__Anaerolineae; D_3__Anaerolineales; D_4__Anaerolineaceae"
"66c632f888f02efeb7283d760dcc2539",22,0,6,7,7,4,0,0,0,0,9,0,10,8,0,3,0,13,0,0,2,0,0,12,0,0,0,4,0,0,22,0,0,5,3,4,0,0,0,"D_0__Bacteria; D_1__Planctomycetes; D_2__Phycisphaerae; D_3__MSBL9; D_4__SG8-4; D_5__Phycisphaerales bacterium Planc_01; D_6__Phycisphaerales bacterium Planc_01"
"28e86496afbc3040b5d70612d11cf012",11,0,0,0,0,6,0,0,0,0,3,0,0,0,3,14,0,1,0,0,0,0,0,10,0,0,0,0,0,0,1,0,0,0,0,3,2,1,0,"D_0__Bacteria; D_1__Firmicutes; D_2__Clostridia; D_3__Clostridiales; D_4__Peptococcaceae; D_5__uncultured; D_6__uncultured bacterium"
"d558543fd799fa13c5da1c93fee9f6b2",2,0,2,0,0,0,2,0,0,0,0,0,0,0,2,0,0,2,0,0,0,0,4,0,0,2,0,0,3,0,0,3,3,0,0,0,0,0,0,"D_0__Bacteria; D_1__Bacteroidetes; D_2__Bacteroidia; D_3__Bacteroidales; D_4__Prolixibacteraceae; D_5__uncultured"
"d5718d5f15fc4328e6b87db794471902",2,0,0,0,8,3,0,0,0,0,0,0,3,0,0,2,0,0,0,0,0,0,2,4,3,0,0,0,0,0,0,0,3,0,0,0,0,0,0,"D_0__Bacteria; D_1__Spirochaetes; D_2__Spirochaetia; D_3__Spirochaetales; D_4__Spirochaetaceae; D_5__Sphaerochaeta; D_6__bacterium enrichment culture clone M235"
"effb5813ad07280a3a0f95a48a6bbbf0",0,0,8,0,0,0,2,3,0,0,0,0,2,0,7,0,0,4,4,4,2,0,6,0,3,6,0,0,8,0,2,2,2,0,10,9,0,0,0,"D_0__Bacteria; D_1__Firmicutes; D_2__Clostridia; D_3__Clostridiales; D_4__Christensenellaceae; D_5__uncultured"
"717d9ec984656d83b49823c04ed1e137",2,0,6,2,2,11,29,3,43,4,0,0,3,0,0,0,8,4,55,25,56,16,66,3,41,30,17,0,60,9,0,45,48,1,0,2,0,8,0,"D_0__Bacteria; D_1__Atribacteria; D_2__JS1; D_3__uncultured organism; D_4__uncultured organism; D_5__uncultured organism; D_6__uncultured organism"
"ccbdf8ab0053c2e92c74b04851fc6820",16,0,13,8,23,0,0,3,0,0,0,0,3,6,7,2,30,3,0,0,0,37,0,13,0,0,0,10,0,0,0,0,0,10,5,6,0,0,2,"D_0__Bacteria; D_1__Proteobacteria; D_2__Deltaproteobacteria; D_3__SAR324 clade(Marine group B); D_4__uncultured bacterium zdt-33i5; D_5__uncultured bacterium zdt-33i5; D_6__uncultured bacterium zdt-33i5"
"d641b236e727cccac254ef9393fadf22",27,0,0,0,0,28,0,0,0,5,2,6,2,0,3,38,0,5,0,0,3,0,0,27,0,0,0,0,0,14,0,0,0,4,2,2,10,11,0,"D_0__Bacteria; D_1__Firmicutes; D_2__Clostridia; D_3__Clostridiales; D_4__Peptococcaceae; D_5__uncultured; D_6__uncultured bacterium"
"5f18ef4bf14e1640a30b710979b94967",0,0,3,2,0,0,14,0,8,0,0,0,10,4,2,6,5,7,11,13,7,0,14,0,11,7,3,0,8,9,0,12,13,0,0,0,0,8,0,"D_0__Bacteria; D_1__Chloroflexi; D_2__Anaerolineae; D_3__Anaerolineales; D_4__Anaerolineaceae; D_5__ADurb.Bin120; D_6__uncultured Anaerolineaceae bacterium"
"c41f4453d3b5c7c14c92767847a3b38e",67,0,0,0,20,50,22,0,6,31,27,0,70,0,81,42,0,42,37,3,26,0,51,74,8,25,11,15,22,0,27,4,38,72,72,87,3,0,0,"D_0__Bacteria; D_1__Bacteroidetes; D_2__Bacteroidia; D_3__Bacteroidales; D_4__Prolixibacteraceae; D_5__uncultured; Ambiguous_taxa"
"1965368d9686719bdb5d294cc3e34965",0,0,5,0,0,0,0,2,0,0,0,0,0,2,0,4,0,0,0,0,0,4,0,0,0,0,0,0,0,0,2,0,0,2,0,0,0,0,0,"D_0__Bacteria; D_1__Chloroflexi; D_2__Dehalococcoidia; D_3__GIF9; D_4__AB-539-J10; D_5__uncultured bacterium; D_6__uncultured bacterium"
"4753bcc3c464929fafc115d88c0abad3",0,0,3,0,0,0,0,0,0,0,13,0,7,3,3,0,0,8,2,0,0,0,0,0,0,0,0,0,0,0,26,0,0,0,0,0,0,0,0,"D_0__Bacteria; D_1__Firmicutes; D_2__Clostridia; D_3__Clostridiales; D_4__Clostridiaceae 3"
"efd1f77cdcdbe35b56ed9ddb461ad404",0,0,0,0,0,0,3,0,0,0,0,2,8,0,0,0,0,0,0,0,4,0,0,0,0,3,1,0,0,0,0,0,3,0,0,0,0,0,0,"D_0__Bacteria; D_1__Proteobacteria; D_2__Deltaproteobacteria; D_3__Desulfuromonadales; D_4__Desulfuromonadaceae; D_5__Pelobacter; D_6__uncultured delta proteobacterium"
"066836e363a0d509d739c79985bda023",0,0,0,0,0,0,0,0,2,0,0,0,0,0,0,0,0,0,4,1,0,0,1,0,1,0,0,0,1,0,0,0,0,0,0,0,0,0,0,"D_0__Bacteria; D_1__Chloroflexi; D_2__Anaerolineae; D_3__Anaerolineales; D_4__Anaerolineaceae; D_5__ADurb.Bin120"
"eb0094370b15e2a88e3cf79f58bb78b4",8,0,0,0,5,8,0,0,3,6,3,0,4,0,12,0,0,6,2,0,0,0,0,16,4,0,0,2,0,0,0,0,2,13,4,7,0,0,0,"D_0__Bacteria; D_1__Latescibacteria; D_2__Latescibacteria; D_3__Latescibacterales; D_4__Latescibacteraceae; D_5__Candidatus Latescibacter; D_6__uncultured bacterium"
"3cc986852b03fdc91ae03b2458ef7208",0,0,0,0,0,0,7,0,3,0,0,0,0,0,0,0,0,0,8,0,11,0,6,0,4,0,4,0,3,0,0,0,4,0,0,0,0,0,0,"D_0__Bacteria; D_1__Bacteroidetes; D_2__Bacteroidia; D_3__Bacteroidales; D_4__Prolixibacteraceae; D_5__uncultured"
"7a8c240b151ef3576dbdf12bda90e8ed",0,13,0,0,0,9,0,0,0,4,0,0,0,0,0,0,0,0,0,0,0,0,0,0,0,0,0,5,0,0,0,0,0,0,0,0,0,0,34,"D_0__Bacteria; D_1__Firmicutes; D_2__Clostridia; D_3__Clostridiales; D_4__Ruminococcaceae; D_5__Ruminiclostridium; D_6__uncultured organism"
"4be485f30975cfb8441cef38a78804b7",0,0,3,0,0,9,28,0,23,3,3,0,2,0,0,0,2,6,39,22,34,0,33,0,29,18,12,0,33,0,0,17,38,3,2,0,0,0,0,"D_0__Bacteria; D_1__Bacteroidetes; D_2__Bacteroidia; D_3__Bacteroidales; D_4__Marinilabiliaceae; D_5__uncultured; D_6__bacterium YC-ZSS-LKJ7"
"05b82d9000fad46cad834b9d77aca5ef",3,0,12,0,0,5,25,1,21,0,0,0,5,0,2,0,38,6,23,6,25,83,26,5,31,14,8,0,23,76,0,12,31,0,2,4,0,77,0,"D_0__Bacteria; D_1__Chloroflexi; D_2__Anaerolineae; D_3__Anaerolineales; D_4__Anaerolineaceae; D_5__ADurb.Bin120; D_6__uncultured Chloroflexi bacterium"
"66f11f8d55fd2c9f22992f1cc3feec12",7,0,4,2,0,2,2,4,2,0,0,0,5,0,5,2,0,15,2,0,3,0,3,6,0,0,0,2,0,0,4,0,2,18,6,9,0,0,0,"D_0__Bacteria; D_1__Firmicutes; D_2__Clostridia; D_3__Clostridiales; D_4__Christensenellaceae; D_5__uncultured"
"38a91ecd9a94a5ab55ab38a7cf2c5667",0,0,0,2,0,0,0,0,2,0,0,0,7,0,2,0,0,0,3,0,4,0,0,0,0,0,0,0,2,0,0,7,2,0,0,0,0,0,0,"D_0__Bacteria; D_1__Spirochaetes; D_2__Spirochaetia; D_3__Spirochaetales; D_4__Spirochaetaceae"
"0b6a3ecb0202719d37d2b31a9b5d2d92",2,0,0,0,0,0,0,0,0,0,0,0,0,0,0,0,0,0,0,0,0,0,0,11,0,0,0,0,0,0,0,0,0,0,0,0,0,0,0,"D_0__Bacteria; D_1__Firmicutes; D_2__Bacilli; D_3__Bacillales; D_4__Planococcaceae; D_5__Rummeliibacillus"
"5a098c15fadb524cb690692d26036811",3,0,0,0,0,2,0,0,1,0,0,4,0,0,0,24,0,0,0,0,0,0,0,11,8,0,0,0,0,0,0,0,0,0,0,0,3,4,0,"D_0__Bacteria; D_1__Firmicutes; D_2__Clostridia; D_3__Clostridiales; D_4__Peptococcaceae; D_5__Desulfotomaculum; D_6__Desulfotomaculum defluvii"
"2f4824c3f6d5d91a6b0011ebca6cac25",134,0,0,0,0,0,0,0,0,0,0,0,0,0,1,0,0,0,0,0,0,0,0,180,0,0,0,0,0,0,0,0,0,0,0,0,0,0,0,"D_0__Bacteria; D_1__Firmicutes; D_2__Clostridia; D_3__Clostridiales; D_4__Syntrophomonadaceae; D_5__Syntrophomonas"
"e97f974777497faaea546656f760d292",0,0,0,0,0,0,0,0,0,0,0,0,0,0,0,13,0,0,0,0,0,0,0,4,0,0,0,0,0,0,0,0,0,0,2,0,0,0,0,"D_0__Bacteria; D_1__Firmicutes; D_2__Clostridia; D_3__Clostridiales; D_4__Clostridiaceae 1; D_5__Oxobacter"
"cc7174fa3dd70d0d66d926f1fdf1e9a5",0,0,0,0,0,2,5,0,6,0,5,0,4,0,0,10,0,0,14,3,21,0,6,8,0,4,0,0,12,0,0,0,0,0,0,1,0,0,0,"D_0__Bacteria; D_1__Bacteroidetes; D_2__Bacteroidia; D_3__Bacteroidales; D_4__Prolixibacteraceae; D_5__uncultured"
"185f1bfc2e2df44058fe3db076dd700f",0,0,0,0,0,0,0,0,0,0,0,0,0,0,0,0,0,0,0,6,0,0,0,6,0,0,0,0,0,0,0,0,0,0,0,0,0,0,0,"D_0__Bacteria; D_1__Firmicutes; D_2__Clostridia; D_3__Clostridiales; D_4__Family XI"
"26362af38b93fe0554d8c2711f3557fa",0,0,0,0,3,0,0,0,0,0,0,0,0,0,0,7,0,0,0,0,0,0,0,0,0,0,0,0,0,0,0,0,0,0,0,0,0,0,0,"D_0__Bacteria; D_1__Proteobacteria; D_2__Gammaproteobacteria; D_3__Betaproteobacteriales; D_4__Neisseriaceae; D_5__uncultured"
"c5631d8c4107e83b9c8284cc281a2394",0,0,3,0,0,2,0,0,0,0,3,0,0,0,0,0,0,0,0,0,0,0,0,0,0,0,0,0,0,0,2,0,2,0,0,0,0,0,0,"D_0__Bacteria; D_1__Spirochaetes; D_2__Leptospirae; D_3__Leptospirales; D_4__Leptospiraceae; D_5__uncultured; Ambiguous_taxa"
"ca7ad43e01d4084fe03f2a82987f3703",0,0,0,0,0,0,0,0,0,0,0,0,0,0,0,0,0,0,7,0,2,0,0,0,0,0,0,0,0,2,0,0,0,0,0,0,0,0,1,"D_0__Bacteria; D_1__Firmicutes; D_2__Clostridia; D_3__Clostridiales; D_4__Clostridiaceae 1; D_5__Proteiniclasticum; Ambiguous_taxa"
"eb554dd303a47b1e9079e806bb00a2dc",20,0,4,0,0,4,0,0,0,0,6,0,0,0,0,0,0,0,0,0,0,0,0,30,0,0,0,5,0,0,7,0,0,0,0,4,0,0,0,"D_0__Bacteria; D_1__Firmicutes; D_2__Clostridia; D_3__Clostridiales; D_4__Clostridiaceae 1; D_5__Oxobacter; D_6__uncultured bacterium"
"19b492038943598a8d7b78e18e94bd62",0,0,3,0,0,0,0,0,0,0,0,0,0,2,0,0,0,0,0,2,0,0,0,2,0,0,0,0,0,0,0,0,2,0,2,0,0,0,0,"D_0__Bacteria; D_1__Chloroflexi; D_2__Dehalococcoidia"
"90edf7a8f88b76f6e02a32ee2a5a7400",2,0,0,0,0,0,0,0,0,0,0,0,0,0,0,0,0,2,0,0,0,0,0,0,0,0,0,0,0,0,0,0,0,12,0,0,0,0,0,"D_0__Bacteria; D_1__Firmicutes; D_2__Clostridia; D_3__Clostridiales; D_4__Clostridiaceae 4; D_5__Crassaminicella; D_6__uncultured Firmicutes bacterium"
"ef6425131df6835cebd03ffa40b8ab55",0,0,0,0,2,0,0,0,0,0,0,0,0,0,0,8,0,0,0,0,0,0,0,0,0,0,0,0,0,0,0,0,0,0,0,0,0,0,0,"D_0__Bacteria; D_1__Firmicutes; D_2__Clostridia; D_3__Clostridiales; D_4__Ruminococcaceae"
"e3bf20c1fb9b3327989ad8f20029c6fd",4,0,3,0,0,0,0,0,0,0,0,0,0,0,0,0,0,0,0,0,0,0,0,3,0,0,0,0,0,0,0,0,0,0,3,3,0,0,0,"D_0__Bacteria; D_1__Latescibacteria; D_2__Latescibacteria; D_3__Latescibacterales; D_4__Latescibacteraceae; D_5__Candidatus Latescibacter"
"8db22fa9f1e809ead0aba7f6687681ca",12,0,3,0,0,0,0,0,0,4,1,0,0,0,0,0,0,3,0,0,0,0,0,0,0,0,0,0,0,4,0,0,0,0,0,0,3,1,0,"D_0__Bacteria; D_1__Firmicutes; D_2__Clostridia; D_3__Clostridiales; D_4__Peptococcaceae; D_5__uncultured; D_6__uncultured bacterium"
"af24165e2b805a142d5a9b2b34cfd79f",0,0,0,0,0,0,0,0,0,0,0,0,0,0,0,0,0,0,0,0,0,0,0,0,0,0,0,12,0,0,2,0,0,0,0,0,0,0,0,"D_0__Bacteria; D_1__Firmicutes; D_2__Clostridia; D_3__Clostridiales; D_4__Clostridiaceae 1; D_5__Oxobacter"
"3b8934a2c5107e46ab58387b65ee622b",0,0,2,0,0,0,0,0,0,0,0,0,0,0,0,0,0,0,0,0,4,3,0,0,0,2,0,0,2,2,0,0,0,2,0,3,0,2,0,"D_0__Bacteria; D_1__Atribacteria; D_2__Caldatribacteriia; D_3__Caldatribacteriales; D_4__Caldatribacteriaceae; D_5__Candidatus Caldatribacterium; D_6__uncultured bacterium"
"b9e3db1b2166870ea15e8a47ef169447",0,0,0,0,0,0,2,0,0,0,0,0,0,0,4,0,0,0,0,0,0,0,0,3,1,0,0,0,0,0,0,0,0,0,0,0,0,0,0,"D_0__Bacteria; D_1__Firmicutes; D_2__Clostridia; D_3__Clostridiales; D_4__Peptococcaceae"
"963865fdce1a9de1732ec2544ffcd87d",0,0,0,0,0,3,0,0,0,5,0,0,0,0,0,3,0,0,0,0,0,0,0,0,0,0,0,0,0,0,0,0,0,0,0,0,0,0,0,"D_0__Bacteria; D_1__Firmicutes; D_2__Clostridia; D_3__Clostridiales; D_4__Lachnospiraceae; D_5__Cellulosilyticum; D_6__uncultured bacterium"
"656948187f5608155c91c91269e81300",23,0,4,0,0,2,0,0,5,0,4,0,1,0,18,0,0,1,0,0,0,0,0,34,2,0,0,0,0,0,14,0,0,2,0,0,0,0,0,"D_0__Bacteria; D_1__Firmicutes; D_2__Bacilli; D_3__Bacillales; D_4__Bacillaceae; D_5__Bacillus"
"0d1ed626ec89af7ee67b1e9d1126c6f0",1,0,0,0,0,3,0,0,0,2,0,0,5,0,1,0,0,4,0,0,4,0,0,8,4,3,0,0,0,0,0,0,2,4,0,0,0,0,0,"D_0__Bacteria; D_1__Firmicutes; D_2__Clostridia; D_3__Clostridiales; D_4__MAT-CR-H4-C10; D_5__uncultured bacterium; D_6__uncultured bacterium"
"1ac5ec0212e1d696e6d208ea4bdb3f3d",2,0,0,0,5,9,14,0,9,4,0,0,0,0,6,0,0,4,3,2,6,0,20,1,4,14,2,0,6,0,0,2,12,0,0,5,0,0,0,"D_0__Bacteria; D_1__Proteobacteria; D_2__Deltaproteobacteria; D_3__Desulfobacterales; D_4__Desulfobacteraceae; D_5__uncultured; D_6__bacterium enrichment culture clone Oil_10"
"4d4a41fc5fdd98c0288fe503f4959c06",0,0,0,0,2,0,0,0,0,3,0,0,0,0,0,0,0,0,0,0,2,0,0,0,0,0,0,6,0,0,0,0,0,0,0,0,0,0,0,"D_0__Bacteria; D_1__Firmicutes; D_2__Clostridia; D_3__Clostridiales; D_4__Peptococcaceae; D_5__uncultured"
"1c4b355d013424ac9d7e3adb7d933688",0,0,0,0,0,0,0,0,0,0,0,0,0,0,0,10,0,0,0,0,0,0,0,0,0,0,0,0,0,0,0,0,0,0,0,0,0,0,0,"D_0__Bacteria; D_1__Firmicutes; D_2__Clostridia; D_3__Clostridiales; D_4__Family XI; D_5__Anaerococcus; D_6__uncultured organism"
"f2943ceb71a0807a165e4d45094a74a1",11,0,0,0,0,0,0,0,0,0,0,0,0,0,3,0,0,3,0,0,0,0,0,21,0,0,0,0,0,0,0,0,0,8,2,5,0,0,0,"D_0__Bacteria; D_1__Firmicutes; D_2__Clostridia; D_3__Clostridiales; D_4__Ruminococcaceae; D_5__Ruminococcaceae UCG-010"
"da622a41ed8b823fde1a035183517e4a",0,0,0,0,0,0,0,0,0,0,0,0,4,0,2,0,0,0,0,0,0,0,0,0,0,0,0,0,0,0,0,0,0,0,3,2,0,0,0,"D_0__Bacteria; D_1__BRC1; D_2__uncultured organism; D_3__uncultured organism; D_4__uncultured organism; D_5__uncultured organism; D_6__uncultured organism"
"5d2ca13c64c31da849d8724229602b5f",2,0,0,0,1,6,0,0,0,4,0,0,0,0,0,0,0,0,0,0,3,0,7,2,0,4,0,3,7,0,0,0,8,0,0,4,0,0,0,"D_0__Bacteria; D_1__Proteobacteria; D_2__Deltaproteobacteria; D_3__Desulfobacterales; D_4__Desulfobacteraceae; D_5__Desulfofaba; D_6__Desulfofaba fastidiosa"
"f72981bb732bde6c2747f3a139884b53",0,0,0,0,0,0,0,0,0,0,0,0,0,0,7,0,0,2,0,0,0,0,0,0,0,0,0,3,0,0,0,0,0,0,0,0,0,0,0,"D_0__Bacteria; D_1__Firmicutes; D_2__Clostridia; D_3__Clostridiales; D_4__Peptococcaceae; D_5__uncultured; D_6__uncultured bacterium"
"2e4d6c0aaab223e5cc1a076ec2f20b9e",0,0,0,0,0,1,0,0,0,0,2,0,5,0,0,0,0,0,0,0,0,0,2,4,0,0,0,0,0,0,0,0,0,0,0,2,0,0,0,"D_0__Bacteria; D_1__Firmicutes; D_2__Clostridia; D_3__Clostridiales; D_4__Clostridiaceae 4"
"8fd304da036f9fff0c2eb943d2d06b05",0,0,0,0,0,0,0,0,0,0,0,0,0,0,0,0,0,0,0,4,0,0,0,0,0,0,0,0,0,0,0,11,0,0,0,0,0,0,0,"D_0__Bacteria; D_1__Proteobacteria; D_2__Gammaproteobacteria; D_3__Alteromonadales; D_4__Marinobacteraceae; D_5__Marinobacter"
"bc90d2eb668814ee4adbac0719da486d",0,0,0,0,0,0,0,0,2,0,0,0,0,0,0,4,0,0,0,0,2,0,0,0,0,0,0,0,0,0,0,0,2,0,0,0,0,0,0,"D_0__Bacteria; D_1__Firmicutes; D_2__Clostridia; D_3__Clostridiales"
"80b09d2780cafb1e47df04e456ff5f9d",0,0,0,0,6,2,7,0,0,0,0,0,2,0,0,1,0,5,13,0,3,0,0,0,0,4,2,0,7,0,0,4,12,3,0,0,0,0,0,"D_0__Bacteria; D_1__Spirochaetes; D_2__Spirochaetia; D_3__Spirochaetales; D_4__Spirochaetaceae; D_5__Sphaerochaeta; D_6__bacterium enrichment culture clone M235"
"20a01ddcf5d41a9e9fc71f877304d2f0",11,0,0,0,0,0,0,0,0,0,0,0,0,0,0,4,0,2,0,0,0,0,0,8,2,0,0,0,0,0,0,0,0,0,3,3,0,0,0,"D_0__Bacteria; D_1__Firmicutes; D_2__Clostridia; D_3__Clostridiales; D_4__Christensenellaceae; D_5__Christensenellaceae R-7 group"
"c2cbbb5f93c9d394eaa83a3b0179df8f",2,0,0,0,0,3,3,0,2,0,0,0,0,0,0,3,0,0,0,0,4,0,4,0,2,3,0,0,3,0,0,0,0,0,2,0,0,0,0,"D_0__Bacteria; D_1__Firmicutes; D_2__Clostridia; D_3__Clostridiales; D_4__Ruminococcaceae"
"cc613af7f8254b3574360e94ef4970a1",0,0,0,0,0,1,8,0,6,0,0,0,2,0,4,0,4,0,8,11,10,0,10,0,7,4,0,0,5,0,0,9,0,0,0,0,0,0,0,"D_0__Bacteria; D_1__Bacteroidetes; D_2__Bacteroidia; D_3__Bacteroidales; D_4__Bacteroidetes BD2-2"
"9ea942f20226b28b1e42e5dade6fc0e4",0,0,0,0,0,6,0,0,0,11,0,0,0,0,0,3,0,0,0,0,0,0,0,5,0,0,0,0,0,0,0,0,0,0,0,0,0,0,0,"D_0__Bacteria; D_1__Planctomycetes; D_2__Phycisphaerae; D_3__MSBL9; D_4__4572-13; D_5__uncultured bacterium; D_6__uncultured bacterium"
"c0d06a8e30c3752d9a79c57645e73c57",0,0,0,0,0,0,2,0,3,0,0,0,0,0,0,0,1,0,2,2,0,1,0,0,0,0,0,0,0,3,0,3,0,0,0,0,0,3,0,"D_0__Bacteria; D_1__Synergistetes; D_2__Synergistia; D_3__Synergistales; D_4__Synergistaceae; D_5__Thermovirga"
"98a93d68f428c2876fefdc2435eb5c8f",0,0,0,0,34,13,0,0,0,2,14,0,0,2,0,10,0,0,0,0,0,0,0,0,0,0,0,9,0,0,3,0,0,4,0,0,0,0,0,"D_0__Bacteria; D_1__Proteobacteria; D_2__Gammaproteobacteria; D_3__Pseudomonadales; D_4__Moraxellaceae; D_5__Acinetobacter"
